2025-03-08 11:46:38,116:WARNING:
'cuml' is a soft dependency and not included in the pycaret installation. Please run: `pip install cuml` to install.
2025-03-08 11:46:38,116:WARNING:
'cuml' is a soft dependency and not included in the pycaret installation. Please run: `pip install cuml` to install.
2025-03-08 11:46:38,116:WARNING:
'cuml' is a soft dependency and not included in the pycaret installation. Please run: `pip install cuml` to install.
2025-03-08 11:46:38,116:WARNING:
'cuml' is a soft dependency and not included in the pycaret installation. Please run: `pip install cuml` to install.
2025-03-08 11:47:43,488:WARNING:
'cuml' is a soft dependency and not included in the pycaret installation. Please run: `pip install cuml` to install.
2025-03-08 11:47:43,488:WARNING:
'cuml' is a soft dependency and not included in the pycaret installation. Please run: `pip install cuml` to install.
2025-03-08 11:47:43,489:WARNING:
'cuml' is a soft dependency and not included in the pycaret installation. Please run: `pip install cuml` to install.
2025-03-08 11:47:43,489:WARNING:
'cuml' is a soft dependency and not included in the pycaret installation. Please run: `pip install cuml` to install.
2025-03-08 13:51:24,751:WARNING:
'cuml' is a soft dependency and not included in the pycaret installation. Please run: `pip install cuml` to install.
2025-03-08 13:51:24,751:WARNING:
'cuml' is a soft dependency and not included in the pycaret installation. Please run: `pip install cuml` to install.
2025-03-08 13:51:24,751:WARNING:
'cuml' is a soft dependency and not included in the pycaret installation. Please run: `pip install cuml` to install.
2025-03-08 13:51:24,751:WARNING:
'cuml' is a soft dependency and not included in the pycaret installation. Please run: `pip install cuml` to install.
2025-03-08 13:51:25,279:INFO:PyCaret ClassificationExperiment
2025-03-08 13:51:25,279:INFO:Logging name: clf-default-name
2025-03-08 13:51:25,279:INFO:ML Usecase: MLUsecase.CLASSIFICATION
2025-03-08 13:51:25,279:INFO:version 3.3.2
2025-03-08 13:51:25,279:INFO:Initializing setup()
2025-03-08 13:51:25,279:INFO:self.USI: 6145
2025-03-08 13:51:25,279:INFO:self._variable_keys: {'seed', '_available_plots', 'X', 'fold_shuffle_param', 'fold_generator', 'USI', 'pipeline', 'data', 'target_param', 'X_test', 'y_test', 'fix_imbalance', 'y_train', 'exp_id', 'log_plots_param', 'logging_param', 'y', '_ml_usecase', 'memory', 'html_param', 'idx', 'n_jobs_param', 'gpu_param', 'fold_groups_param', 'is_multiclass', 'X_train', 'exp_name_log', 'gpu_n_jobs_param'}
2025-03-08 13:51:25,279:INFO:Checking environment
2025-03-08 13:51:25,279:INFO:python_version: 3.11.11
2025-03-08 13:51:25,279:INFO:python_build: ('main', 'Dec 11 2024 16:34:19')
2025-03-08 13:51:25,279:INFO:machine: AMD64
2025-03-08 13:51:25,279:INFO:platform: Windows-10-10.0.19045-SP0
2025-03-08 13:51:25,283:INFO:Memory: svmem(total=17068290048, available=6322270208, percent=63.0, used=10746019840, free=6322270208)
2025-03-08 13:51:25,283:INFO:Physical Core: 6
2025-03-08 13:51:25,283:INFO:Logical Core: 12
2025-03-08 13:51:25,283:INFO:Checking libraries
2025-03-08 13:51:25,283:INFO:System:
2025-03-08 13:51:25,283:INFO:    python: 3.11.11 | packaged by Anaconda, Inc. | (main, Dec 11 2024, 16:34:19) [MSC v.1929 64 bit (AMD64)]
2025-03-08 13:51:25,283:INFO:executable: D:\Anaconda\envs\python_311_env\python.exe
2025-03-08 13:51:25,283:INFO:   machine: Windows-10-10.0.19045-SP0
2025-03-08 13:51:25,283:INFO:PyCaret required dependencies:
2025-03-08 13:51:25,344:INFO:                 pip: 25.0
2025-03-08 13:51:25,344:INFO:          setuptools: 75.8.0
2025-03-08 13:51:25,344:INFO:             pycaret: 3.3.2
2025-03-08 13:51:25,344:INFO:             IPython: 9.0.1
2025-03-08 13:51:25,344:INFO:          ipywidgets: 8.1.5
2025-03-08 13:51:25,344:INFO:                tqdm: 4.67.1
2025-03-08 13:51:25,344:INFO:               numpy: 1.26.4
2025-03-08 13:51:25,344:INFO:              pandas: 2.1.4
2025-03-08 13:51:25,344:INFO:              jinja2: 3.1.6
2025-03-08 13:51:25,344:INFO:               scipy: 1.11.4
2025-03-08 13:51:25,344:INFO:              joblib: 1.3.2
2025-03-08 13:51:25,344:INFO:             sklearn: 1.4.2
2025-03-08 13:51:25,345:INFO:                pyod: 2.0.3
2025-03-08 13:51:25,345:INFO:            imblearn: 0.13.0
2025-03-08 13:51:25,345:INFO:   category_encoders: 2.7.0
2025-03-08 13:51:25,345:INFO:            lightgbm: 4.6.0
2025-03-08 13:51:25,345:INFO:               numba: 0.61.0
2025-03-08 13:51:25,345:INFO:            requests: 2.32.3
2025-03-08 13:51:25,345:INFO:          matplotlib: 3.7.5
2025-03-08 13:51:25,345:INFO:          scikitplot: 0.3.7
2025-03-08 13:51:25,345:INFO:         yellowbrick: 1.5
2025-03-08 13:51:25,345:INFO:              plotly: 5.24.1
2025-03-08 13:51:25,345:INFO:    plotly-resampler: Not installed
2025-03-08 13:51:25,345:INFO:             kaleido: 0.2.1
2025-03-08 13:51:25,345:INFO:           schemdraw: 0.15
2025-03-08 13:51:25,345:INFO:         statsmodels: 0.14.4
2025-03-08 13:51:25,345:INFO:              sktime: 0.26.0
2025-03-08 13:51:25,345:INFO:               tbats: 1.1.3
2025-03-08 13:51:25,345:INFO:            pmdarima: 2.0.4
2025-03-08 13:51:25,345:INFO:              psutil: 7.0.0
2025-03-08 13:51:25,345:INFO:          markupsafe: 3.0.2
2025-03-08 13:51:25,345:INFO:             pickle5: Not installed
2025-03-08 13:51:25,345:INFO:         cloudpickle: 3.1.1
2025-03-08 13:51:25,345:INFO:         deprecation: 2.1.0
2025-03-08 13:51:25,345:INFO:              xxhash: 3.5.0
2025-03-08 13:51:25,345:INFO:           wurlitzer: Not installed
2025-03-08 13:51:25,345:INFO:PyCaret optional dependencies:
2025-03-08 13:51:25,366:INFO:                shap: Not installed
2025-03-08 13:51:25,366:INFO:           interpret: Not installed
2025-03-08 13:51:25,366:INFO:                umap: Not installed
2025-03-08 13:51:25,366:INFO:     ydata_profiling: Not installed
2025-03-08 13:51:25,366:INFO:  explainerdashboard: Not installed
2025-03-08 13:51:25,366:INFO:             autoviz: Not installed
2025-03-08 13:51:25,366:INFO:           fairlearn: Not installed
2025-03-08 13:51:25,366:INFO:          deepchecks: Not installed
2025-03-08 13:51:25,366:INFO:             xgboost: Not installed
2025-03-08 13:51:25,366:INFO:            catboost: Not installed
2025-03-08 13:51:25,366:INFO:              kmodes: Not installed
2025-03-08 13:51:25,366:INFO:             mlxtend: Not installed
2025-03-08 13:51:25,366:INFO:       statsforecast: Not installed
2025-03-08 13:51:25,366:INFO:        tune_sklearn: Not installed
2025-03-08 13:51:25,366:INFO:                 ray: Not installed
2025-03-08 13:51:25,366:INFO:            hyperopt: Not installed
2025-03-08 13:51:25,366:INFO:              optuna: Not installed
2025-03-08 13:51:25,366:INFO:               skopt: Not installed
2025-03-08 13:51:25,366:INFO:              mlflow: Not installed
2025-03-08 13:51:25,366:INFO:              gradio: Not installed
2025-03-08 13:51:25,366:INFO:             fastapi: Not installed
2025-03-08 13:51:25,366:INFO:             uvicorn: Not installed
2025-03-08 13:51:25,366:INFO:              m2cgen: Not installed
2025-03-08 13:51:25,366:INFO:           evidently: Not installed
2025-03-08 13:51:25,366:INFO:               fugue: Not installed
2025-03-08 13:51:25,366:INFO:           streamlit: Not installed
2025-03-08 13:51:25,366:INFO:             prophet: Not installed
2025-03-08 13:51:25,366:INFO:None
2025-03-08 13:51:25,367:INFO:Set up data.
2025-03-08 13:51:25,634:INFO:Set up folding strategy.
2025-03-08 13:51:25,635:INFO:Set up train/test split.
2025-03-08 13:51:25,828:INFO:Set up index.
2025-03-08 13:51:25,839:INFO:Assigning column types.
2025-03-08 13:51:25,908:INFO:Engine successfully changes for model 'lr' to 'sklearn'.
2025-03-08 13:51:25,944:INFO:Engine for model 'knn' has not been set explicitly, hence returning None.
2025-03-08 13:51:25,947:INFO:Engine for model 'rbfsvm' has not been set explicitly, hence returning None.
2025-03-08 13:51:25,976:WARNING:
'xgboost' is a soft dependency and not included in the pycaret installation. Please run: `pip install xgboost` to install.
Alternately, you can install this by running `pip install pycaret[models]`
2025-03-08 13:51:25,976:WARNING:
'catboost' is a soft dependency and not included in the pycaret installation. Please run: `pip install catboost` to install.
Alternately, you can install this by running `pip install pycaret[models]`
2025-03-08 13:51:26,011:INFO:Engine for model 'knn' has not been set explicitly, hence returning None.
2025-03-08 13:51:26,012:INFO:Engine for model 'rbfsvm' has not been set explicitly, hence returning None.
2025-03-08 13:51:26,036:WARNING:
'xgboost' is a soft dependency and not included in the pycaret installation. Please run: `pip install xgboost` to install.
Alternately, you can install this by running `pip install pycaret[models]`
2025-03-08 13:51:26,036:WARNING:
'catboost' is a soft dependency and not included in the pycaret installation. Please run: `pip install catboost` to install.
Alternately, you can install this by running `pip install pycaret[models]`
2025-03-08 13:51:26,036:INFO:Engine successfully changes for model 'knn' to 'sklearn'.
2025-03-08 13:51:26,073:INFO:Engine for model 'rbfsvm' has not been set explicitly, hence returning None.
2025-03-08 13:51:26,095:WARNING:
'xgboost' is a soft dependency and not included in the pycaret installation. Please run: `pip install xgboost` to install.
Alternately, you can install this by running `pip install pycaret[models]`
2025-03-08 13:51:26,096:WARNING:
'catboost' is a soft dependency and not included in the pycaret installation. Please run: `pip install catboost` to install.
Alternately, you can install this by running `pip install pycaret[models]`
2025-03-08 13:51:26,132:INFO:Engine for model 'rbfsvm' has not been set explicitly, hence returning None.
2025-03-08 13:51:26,154:WARNING:
'xgboost' is a soft dependency and not included in the pycaret installation. Please run: `pip install xgboost` to install.
Alternately, you can install this by running `pip install pycaret[models]`
2025-03-08 13:51:26,154:WARNING:
'catboost' is a soft dependency and not included in the pycaret installation. Please run: `pip install catboost` to install.
Alternately, you can install this by running `pip install pycaret[models]`
2025-03-08 13:51:26,155:INFO:Engine successfully changes for model 'rbfsvm' to 'sklearn'.
2025-03-08 13:51:26,213:WARNING:
'xgboost' is a soft dependency and not included in the pycaret installation. Please run: `pip install xgboost` to install.
Alternately, you can install this by running `pip install pycaret[models]`
2025-03-08 13:51:26,213:WARNING:
'catboost' is a soft dependency and not included in the pycaret installation. Please run: `pip install catboost` to install.
Alternately, you can install this by running `pip install pycaret[models]`
2025-03-08 13:51:26,271:WARNING:
'xgboost' is a soft dependency and not included in the pycaret installation. Please run: `pip install xgboost` to install.
Alternately, you can install this by running `pip install pycaret[models]`
2025-03-08 13:51:26,271:WARNING:
'catboost' is a soft dependency and not included in the pycaret installation. Please run: `pip install catboost` to install.
Alternately, you can install this by running `pip install pycaret[models]`
2025-03-08 13:51:26,275:INFO:Preparing preprocessing pipeline...
2025-03-08 13:51:26,288:INFO:Set up date feature engineering.
2025-03-08 13:51:26,288:INFO:Set up simple imputation.
2025-03-08 13:51:26,361:INFO:Set up encoding of ordinal features.
2025-03-08 13:51:26,430:INFO:Set up encoding of categorical features.
2025-03-08 13:51:29,154:INFO:Finished creating preprocessing pipeline.
2025-03-08 13:51:29,181:INFO:Pipeline: Pipeline(memory=FastMemory(location=C:\Users\GUILHE~1\AppData\Local\Temp\joblib),
         steps=[('date_feature_extractor',
                 TransformerWrapper(exclude=None, include=['data_ref'],
                                    transformer=ExtractDateTimeFeatures(features=['day',
                                                                                  'month',
                                                                                  'year']))),
                ('numerical_imputer',
                 TransformerWrapper(exclude=None,
                                    include=['index', 'qtd_filhos', 'idade',
                                             'tempo_emprego',
                                             'qt_p...
                                                               verbose=0))),
                ('onehot_encoding',
                 TransformerWrapper(exclude=None,
                                    include=['tipo_renda', 'educacao',
                                             'estado_civil',
                                             'tipo_residencia'],
                                    transformer=OneHotEncoder(cols=['tipo_renda',
                                                                    'educacao',
                                                                    'estado_civil',
                                                                    'tipo_residencia'],
                                                              drop_invariant=False,
                                                              handle_missing='return_nan',
                                                              handle_unknown='value',
                                                              return_df=True,
                                                              use_cat_names=True,
                                                              verbose=0)))],
         verbose=False)
2025-03-08 13:51:29,181:INFO:Creating final display dataframe.
2025-03-08 13:51:32,686:INFO:Setup _display_container:                     Description             Value
0                    Session id               412
1                        Target               mau
2                   Target type            Binary
3           Original data shape      (600000, 15)
4        Transformed data shape      (600000, 34)
5   Transformed train set shape      (420000, 34)
6    Transformed test set shape      (180000, 34)
7              Numeric features                 6
8                 Date features                 1
9          Categorical features                 7
10                   Preprocess              True
11              Imputation type            simple
12           Numeric imputation              mean
13       Categorical imputation              mode
14     Maximum one-hot encoding                25
15              Encoding method              None
16               Fold Generator   StratifiedKFold
17                  Fold Number                10
18                     CPU Jobs                -1
19                      Use GPU             False
20               Log Experiment             False
21              Experiment Name  clf-default-name
22                          USI              6145
2025-03-08 13:51:32,752:WARNING:
'xgboost' is a soft dependency and not included in the pycaret installation. Please run: `pip install xgboost` to install.
Alternately, you can install this by running `pip install pycaret[models]`
2025-03-08 13:51:32,752:WARNING:
'catboost' is a soft dependency and not included in the pycaret installation. Please run: `pip install catboost` to install.
Alternately, you can install this by running `pip install pycaret[models]`
2025-03-08 13:51:32,811:WARNING:
'xgboost' is a soft dependency and not included in the pycaret installation. Please run: `pip install xgboost` to install.
Alternately, you can install this by running `pip install pycaret[models]`
2025-03-08 13:51:32,812:WARNING:
'catboost' is a soft dependency and not included in the pycaret installation. Please run: `pip install catboost` to install.
Alternately, you can install this by running `pip install pycaret[models]`
2025-03-08 13:51:32,812:INFO:setup() successfully completed in 7.53s...............
2025-03-08 13:52:41,628:INFO:Initializing compare_models()
2025-03-08 13:52:41,628:INFO:compare_models(self=<pycaret.classification.oop.ClassificationExperiment object at 0x00000190B3D34AD0>, include=None, exclude=None, fold=5, round=4, cross_validation=True, sort=Accuracy, n_select=1, budget_time=None, turbo=True, errors=ignore, fit_kwargs=None, groups=None, experiment_custom_tags=None, probability_threshold=None, verbose=True, parallel=None, caller_params={'self': <pycaret.classification.oop.ClassificationExperiment object at 0x00000190B3D34AD0>, 'include': None, 'exclude': None, 'fold': 5, 'round': 4, 'cross_validation': True, 'sort': 'Accuracy', 'n_select': 1, 'budget_time': None, 'turbo': True, 'errors': 'ignore', 'fit_kwargs': None, 'groups': None, 'experiment_custom_tags': None, 'probability_threshold': None, 'engine': None, 'verbose': True, 'parallel': None, '__class__': <class 'pycaret.classification.oop.ClassificationExperiment'>})
2025-03-08 13:52:41,628:INFO:Checking exceptions
2025-03-08 13:52:41,715:INFO:Preparing display monitor
2025-03-08 13:52:41,731:INFO:Initializing Logistic Regression
2025-03-08 13:52:41,731:INFO:Total runtime is 0.0 minutes
2025-03-08 13:52:41,733:INFO:SubProcess create_model() called ==================================
2025-03-08 13:52:41,734:INFO:Initializing create_model()
2025-03-08 13:52:41,734:INFO:create_model(self=<pycaret.classification.oop.ClassificationExperiment object at 0x00000190B3D34AD0>, estimator=lr, fold=StratifiedKFold(n_splits=5, random_state=None, shuffle=False), round=4, cross_validation=True, predict=True, fit_kwargs={}, groups=None, refit=False, probability_threshold=None, experiment_custom_tags=None, verbose=False, system=False, add_to_model_list=True, metrics=None, display=<pycaret.internal.display.display.CommonDisplay object at 0x00000190B9102C10>, model_only=True, return_train_score=False, error_score=0.0, kwargs={})
2025-03-08 13:52:41,734:INFO:Checking exceptions
2025-03-08 13:52:41,734:INFO:Importing libraries
2025-03-08 13:52:41,734:INFO:Copying training dataset
2025-03-08 13:52:41,885:INFO:Defining folds
2025-03-08 13:52:41,886:INFO:Declaring metric variables
2025-03-08 13:52:41,888:INFO:Importing untrained model
2025-03-08 13:52:41,891:INFO:Logistic Regression Imported successfully
2025-03-08 13:52:41,896:INFO:Starting cross validation
2025-03-08 13:52:41,898:INFO:Cross validating with StratifiedKFold(n_splits=5, random_state=None, shuffle=False), n_jobs=-1
2025-03-08 13:53:36,668:WARNING:D:\Anaconda\envs\python_311_env\Lib\site-packages\sklearn\linear_model\_logistic.py:469: ConvergenceWarning: lbfgs failed to converge (status=1):
STOP: TOTAL NO. of ITERATIONS REACHED LIMIT.

Increase the number of iterations (max_iter) or scale the data as shown in:
    https://scikit-learn.org/stable/modules/preprocessing.html
Please also refer to the documentation for alternative solver options:
    https://scikit-learn.org/stable/modules/linear_model.html#logistic-regression
  n_iter_i = _check_optimize_result(

2025-03-08 13:53:37,275:WARNING:D:\Anaconda\envs\python_311_env\Lib\site-packages\sklearn\metrics\_classification.py:1509: UndefinedMetricWarning: Precision is ill-defined and being set to 0.0 due to no predicted samples. Use `zero_division` parameter to control this behavior.
  _warn_prf(average, modifier, f"{metric.capitalize()} is", len(result))

2025-03-08 13:53:37,397:WARNING:D:\Anaconda\envs\python_311_env\Lib\site-packages\sklearn\linear_model\_logistic.py:469: ConvergenceWarning: lbfgs failed to converge (status=1):
STOP: TOTAL NO. of ITERATIONS REACHED LIMIT.

Increase the number of iterations (max_iter) or scale the data as shown in:
    https://scikit-learn.org/stable/modules/preprocessing.html
Please also refer to the documentation for alternative solver options:
    https://scikit-learn.org/stable/modules/linear_model.html#logistic-regression
  n_iter_i = _check_optimize_result(

2025-03-08 13:53:37,754:WARNING:D:\Anaconda\envs\python_311_env\Lib\site-packages\sklearn\linear_model\_logistic.py:469: ConvergenceWarning: lbfgs failed to converge (status=1):
STOP: TOTAL NO. of ITERATIONS REACHED LIMIT.

Increase the number of iterations (max_iter) or scale the data as shown in:
    https://scikit-learn.org/stable/modules/preprocessing.html
Please also refer to the documentation for alternative solver options:
    https://scikit-learn.org/stable/modules/linear_model.html#logistic-regression
  n_iter_i = _check_optimize_result(

2025-03-08 13:53:37,892:WARNING:D:\Anaconda\envs\python_311_env\Lib\site-packages\sklearn\metrics\_classification.py:1509: UndefinedMetricWarning: Precision is ill-defined and being set to 0.0 due to no predicted samples. Use `zero_division` parameter to control this behavior.
  _warn_prf(average, modifier, f"{metric.capitalize()} is", len(result))

2025-03-08 13:53:37,913:WARNING:D:\Anaconda\envs\python_311_env\Lib\site-packages\sklearn\linear_model\_logistic.py:469: ConvergenceWarning: lbfgs failed to converge (status=1):
STOP: TOTAL NO. of ITERATIONS REACHED LIMIT.

Increase the number of iterations (max_iter) or scale the data as shown in:
    https://scikit-learn.org/stable/modules/preprocessing.html
Please also refer to the documentation for alternative solver options:
    https://scikit-learn.org/stable/modules/linear_model.html#logistic-regression
  n_iter_i = _check_optimize_result(

2025-03-08 13:53:38,036:WARNING:D:\Anaconda\envs\python_311_env\Lib\site-packages\sklearn\linear_model\_logistic.py:469: ConvergenceWarning: lbfgs failed to converge (status=1):
STOP: TOTAL NO. of ITERATIONS REACHED LIMIT.

Increase the number of iterations (max_iter) or scale the data as shown in:
    https://scikit-learn.org/stable/modules/preprocessing.html
Please also refer to the documentation for alternative solver options:
    https://scikit-learn.org/stable/modules/linear_model.html#logistic-regression
  n_iter_i = _check_optimize_result(

2025-03-08 13:53:38,193:WARNING:D:\Anaconda\envs\python_311_env\Lib\site-packages\sklearn\metrics\_classification.py:1509: UndefinedMetricWarning: Precision is ill-defined and being set to 0.0 due to no predicted samples. Use `zero_division` parameter to control this behavior.
  _warn_prf(average, modifier, f"{metric.capitalize()} is", len(result))

2025-03-08 13:53:38,328:WARNING:D:\Anaconda\envs\python_311_env\Lib\site-packages\sklearn\metrics\_classification.py:1509: UndefinedMetricWarning: Precision is ill-defined and being set to 0.0 due to no predicted samples. Use `zero_division` parameter to control this behavior.
  _warn_prf(average, modifier, f"{metric.capitalize()} is", len(result))

2025-03-08 13:53:38,422:WARNING:D:\Anaconda\envs\python_311_env\Lib\site-packages\sklearn\metrics\_classification.py:1509: UndefinedMetricWarning: Precision is ill-defined and being set to 0.0 due to no predicted samples. Use `zero_division` parameter to control this behavior.
  _warn_prf(average, modifier, f"{metric.capitalize()} is", len(result))

2025-03-08 13:53:38,570:INFO:Calculating mean and std
2025-03-08 13:53:38,571:INFO:Creating metrics dataframe
2025-03-08 13:53:38,572:INFO:Uploading results into container
2025-03-08 13:53:38,573:INFO:Uploading model into container now
2025-03-08 13:53:38,573:INFO:_master_model_container: 1
2025-03-08 13:53:38,573:INFO:_display_container: 2
2025-03-08 13:53:38,574:INFO:LogisticRegression(C=1.0, class_weight=None, dual=False, fit_intercept=True,
                   intercept_scaling=1, l1_ratio=None, max_iter=1000,
                   multi_class='auto', n_jobs=None, penalty='l2',
                   random_state=412, solver='lbfgs', tol=0.0001, verbose=0,
                   warm_start=False)
2025-03-08 13:53:38,574:INFO:create_model() successfully completed......................................
2025-03-08 13:53:38,665:INFO:SubProcess create_model() end ==================================
2025-03-08 13:53:38,665:INFO:Creating metrics dataframe
2025-03-08 13:53:38,670:INFO:Initializing K Neighbors Classifier
2025-03-08 13:53:38,670:INFO:Total runtime is 0.9489946762720743 minutes
2025-03-08 13:53:38,673:INFO:SubProcess create_model() called ==================================
2025-03-08 13:53:38,673:INFO:Initializing create_model()
2025-03-08 13:53:38,673:INFO:create_model(self=<pycaret.classification.oop.ClassificationExperiment object at 0x00000190B3D34AD0>, estimator=knn, fold=StratifiedKFold(n_splits=5, random_state=None, shuffle=False), round=4, cross_validation=True, predict=True, fit_kwargs={}, groups=None, refit=False, probability_threshold=None, experiment_custom_tags=None, verbose=False, system=False, add_to_model_list=True, metrics=None, display=<pycaret.internal.display.display.CommonDisplay object at 0x00000190B9102C10>, model_only=True, return_train_score=False, error_score=0.0, kwargs={})
2025-03-08 13:53:38,673:INFO:Checking exceptions
2025-03-08 13:53:38,673:INFO:Importing libraries
2025-03-08 13:53:38,673:INFO:Copying training dataset
2025-03-08 13:53:38,819:INFO:Defining folds
2025-03-08 13:53:38,820:INFO:Declaring metric variables
2025-03-08 13:53:38,823:INFO:Importing untrained model
2025-03-08 13:53:38,825:INFO:K Neighbors Classifier Imported successfully
2025-03-08 13:53:38,829:INFO:Starting cross validation
2025-03-08 13:53:38,831:INFO:Cross validating with StratifiedKFold(n_splits=5, random_state=None, shuffle=False), n_jobs=-1
2025-03-08 13:58:56,588:INFO:PyCaret ClassificationExperiment
2025-03-08 13:58:56,588:INFO:Logging name: clf-default-name
2025-03-08 13:58:56,588:INFO:ML Usecase: MLUsecase.CLASSIFICATION
2025-03-08 13:58:56,588:INFO:version 3.3.2
2025-03-08 13:58:56,588:INFO:Initializing setup()
2025-03-08 13:58:56,588:INFO:self.USI: e4d5
2025-03-08 13:58:56,588:INFO:self._variable_keys: {'seed', '_available_plots', 'X', 'fold_shuffle_param', 'fold_generator', 'USI', 'pipeline', 'data', 'target_param', 'X_test', 'y_test', 'fix_imbalance', 'y_train', 'exp_id', 'log_plots_param', 'logging_param', 'y', '_ml_usecase', 'memory', 'html_param', 'idx', 'n_jobs_param', 'gpu_param', 'fold_groups_param', 'is_multiclass', 'X_train', 'exp_name_log', 'gpu_n_jobs_param'}
2025-03-08 13:58:56,589:INFO:Checking environment
2025-03-08 13:58:56,589:INFO:python_version: 3.11.11
2025-03-08 13:58:56,589:INFO:python_build: ('main', 'Dec 11 2024 16:34:19')
2025-03-08 13:58:56,589:INFO:machine: AMD64
2025-03-08 13:58:56,589:INFO:platform: Windows-10-10.0.19045-SP0
2025-03-08 13:58:56,592:INFO:Memory: svmem(total=17068290048, available=5944901632, percent=65.2, used=11123388416, free=5944901632)
2025-03-08 13:58:56,593:INFO:Physical Core: 6
2025-03-08 13:58:56,593:INFO:Logical Core: 12
2025-03-08 13:58:56,593:INFO:Checking libraries
2025-03-08 13:58:56,593:INFO:System:
2025-03-08 13:58:56,593:INFO:    python: 3.11.11 | packaged by Anaconda, Inc. | (main, Dec 11 2024, 16:34:19) [MSC v.1929 64 bit (AMD64)]
2025-03-08 13:58:56,593:INFO:executable: D:\Anaconda\envs\python_311_env\python.exe
2025-03-08 13:58:56,593:INFO:   machine: Windows-10-10.0.19045-SP0
2025-03-08 13:58:56,593:INFO:PyCaret required dependencies:
2025-03-08 13:58:56,593:INFO:                 pip: 25.0
2025-03-08 13:58:56,593:INFO:          setuptools: 75.8.0
2025-03-08 13:58:56,593:INFO:             pycaret: 3.3.2
2025-03-08 13:58:56,593:INFO:             IPython: 9.0.1
2025-03-08 13:58:56,593:INFO:          ipywidgets: 8.1.5
2025-03-08 13:58:56,593:INFO:                tqdm: 4.67.1
2025-03-08 13:58:56,593:INFO:               numpy: 1.26.4
2025-03-08 13:58:56,593:INFO:              pandas: 2.1.4
2025-03-08 13:58:56,593:INFO:              jinja2: 3.1.6
2025-03-08 13:58:56,593:INFO:               scipy: 1.11.4
2025-03-08 13:58:56,593:INFO:              joblib: 1.3.2
2025-03-08 13:58:56,593:INFO:             sklearn: 1.4.2
2025-03-08 13:58:56,593:INFO:                pyod: 2.0.3
2025-03-08 13:58:56,593:INFO:            imblearn: 0.13.0
2025-03-08 13:58:56,593:INFO:   category_encoders: 2.7.0
2025-03-08 13:58:56,593:INFO:            lightgbm: 4.6.0
2025-03-08 13:58:56,593:INFO:               numba: 0.61.0
2025-03-08 13:58:56,594:INFO:            requests: 2.32.3
2025-03-08 13:58:56,594:INFO:          matplotlib: 3.7.5
2025-03-08 13:58:56,594:INFO:          scikitplot: 0.3.7
2025-03-08 13:58:56,594:INFO:         yellowbrick: 1.5
2025-03-08 13:58:56,594:INFO:              plotly: 5.24.1
2025-03-08 13:58:56,594:INFO:    plotly-resampler: Not installed
2025-03-08 13:58:56,594:INFO:             kaleido: 0.2.1
2025-03-08 13:58:56,594:INFO:           schemdraw: 0.15
2025-03-08 13:58:56,594:INFO:         statsmodels: 0.14.4
2025-03-08 13:58:56,594:INFO:              sktime: 0.26.0
2025-03-08 13:58:56,594:INFO:               tbats: 1.1.3
2025-03-08 13:58:56,594:INFO:            pmdarima: 2.0.4
2025-03-08 13:58:56,594:INFO:              psutil: 7.0.0
2025-03-08 13:58:56,594:INFO:          markupsafe: 3.0.2
2025-03-08 13:58:56,594:INFO:             pickle5: Not installed
2025-03-08 13:58:56,594:INFO:         cloudpickle: 3.1.1
2025-03-08 13:58:56,594:INFO:         deprecation: 2.1.0
2025-03-08 13:58:56,594:INFO:              xxhash: 3.5.0
2025-03-08 13:58:56,594:INFO:           wurlitzer: Not installed
2025-03-08 13:58:56,594:INFO:PyCaret optional dependencies:
2025-03-08 13:58:56,594:INFO:                shap: Not installed
2025-03-08 13:58:56,594:INFO:           interpret: Not installed
2025-03-08 13:58:56,594:INFO:                umap: Not installed
2025-03-08 13:58:56,595:INFO:     ydata_profiling: Not installed
2025-03-08 13:58:56,595:INFO:  explainerdashboard: Not installed
2025-03-08 13:58:56,595:INFO:             autoviz: Not installed
2025-03-08 13:58:56,595:INFO:           fairlearn: Not installed
2025-03-08 13:58:56,595:INFO:          deepchecks: Not installed
2025-03-08 13:58:56,595:INFO:             xgboost: Not installed
2025-03-08 13:58:56,595:INFO:            catboost: Not installed
2025-03-08 13:58:56,595:INFO:              kmodes: Not installed
2025-03-08 13:58:56,595:INFO:             mlxtend: Not installed
2025-03-08 13:58:56,595:INFO:       statsforecast: Not installed
2025-03-08 13:58:56,595:INFO:        tune_sklearn: Not installed
2025-03-08 13:58:56,595:INFO:                 ray: Not installed
2025-03-08 13:58:56,595:INFO:            hyperopt: Not installed
2025-03-08 13:58:56,595:INFO:              optuna: Not installed
2025-03-08 13:58:56,595:INFO:               skopt: Not installed
2025-03-08 13:58:56,595:INFO:              mlflow: Not installed
2025-03-08 13:58:56,595:INFO:              gradio: Not installed
2025-03-08 13:58:56,595:INFO:             fastapi: Not installed
2025-03-08 13:58:56,595:INFO:             uvicorn: Not installed
2025-03-08 13:58:56,595:INFO:              m2cgen: Not installed
2025-03-08 13:58:56,595:INFO:           evidently: Not installed
2025-03-08 13:58:56,595:INFO:               fugue: Not installed
2025-03-08 13:58:56,595:INFO:           streamlit: Not installed
2025-03-08 13:58:56,595:INFO:             prophet: Not installed
2025-03-08 13:58:56,595:INFO:None
2025-03-08 13:58:56,595:INFO:Set up data.
2025-03-08 13:58:56,670:INFO:Set up folding strategy.
2025-03-08 13:58:56,670:INFO:Set up train/test split.
2025-03-08 13:58:56,705:INFO:Set up index.
2025-03-08 13:58:56,708:INFO:Assigning column types.
2025-03-08 13:58:56,719:INFO:Engine successfully changes for model 'lr' to 'sklearn'.
2025-03-08 13:58:56,755:INFO:Engine for model 'knn' has not been set explicitly, hence returning None.
2025-03-08 13:58:56,756:INFO:Engine for model 'rbfsvm' has not been set explicitly, hence returning None.
2025-03-08 13:58:56,780:WARNING:
'xgboost' is a soft dependency and not included in the pycaret installation. Please run: `pip install xgboost` to install.
Alternately, you can install this by running `pip install pycaret[models]`
2025-03-08 13:58:56,780:WARNING:
'catboost' is a soft dependency and not included in the pycaret installation. Please run: `pip install catboost` to install.
Alternately, you can install this by running `pip install pycaret[models]`
2025-03-08 13:58:56,816:INFO:Engine for model 'knn' has not been set explicitly, hence returning None.
2025-03-08 13:58:56,817:INFO:Engine for model 'rbfsvm' has not been set explicitly, hence returning None.
2025-03-08 13:58:56,840:WARNING:
'xgboost' is a soft dependency and not included in the pycaret installation. Please run: `pip install xgboost` to install.
Alternately, you can install this by running `pip install pycaret[models]`
2025-03-08 13:58:56,840:WARNING:
'catboost' is a soft dependency and not included in the pycaret installation. Please run: `pip install catboost` to install.
Alternately, you can install this by running `pip install pycaret[models]`
2025-03-08 13:58:56,840:INFO:Engine successfully changes for model 'knn' to 'sklearn'.
2025-03-08 13:58:56,878:INFO:Engine for model 'rbfsvm' has not been set explicitly, hence returning None.
2025-03-08 13:58:56,901:WARNING:
'xgboost' is a soft dependency and not included in the pycaret installation. Please run: `pip install xgboost` to install.
Alternately, you can install this by running `pip install pycaret[models]`
2025-03-08 13:58:56,901:WARNING:
'catboost' is a soft dependency and not included in the pycaret installation. Please run: `pip install catboost` to install.
Alternately, you can install this by running `pip install pycaret[models]`
2025-03-08 13:58:56,939:INFO:Engine for model 'rbfsvm' has not been set explicitly, hence returning None.
2025-03-08 13:58:56,962:WARNING:
'xgboost' is a soft dependency and not included in the pycaret installation. Please run: `pip install xgboost` to install.
Alternately, you can install this by running `pip install pycaret[models]`
2025-03-08 13:58:56,962:WARNING:
'catboost' is a soft dependency and not included in the pycaret installation. Please run: `pip install catboost` to install.
Alternately, you can install this by running `pip install pycaret[models]`
2025-03-08 13:58:56,962:INFO:Engine successfully changes for model 'rbfsvm' to 'sklearn'.
2025-03-08 13:58:57,022:WARNING:
'xgboost' is a soft dependency and not included in the pycaret installation. Please run: `pip install xgboost` to install.
Alternately, you can install this by running `pip install pycaret[models]`
2025-03-08 13:58:57,022:WARNING:
'catboost' is a soft dependency and not included in the pycaret installation. Please run: `pip install catboost` to install.
Alternately, you can install this by running `pip install pycaret[models]`
2025-03-08 13:58:57,082:WARNING:
'xgboost' is a soft dependency and not included in the pycaret installation. Please run: `pip install xgboost` to install.
Alternately, you can install this by running `pip install pycaret[models]`
2025-03-08 13:58:57,082:WARNING:
'catboost' is a soft dependency and not included in the pycaret installation. Please run: `pip install catboost` to install.
Alternately, you can install this by running `pip install pycaret[models]`
2025-03-08 13:58:57,083:INFO:Preparing preprocessing pipeline...
2025-03-08 13:58:57,086:INFO:Set up simple imputation.
2025-03-08 13:58:57,100:INFO:Set up encoding of ordinal features.
2025-03-08 13:58:57,112:INFO:Set up encoding of categorical features.
2025-03-08 13:58:57,569:INFO:Finished creating preprocessing pipeline.
2025-03-08 13:58:57,595:INFO:Pipeline: Pipeline(memory=FastMemory(location=C:\Users\GUILHE~1\AppData\Local\Temp\joblib),
         steps=[('numerical_imputer',
                 TransformerWrapper(exclude=None,
                                    include=['qtd_filhos', 'idade',
                                             'tempo_emprego',
                                             'qt_pessoas_residencia', 'renda'],
                                    transformer=SimpleImputer(add_indicator=False,
                                                              copy=True,
                                                              fill_value=None,
                                                              keep_empty_features=False,
                                                              missing_values=nan,
                                                              strategy='mea...
                                                               verbose=0))),
                ('onehot_encoding',
                 TransformerWrapper(exclude=None,
                                    include=['tipo_renda', 'educacao',
                                             'estado_civil',
                                             'tipo_residencia'],
                                    transformer=OneHotEncoder(cols=['tipo_renda',
                                                                    'educacao',
                                                                    'estado_civil',
                                                                    'tipo_residencia'],
                                                              drop_invariant=False,
                                                              handle_missing='return_nan',
                                                              handle_unknown='value',
                                                              return_df=True,
                                                              use_cat_names=True,
                                                              verbose=0)))],
         verbose=False)
2025-03-08 13:58:57,595:INFO:Creating final display dataframe.
2025-03-08 13:58:58,319:INFO:Setup _display_container:                     Description             Value
0                    Session id               412
1                        Target               mau
2                   Target type            Binary
3           Original data shape      (120000, 13)
4        Transformed data shape      (120000, 30)
5   Transformed train set shape       (84000, 30)
6    Transformed test set shape       (36000, 30)
7              Numeric features                 5
8          Categorical features                 7
9                    Preprocess              True
10              Imputation type            simple
11           Numeric imputation              mean
12       Categorical imputation              mode
13     Maximum one-hot encoding                25
14              Encoding method              None
15               Fold Generator   StratifiedKFold
16                  Fold Number                10
17                     CPU Jobs                -1
18                      Use GPU             False
19               Log Experiment             False
20              Experiment Name  clf-default-name
21                          USI              e4d5
2025-03-08 13:58:58,389:WARNING:
'xgboost' is a soft dependency and not included in the pycaret installation. Please run: `pip install xgboost` to install.
Alternately, you can install this by running `pip install pycaret[models]`
2025-03-08 13:58:58,389:WARNING:
'catboost' is a soft dependency and not included in the pycaret installation. Please run: `pip install catboost` to install.
Alternately, you can install this by running `pip install pycaret[models]`
2025-03-08 13:58:58,451:WARNING:
'xgboost' is a soft dependency and not included in the pycaret installation. Please run: `pip install xgboost` to install.
Alternately, you can install this by running `pip install pycaret[models]`
2025-03-08 13:58:58,451:WARNING:
'catboost' is a soft dependency and not included in the pycaret installation. Please run: `pip install catboost` to install.
Alternately, you can install this by running `pip install pycaret[models]`
2025-03-08 13:58:58,452:INFO:setup() successfully completed in 1.87s...............
2025-03-08 13:59:02,886:INFO:Initializing compare_models()
2025-03-08 13:59:02,887:INFO:compare_models(self=<pycaret.classification.oop.ClassificationExperiment object at 0x000001910755AB10>, include=None, exclude=None, fold=5, round=4, cross_validation=True, sort=Accuracy, n_select=1, budget_time=None, turbo=True, errors=ignore, fit_kwargs=None, groups=None, experiment_custom_tags=None, probability_threshold=None, verbose=True, parallel=None, caller_params={'self': <pycaret.classification.oop.ClassificationExperiment object at 0x000001910755AB10>, 'include': None, 'exclude': None, 'fold': 5, 'round': 4, 'cross_validation': True, 'sort': 'Accuracy', 'n_select': 1, 'budget_time': None, 'turbo': True, 'errors': 'ignore', 'fit_kwargs': None, 'groups': None, 'experiment_custom_tags': None, 'probability_threshold': None, 'engine': None, 'verbose': True, 'parallel': None, '__class__': <class 'pycaret.classification.oop.ClassificationExperiment'>})
2025-03-08 13:59:02,887:INFO:Checking exceptions
2025-03-08 13:59:02,902:INFO:Preparing display monitor
2025-03-08 13:59:02,918:INFO:Initializing Logistic Regression
2025-03-08 13:59:02,918:INFO:Total runtime is 0.0 minutes
2025-03-08 13:59:02,921:INFO:SubProcess create_model() called ==================================
2025-03-08 13:59:02,921:INFO:Initializing create_model()
2025-03-08 13:59:02,921:INFO:create_model(self=<pycaret.classification.oop.ClassificationExperiment object at 0x000001910755AB10>, estimator=lr, fold=StratifiedKFold(n_splits=5, random_state=None, shuffle=False), round=4, cross_validation=True, predict=True, fit_kwargs={}, groups=None, refit=False, probability_threshold=None, experiment_custom_tags=None, verbose=False, system=False, add_to_model_list=True, metrics=None, display=<pycaret.internal.display.display.CommonDisplay object at 0x0000019108FC44D0>, model_only=True, return_train_score=False, error_score=0.0, kwargs={})
2025-03-08 13:59:02,921:INFO:Checking exceptions
2025-03-08 13:59:02,921:INFO:Importing libraries
2025-03-08 13:59:02,921:INFO:Copying training dataset
2025-03-08 13:59:02,948:INFO:Defining folds
2025-03-08 13:59:02,948:INFO:Declaring metric variables
2025-03-08 13:59:02,951:INFO:Importing untrained model
2025-03-08 13:59:02,954:INFO:Logistic Regression Imported successfully
2025-03-08 13:59:02,958:INFO:Starting cross validation
2025-03-08 13:59:02,960:INFO:Cross validating with StratifiedKFold(n_splits=5, random_state=None, shuffle=False), n_jobs=-1
2025-03-08 13:59:14,581:WARNING:D:\Anaconda\envs\python_311_env\Lib\site-packages\sklearn\linear_model\_logistic.py:469: ConvergenceWarning: lbfgs failed to converge (status=1):
STOP: TOTAL NO. of ITERATIONS REACHED LIMIT.

Increase the number of iterations (max_iter) or scale the data as shown in:
    https://scikit-learn.org/stable/modules/preprocessing.html
Please also refer to the documentation for alternative solver options:
    https://scikit-learn.org/stable/modules/linear_model.html#logistic-regression
  n_iter_i = _check_optimize_result(

2025-03-08 13:59:14,644:WARNING:D:\Anaconda\envs\python_311_env\Lib\site-packages\sklearn\linear_model\_logistic.py:469: ConvergenceWarning: lbfgs failed to converge (status=1):
STOP: TOTAL NO. of ITERATIONS REACHED LIMIT.

Increase the number of iterations (max_iter) or scale the data as shown in:
    https://scikit-learn.org/stable/modules/preprocessing.html
Please also refer to the documentation for alternative solver options:
    https://scikit-learn.org/stable/modules/linear_model.html#logistic-regression
  n_iter_i = _check_optimize_result(

2025-03-08 13:59:14,670:WARNING:D:\Anaconda\envs\python_311_env\Lib\site-packages\sklearn\linear_model\_logistic.py:469: ConvergenceWarning: lbfgs failed to converge (status=1):
STOP: TOTAL NO. of ITERATIONS REACHED LIMIT.

Increase the number of iterations (max_iter) or scale the data as shown in:
    https://scikit-learn.org/stable/modules/preprocessing.html
Please also refer to the documentation for alternative solver options:
    https://scikit-learn.org/stable/modules/linear_model.html#logistic-regression
  n_iter_i = _check_optimize_result(

2025-03-08 13:59:14,671:WARNING:D:\Anaconda\envs\python_311_env\Lib\site-packages\sklearn\linear_model\_logistic.py:469: ConvergenceWarning: lbfgs failed to converge (status=1):
STOP: TOTAL NO. of ITERATIONS REACHED LIMIT.

Increase the number of iterations (max_iter) or scale the data as shown in:
    https://scikit-learn.org/stable/modules/preprocessing.html
Please also refer to the documentation for alternative solver options:
    https://scikit-learn.org/stable/modules/linear_model.html#logistic-regression
  n_iter_i = _check_optimize_result(

2025-03-08 13:59:14,674:WARNING:D:\Anaconda\envs\python_311_env\Lib\site-packages\sklearn\linear_model\_logistic.py:469: ConvergenceWarning: lbfgs failed to converge (status=1):
STOP: TOTAL NO. of ITERATIONS REACHED LIMIT.

Increase the number of iterations (max_iter) or scale the data as shown in:
    https://scikit-learn.org/stable/modules/preprocessing.html
Please also refer to the documentation for alternative solver options:
    https://scikit-learn.org/stable/modules/linear_model.html#logistic-regression
  n_iter_i = _check_optimize_result(

2025-03-08 13:59:14,714:WARNING:D:\Anaconda\envs\python_311_env\Lib\site-packages\sklearn\metrics\_classification.py:1509: UndefinedMetricWarning: Precision is ill-defined and being set to 0.0 due to no predicted samples. Use `zero_division` parameter to control this behavior.
  _warn_prf(average, modifier, f"{metric.capitalize()} is", len(result))

2025-03-08 13:59:14,782:WARNING:D:\Anaconda\envs\python_311_env\Lib\site-packages\sklearn\metrics\_classification.py:1509: UndefinedMetricWarning: Precision is ill-defined and being set to 0.0 due to no predicted samples. Use `zero_division` parameter to control this behavior.
  _warn_prf(average, modifier, f"{metric.capitalize()} is", len(result))

2025-03-08 13:59:14,805:WARNING:D:\Anaconda\envs\python_311_env\Lib\site-packages\sklearn\metrics\_classification.py:1509: UndefinedMetricWarning: Precision is ill-defined and being set to 0.0 due to no predicted samples. Use `zero_division` parameter to control this behavior.
  _warn_prf(average, modifier, f"{metric.capitalize()} is", len(result))

2025-03-08 13:59:14,808:WARNING:D:\Anaconda\envs\python_311_env\Lib\site-packages\sklearn\metrics\_classification.py:1509: UndefinedMetricWarning: Precision is ill-defined and being set to 0.0 due to no predicted samples. Use `zero_division` parameter to control this behavior.
  _warn_prf(average, modifier, f"{metric.capitalize()} is", len(result))

2025-03-08 13:59:14,808:WARNING:D:\Anaconda\envs\python_311_env\Lib\site-packages\sklearn\metrics\_classification.py:1509: UndefinedMetricWarning: Precision is ill-defined and being set to 0.0 due to no predicted samples. Use `zero_division` parameter to control this behavior.
  _warn_prf(average, modifier, f"{metric.capitalize()} is", len(result))

2025-03-08 13:59:14,833:INFO:Calculating mean and std
2025-03-08 13:59:14,835:INFO:Creating metrics dataframe
2025-03-08 13:59:14,838:INFO:Uploading results into container
2025-03-08 13:59:14,838:INFO:Uploading model into container now
2025-03-08 13:59:14,839:INFO:_master_model_container: 1
2025-03-08 13:59:14,839:INFO:_display_container: 2
2025-03-08 13:59:14,840:INFO:LogisticRegression(C=1.0, class_weight=None, dual=False, fit_intercept=True,
                   intercept_scaling=1, l1_ratio=None, max_iter=1000,
                   multi_class='auto', n_jobs=None, penalty='l2',
                   random_state=412, solver='lbfgs', tol=0.0001, verbose=0,
                   warm_start=False)
2025-03-08 13:59:14,840:INFO:create_model() successfully completed......................................
2025-03-08 13:59:14,973:INFO:SubProcess create_model() end ==================================
2025-03-08 13:59:14,973:INFO:Creating metrics dataframe
2025-03-08 13:59:14,978:INFO:Initializing K Neighbors Classifier
2025-03-08 13:59:14,978:INFO:Total runtime is 0.2009942849477132 minutes
2025-03-08 13:59:14,980:INFO:SubProcess create_model() called ==================================
2025-03-08 13:59:14,981:INFO:Initializing create_model()
2025-03-08 13:59:14,981:INFO:create_model(self=<pycaret.classification.oop.ClassificationExperiment object at 0x000001910755AB10>, estimator=knn, fold=StratifiedKFold(n_splits=5, random_state=None, shuffle=False), round=4, cross_validation=True, predict=True, fit_kwargs={}, groups=None, refit=False, probability_threshold=None, experiment_custom_tags=None, verbose=False, system=False, add_to_model_list=True, metrics=None, display=<pycaret.internal.display.display.CommonDisplay object at 0x0000019108FC44D0>, model_only=True, return_train_score=False, error_score=0.0, kwargs={})
2025-03-08 13:59:14,981:INFO:Checking exceptions
2025-03-08 13:59:14,981:INFO:Importing libraries
2025-03-08 13:59:14,981:INFO:Copying training dataset
2025-03-08 13:59:15,009:INFO:Defining folds
2025-03-08 13:59:15,009:INFO:Declaring metric variables
2025-03-08 13:59:15,011:INFO:Importing untrained model
2025-03-08 13:59:15,014:INFO:K Neighbors Classifier Imported successfully
2025-03-08 13:59:15,019:INFO:Starting cross validation
2025-03-08 13:59:15,021:INFO:Cross validating with StratifiedKFold(n_splits=5, random_state=None, shuffle=False), n_jobs=-1
2025-03-08 13:59:29,697:INFO:Calculating mean and std
2025-03-08 13:59:29,698:INFO:Creating metrics dataframe
2025-03-08 13:59:29,701:INFO:Uploading results into container
2025-03-08 13:59:29,701:INFO:Uploading model into container now
2025-03-08 13:59:29,702:INFO:_master_model_container: 2
2025-03-08 13:59:29,702:INFO:_display_container: 2
2025-03-08 13:59:29,702:INFO:KNeighborsClassifier(algorithm='auto', leaf_size=30, metric='minkowski',
                     metric_params=None, n_jobs=-1, n_neighbors=5, p=2,
                     weights='uniform')
2025-03-08 13:59:29,702:INFO:create_model() successfully completed......................................
2025-03-08 13:59:29,829:INFO:SubProcess create_model() end ==================================
2025-03-08 13:59:29,829:INFO:Creating metrics dataframe
2025-03-08 13:59:29,834:INFO:Initializing Naive Bayes
2025-03-08 13:59:29,834:INFO:Total runtime is 0.44859481652577715 minutes
2025-03-08 13:59:29,837:INFO:SubProcess create_model() called ==================================
2025-03-08 13:59:29,837:INFO:Initializing create_model()
2025-03-08 13:59:29,837:INFO:create_model(self=<pycaret.classification.oop.ClassificationExperiment object at 0x000001910755AB10>, estimator=nb, fold=StratifiedKFold(n_splits=5, random_state=None, shuffle=False), round=4, cross_validation=True, predict=True, fit_kwargs={}, groups=None, refit=False, probability_threshold=None, experiment_custom_tags=None, verbose=False, system=False, add_to_model_list=True, metrics=None, display=<pycaret.internal.display.display.CommonDisplay object at 0x0000019108FC44D0>, model_only=True, return_train_score=False, error_score=0.0, kwargs={})
2025-03-08 13:59:29,837:INFO:Checking exceptions
2025-03-08 13:59:29,837:INFO:Importing libraries
2025-03-08 13:59:29,838:INFO:Copying training dataset
2025-03-08 13:59:29,868:INFO:Defining folds
2025-03-08 13:59:29,868:INFO:Declaring metric variables
2025-03-08 13:59:29,871:INFO:Importing untrained model
2025-03-08 13:59:29,874:INFO:Naive Bayes Imported successfully
2025-03-08 13:59:29,879:INFO:Starting cross validation
2025-03-08 13:59:29,880:INFO:Cross validating with StratifiedKFold(n_splits=5, random_state=None, shuffle=False), n_jobs=-1
2025-03-08 13:59:32,825:INFO:Calculating mean and std
2025-03-08 13:59:32,826:INFO:Creating metrics dataframe
2025-03-08 13:59:32,828:INFO:Uploading results into container
2025-03-08 13:59:32,828:INFO:Uploading model into container now
2025-03-08 13:59:32,828:INFO:_master_model_container: 3
2025-03-08 13:59:32,829:INFO:_display_container: 2
2025-03-08 13:59:32,829:INFO:GaussianNB(priors=None, var_smoothing=1e-09)
2025-03-08 13:59:32,829:INFO:create_model() successfully completed......................................
2025-03-08 13:59:32,952:INFO:SubProcess create_model() end ==================================
2025-03-08 13:59:32,952:INFO:Creating metrics dataframe
2025-03-08 13:59:32,958:INFO:Initializing Decision Tree Classifier
2025-03-08 13:59:32,958:INFO:Total runtime is 0.5006742119789124 minutes
2025-03-08 13:59:32,961:INFO:SubProcess create_model() called ==================================
2025-03-08 13:59:32,961:INFO:Initializing create_model()
2025-03-08 13:59:32,961:INFO:create_model(self=<pycaret.classification.oop.ClassificationExperiment object at 0x000001910755AB10>, estimator=dt, fold=StratifiedKFold(n_splits=5, random_state=None, shuffle=False), round=4, cross_validation=True, predict=True, fit_kwargs={}, groups=None, refit=False, probability_threshold=None, experiment_custom_tags=None, verbose=False, system=False, add_to_model_list=True, metrics=None, display=<pycaret.internal.display.display.CommonDisplay object at 0x0000019108FC44D0>, model_only=True, return_train_score=False, error_score=0.0, kwargs={})
2025-03-08 13:59:32,961:INFO:Checking exceptions
2025-03-08 13:59:32,961:INFO:Importing libraries
2025-03-08 13:59:32,961:INFO:Copying training dataset
2025-03-08 13:59:32,988:INFO:Defining folds
2025-03-08 13:59:32,988:INFO:Declaring metric variables
2025-03-08 13:59:32,991:INFO:Importing untrained model
2025-03-08 13:59:32,993:INFO:Decision Tree Classifier Imported successfully
2025-03-08 13:59:32,998:INFO:Starting cross validation
2025-03-08 13:59:33,000:INFO:Cross validating with StratifiedKFold(n_splits=5, random_state=None, shuffle=False), n_jobs=-1
2025-03-08 13:59:34,358:INFO:Calculating mean and std
2025-03-08 13:59:34,359:INFO:Creating metrics dataframe
2025-03-08 13:59:34,361:INFO:Uploading results into container
2025-03-08 13:59:34,361:INFO:Uploading model into container now
2025-03-08 13:59:34,362:INFO:_master_model_container: 4
2025-03-08 13:59:34,362:INFO:_display_container: 2
2025-03-08 13:59:34,362:INFO:DecisionTreeClassifier(ccp_alpha=0.0, class_weight=None, criterion='gini',
                       max_depth=None, max_features=None, max_leaf_nodes=None,
                       min_impurity_decrease=0.0, min_samples_leaf=1,
                       min_samples_split=2, min_weight_fraction_leaf=0.0,
                       monotonic_cst=None, random_state=412, splitter='best')
2025-03-08 13:59:34,362:INFO:create_model() successfully completed......................................
2025-03-08 13:59:34,469:INFO:SubProcess create_model() end ==================================
2025-03-08 13:59:34,469:INFO:Creating metrics dataframe
2025-03-08 13:59:34,475:INFO:Initializing SVM - Linear Kernel
2025-03-08 13:59:34,475:INFO:Total runtime is 0.5259581565856933 minutes
2025-03-08 13:59:34,477:INFO:SubProcess create_model() called ==================================
2025-03-08 13:59:34,477:INFO:Initializing create_model()
2025-03-08 13:59:34,477:INFO:create_model(self=<pycaret.classification.oop.ClassificationExperiment object at 0x000001910755AB10>, estimator=svm, fold=StratifiedKFold(n_splits=5, random_state=None, shuffle=False), round=4, cross_validation=True, predict=True, fit_kwargs={}, groups=None, refit=False, probability_threshold=None, experiment_custom_tags=None, verbose=False, system=False, add_to_model_list=True, metrics=None, display=<pycaret.internal.display.display.CommonDisplay object at 0x0000019108FC44D0>, model_only=True, return_train_score=False, error_score=0.0, kwargs={})
2025-03-08 13:59:34,478:INFO:Checking exceptions
2025-03-08 13:59:34,478:INFO:Importing libraries
2025-03-08 13:59:34,478:INFO:Copying training dataset
2025-03-08 13:59:34,506:INFO:Defining folds
2025-03-08 13:59:34,506:INFO:Declaring metric variables
2025-03-08 13:59:34,509:INFO:Importing untrained model
2025-03-08 13:59:34,512:INFO:SVM - Linear Kernel Imported successfully
2025-03-08 13:59:34,516:INFO:Starting cross validation
2025-03-08 13:59:34,518:INFO:Cross validating with StratifiedKFold(n_splits=5, random_state=None, shuffle=False), n_jobs=-1
2025-03-08 13:59:35,565:WARNING:D:\Anaconda\envs\python_311_env\Lib\site-packages\sklearn\metrics\_classification.py:1509: UndefinedMetricWarning: Precision is ill-defined and being set to 0.0 due to no predicted samples. Use `zero_division` parameter to control this behavior.
  _warn_prf(average, modifier, f"{metric.capitalize()} is", len(result))

2025-03-08 13:59:35,566:WARNING:D:\Anaconda\envs\python_311_env\Lib\site-packages\sklearn\metrics\_classification.py:1509: UndefinedMetricWarning: Precision is ill-defined and being set to 0.0 due to no predicted samples. Use `zero_division` parameter to control this behavior.
  _warn_prf(average, modifier, f"{metric.capitalize()} is", len(result))

2025-03-08 13:59:35,674:WARNING:D:\Anaconda\envs\python_311_env\Lib\site-packages\sklearn\metrics\_classification.py:1509: UndefinedMetricWarning: Precision is ill-defined and being set to 0.0 due to no predicted samples. Use `zero_division` parameter to control this behavior.
  _warn_prf(average, modifier, f"{metric.capitalize()} is", len(result))

2025-03-08 13:59:35,800:WARNING:D:\Anaconda\envs\python_311_env\Lib\site-packages\sklearn\metrics\_classification.py:1509: UndefinedMetricWarning: Precision is ill-defined and being set to 0.0 due to no predicted samples. Use `zero_division` parameter to control this behavior.
  _warn_prf(average, modifier, f"{metric.capitalize()} is", len(result))

2025-03-08 13:59:35,821:INFO:Calculating mean and std
2025-03-08 13:59:35,822:INFO:Creating metrics dataframe
2025-03-08 13:59:35,824:INFO:Uploading results into container
2025-03-08 13:59:35,824:INFO:Uploading model into container now
2025-03-08 13:59:35,824:INFO:_master_model_container: 5
2025-03-08 13:59:35,824:INFO:_display_container: 2
2025-03-08 13:59:35,825:INFO:SGDClassifier(alpha=0.0001, average=False, class_weight=None,
              early_stopping=False, epsilon=0.1, eta0=0.001, fit_intercept=True,
              l1_ratio=0.15, learning_rate='optimal', loss='hinge',
              max_iter=1000, n_iter_no_change=5, n_jobs=-1, penalty='l2',
              power_t=0.5, random_state=412, shuffle=True, tol=0.001,
              validation_fraction=0.1, verbose=0, warm_start=False)
2025-03-08 13:59:35,825:INFO:create_model() successfully completed......................................
2025-03-08 13:59:35,934:INFO:SubProcess create_model() end ==================================
2025-03-08 13:59:35,934:INFO:Creating metrics dataframe
2025-03-08 13:59:35,941:INFO:Initializing Ridge Classifier
2025-03-08 13:59:35,941:INFO:Total runtime is 0.550378954410553 minutes
2025-03-08 13:59:35,943:INFO:SubProcess create_model() called ==================================
2025-03-08 13:59:35,944:INFO:Initializing create_model()
2025-03-08 13:59:35,944:INFO:create_model(self=<pycaret.classification.oop.ClassificationExperiment object at 0x000001910755AB10>, estimator=ridge, fold=StratifiedKFold(n_splits=5, random_state=None, shuffle=False), round=4, cross_validation=True, predict=True, fit_kwargs={}, groups=None, refit=False, probability_threshold=None, experiment_custom_tags=None, verbose=False, system=False, add_to_model_list=True, metrics=None, display=<pycaret.internal.display.display.CommonDisplay object at 0x0000019108FC44D0>, model_only=True, return_train_score=False, error_score=0.0, kwargs={})
2025-03-08 13:59:35,944:INFO:Checking exceptions
2025-03-08 13:59:35,944:INFO:Importing libraries
2025-03-08 13:59:35,944:INFO:Copying training dataset
2025-03-08 13:59:35,971:INFO:Defining folds
2025-03-08 13:59:35,971:INFO:Declaring metric variables
2025-03-08 13:59:35,974:INFO:Importing untrained model
2025-03-08 13:59:35,976:INFO:Ridge Classifier Imported successfully
2025-03-08 13:59:35,980:INFO:Starting cross validation
2025-03-08 13:59:35,982:INFO:Cross validating with StratifiedKFold(n_splits=5, random_state=None, shuffle=False), n_jobs=-1
2025-03-08 13:59:36,856:WARNING:D:\Anaconda\envs\python_311_env\Lib\site-packages\sklearn\metrics\_classification.py:1509: UndefinedMetricWarning: Precision is ill-defined and being set to 0.0 due to no predicted samples. Use `zero_division` parameter to control this behavior.
  _warn_prf(average, modifier, f"{metric.capitalize()} is", len(result))

2025-03-08 13:59:36,858:WARNING:D:\Anaconda\envs\python_311_env\Lib\site-packages\sklearn\metrics\_classification.py:1509: UndefinedMetricWarning: Precision is ill-defined and being set to 0.0 due to no predicted samples. Use `zero_division` parameter to control this behavior.
  _warn_prf(average, modifier, f"{metric.capitalize()} is", len(result))

2025-03-08 13:59:36,860:WARNING:D:\Anaconda\envs\python_311_env\Lib\site-packages\sklearn\metrics\_classification.py:1509: UndefinedMetricWarning: Precision is ill-defined and being set to 0.0 due to no predicted samples. Use `zero_division` parameter to control this behavior.
  _warn_prf(average, modifier, f"{metric.capitalize()} is", len(result))

2025-03-08 13:59:36,863:WARNING:D:\Anaconda\envs\python_311_env\Lib\site-packages\sklearn\metrics\_classification.py:1509: UndefinedMetricWarning: Precision is ill-defined and being set to 0.0 due to no predicted samples. Use `zero_division` parameter to control this behavior.
  _warn_prf(average, modifier, f"{metric.capitalize()} is", len(result))

2025-03-08 13:59:36,867:WARNING:D:\Anaconda\envs\python_311_env\Lib\site-packages\sklearn\metrics\_classification.py:1509: UndefinedMetricWarning: Precision is ill-defined and being set to 0.0 due to no predicted samples. Use `zero_division` parameter to control this behavior.
  _warn_prf(average, modifier, f"{metric.capitalize()} is", len(result))

2025-03-08 13:59:36,887:INFO:Calculating mean and std
2025-03-08 13:59:36,888:INFO:Creating metrics dataframe
2025-03-08 13:59:36,890:INFO:Uploading results into container
2025-03-08 13:59:36,890:INFO:Uploading model into container now
2025-03-08 13:59:36,891:INFO:_master_model_container: 6
2025-03-08 13:59:36,891:INFO:_display_container: 2
2025-03-08 13:59:36,891:INFO:RidgeClassifier(alpha=1.0, class_weight=None, copy_X=True, fit_intercept=True,
                max_iter=None, positive=False, random_state=412, solver='auto',
                tol=0.0001)
2025-03-08 13:59:36,891:INFO:create_model() successfully completed......................................
2025-03-08 13:59:37,002:INFO:SubProcess create_model() end ==================================
2025-03-08 13:59:37,002:INFO:Creating metrics dataframe
2025-03-08 13:59:37,008:INFO:Initializing Random Forest Classifier
2025-03-08 13:59:37,008:INFO:Total runtime is 0.5681740999221802 minutes
2025-03-08 13:59:37,011:INFO:SubProcess create_model() called ==================================
2025-03-08 13:59:37,011:INFO:Initializing create_model()
2025-03-08 13:59:37,011:INFO:create_model(self=<pycaret.classification.oop.ClassificationExperiment object at 0x000001910755AB10>, estimator=rf, fold=StratifiedKFold(n_splits=5, random_state=None, shuffle=False), round=4, cross_validation=True, predict=True, fit_kwargs={}, groups=None, refit=False, probability_threshold=None, experiment_custom_tags=None, verbose=False, system=False, add_to_model_list=True, metrics=None, display=<pycaret.internal.display.display.CommonDisplay object at 0x0000019108FC44D0>, model_only=True, return_train_score=False, error_score=0.0, kwargs={})
2025-03-08 13:59:37,011:INFO:Checking exceptions
2025-03-08 13:59:37,011:INFO:Importing libraries
2025-03-08 13:59:37,012:INFO:Copying training dataset
2025-03-08 13:59:37,038:INFO:Defining folds
2025-03-08 13:59:37,039:INFO:Declaring metric variables
2025-03-08 13:59:37,041:INFO:Importing untrained model
2025-03-08 13:59:37,044:INFO:Random Forest Classifier Imported successfully
2025-03-08 13:59:37,048:INFO:Starting cross validation
2025-03-08 13:59:37,050:INFO:Cross validating with StratifiedKFold(n_splits=5, random_state=None, shuffle=False), n_jobs=-1
2025-03-08 13:59:43,010:INFO:Calculating mean and std
2025-03-08 13:59:43,011:INFO:Creating metrics dataframe
2025-03-08 13:59:43,013:INFO:Uploading results into container
2025-03-08 13:59:43,013:INFO:Uploading model into container now
2025-03-08 13:59:43,014:INFO:_master_model_container: 7
2025-03-08 13:59:43,014:INFO:_display_container: 2
2025-03-08 13:59:43,014:INFO:RandomForestClassifier(bootstrap=True, ccp_alpha=0.0, class_weight=None,
                       criterion='gini', max_depth=None, max_features='sqrt',
                       max_leaf_nodes=None, max_samples=None,
                       min_impurity_decrease=0.0, min_samples_leaf=1,
                       min_samples_split=2, min_weight_fraction_leaf=0.0,
                       monotonic_cst=None, n_estimators=100, n_jobs=-1,
                       oob_score=False, random_state=412, verbose=0,
                       warm_start=False)
2025-03-08 13:59:43,014:INFO:create_model() successfully completed......................................
2025-03-08 13:59:43,128:INFO:SubProcess create_model() end ==================================
2025-03-08 13:59:43,128:INFO:Creating metrics dataframe
2025-03-08 13:59:43,135:INFO:Initializing Quadratic Discriminant Analysis
2025-03-08 13:59:43,135:INFO:Total runtime is 0.6702824552853902 minutes
2025-03-08 13:59:43,137:INFO:SubProcess create_model() called ==================================
2025-03-08 13:59:43,137:INFO:Initializing create_model()
2025-03-08 13:59:43,137:INFO:create_model(self=<pycaret.classification.oop.ClassificationExperiment object at 0x000001910755AB10>, estimator=qda, fold=StratifiedKFold(n_splits=5, random_state=None, shuffle=False), round=4, cross_validation=True, predict=True, fit_kwargs={}, groups=None, refit=False, probability_threshold=None, experiment_custom_tags=None, verbose=False, system=False, add_to_model_list=True, metrics=None, display=<pycaret.internal.display.display.CommonDisplay object at 0x0000019108FC44D0>, model_only=True, return_train_score=False, error_score=0.0, kwargs={})
2025-03-08 13:59:43,137:INFO:Checking exceptions
2025-03-08 13:59:43,137:INFO:Importing libraries
2025-03-08 13:59:43,137:INFO:Copying training dataset
2025-03-08 13:59:43,164:INFO:Defining folds
2025-03-08 13:59:43,164:INFO:Declaring metric variables
2025-03-08 13:59:43,167:INFO:Importing untrained model
2025-03-08 13:59:43,170:INFO:Quadratic Discriminant Analysis Imported successfully
2025-03-08 13:59:43,180:INFO:Starting cross validation
2025-03-08 13:59:43,183:INFO:Cross validating with StratifiedKFold(n_splits=5, random_state=None, shuffle=False), n_jobs=-1
2025-03-08 13:59:44,146:WARNING:D:\Anaconda\envs\python_311_env\Lib\site-packages\sklearn\discriminant_analysis.py:935: UserWarning: Variables are collinear
  warnings.warn("Variables are collinear")

2025-03-08 13:59:44,146:WARNING:D:\Anaconda\envs\python_311_env\Lib\site-packages\sklearn\discriminant_analysis.py:935: UserWarning: Variables are collinear
  warnings.warn("Variables are collinear")

2025-03-08 13:59:44,146:WARNING:D:\Anaconda\envs\python_311_env\Lib\site-packages\sklearn\discriminant_analysis.py:935: UserWarning: Variables are collinear
  warnings.warn("Variables are collinear")

2025-03-08 13:59:44,146:WARNING:D:\Anaconda\envs\python_311_env\Lib\site-packages\sklearn\discriminant_analysis.py:935: UserWarning: Variables are collinear
  warnings.warn("Variables are collinear")

2025-03-08 13:59:44,146:WARNING:D:\Anaconda\envs\python_311_env\Lib\site-packages\sklearn\discriminant_analysis.py:935: UserWarning: Variables are collinear
  warnings.warn("Variables are collinear")

2025-03-08 13:59:44,340:INFO:Calculating mean and std
2025-03-08 13:59:44,341:INFO:Creating metrics dataframe
2025-03-08 13:59:44,342:INFO:Uploading results into container
2025-03-08 13:59:44,343:INFO:Uploading model into container now
2025-03-08 13:59:44,343:INFO:_master_model_container: 8
2025-03-08 13:59:44,343:INFO:_display_container: 2
2025-03-08 13:59:44,343:INFO:QuadraticDiscriminantAnalysis(priors=None, reg_param=0.0,
                              store_covariance=False, tol=0.0001)
2025-03-08 13:59:44,344:INFO:create_model() successfully completed......................................
2025-03-08 13:59:44,449:INFO:SubProcess create_model() end ==================================
2025-03-08 13:59:44,449:INFO:Creating metrics dataframe
2025-03-08 13:59:44,456:INFO:Initializing Ada Boost Classifier
2025-03-08 13:59:44,456:INFO:Total runtime is 0.6923048416773478 minutes
2025-03-08 13:59:44,458:INFO:SubProcess create_model() called ==================================
2025-03-08 13:59:44,459:INFO:Initializing create_model()
2025-03-08 13:59:44,459:INFO:create_model(self=<pycaret.classification.oop.ClassificationExperiment object at 0x000001910755AB10>, estimator=ada, fold=StratifiedKFold(n_splits=5, random_state=None, shuffle=False), round=4, cross_validation=True, predict=True, fit_kwargs={}, groups=None, refit=False, probability_threshold=None, experiment_custom_tags=None, verbose=False, system=False, add_to_model_list=True, metrics=None, display=<pycaret.internal.display.display.CommonDisplay object at 0x0000019108FC44D0>, model_only=True, return_train_score=False, error_score=0.0, kwargs={})
2025-03-08 13:59:44,459:INFO:Checking exceptions
2025-03-08 13:59:44,459:INFO:Importing libraries
2025-03-08 13:59:44,459:INFO:Copying training dataset
2025-03-08 13:59:44,486:INFO:Defining folds
2025-03-08 13:59:44,486:INFO:Declaring metric variables
2025-03-08 13:59:44,489:INFO:Importing untrained model
2025-03-08 13:59:44,491:INFO:Ada Boost Classifier Imported successfully
2025-03-08 13:59:44,495:INFO:Starting cross validation
2025-03-08 13:59:44,497:INFO:Cross validating with StratifiedKFold(n_splits=5, random_state=None, shuffle=False), n_jobs=-1
2025-03-08 13:59:45,107:WARNING:D:\Anaconda\envs\python_311_env\Lib\site-packages\sklearn\ensemble\_weight_boosting.py:519: FutureWarning: The SAMME.R algorithm (the default) is deprecated and will be removed in 1.6. Use the SAMME algorithm to circumvent this warning.
  warnings.warn(

2025-03-08 13:59:45,158:WARNING:D:\Anaconda\envs\python_311_env\Lib\site-packages\sklearn\ensemble\_weight_boosting.py:519: FutureWarning: The SAMME.R algorithm (the default) is deprecated and will be removed in 1.6. Use the SAMME algorithm to circumvent this warning.
  warnings.warn(

2025-03-08 13:59:45,159:WARNING:D:\Anaconda\envs\python_311_env\Lib\site-packages\sklearn\ensemble\_weight_boosting.py:519: FutureWarning: The SAMME.R algorithm (the default) is deprecated and will be removed in 1.6. Use the SAMME algorithm to circumvent this warning.
  warnings.warn(

2025-03-08 13:59:45,163:WARNING:D:\Anaconda\envs\python_311_env\Lib\site-packages\sklearn\ensemble\_weight_boosting.py:519: FutureWarning: The SAMME.R algorithm (the default) is deprecated and will be removed in 1.6. Use the SAMME algorithm to circumvent this warning.
  warnings.warn(

2025-03-08 13:59:45,171:WARNING:D:\Anaconda\envs\python_311_env\Lib\site-packages\sklearn\ensemble\_weight_boosting.py:519: FutureWarning: The SAMME.R algorithm (the default) is deprecated and will be removed in 1.6. Use the SAMME algorithm to circumvent this warning.
  warnings.warn(

2025-03-08 13:59:48,513:WARNING:D:\Anaconda\envs\python_311_env\Lib\site-packages\sklearn\metrics\_classification.py:1509: UndefinedMetricWarning: Precision is ill-defined and being set to 0.0 due to no predicted samples. Use `zero_division` parameter to control this behavior.
  _warn_prf(average, modifier, f"{metric.capitalize()} is", len(result))

2025-03-08 13:59:48,524:WARNING:D:\Anaconda\envs\python_311_env\Lib\site-packages\sklearn\metrics\_classification.py:1509: UndefinedMetricWarning: Precision is ill-defined and being set to 0.0 due to no predicted samples. Use `zero_division` parameter to control this behavior.
  _warn_prf(average, modifier, f"{metric.capitalize()} is", len(result))

2025-03-08 13:59:48,541:INFO:Calculating mean and std
2025-03-08 13:59:48,542:INFO:Creating metrics dataframe
2025-03-08 13:59:48,544:INFO:Uploading results into container
2025-03-08 13:59:48,544:INFO:Uploading model into container now
2025-03-08 13:59:48,544:INFO:_master_model_container: 9
2025-03-08 13:59:48,544:INFO:_display_container: 2
2025-03-08 13:59:48,545:INFO:AdaBoostClassifier(algorithm='SAMME.R', estimator=None, learning_rate=1.0,
                   n_estimators=50, random_state=412)
2025-03-08 13:59:48,545:INFO:create_model() successfully completed......................................
2025-03-08 13:59:48,651:INFO:SubProcess create_model() end ==================================
2025-03-08 13:59:48,651:INFO:Creating metrics dataframe
2025-03-08 13:59:48,659:INFO:Initializing Gradient Boosting Classifier
2025-03-08 13:59:48,659:INFO:Total runtime is 0.7623469988505046 minutes
2025-03-08 13:59:48,661:INFO:SubProcess create_model() called ==================================
2025-03-08 13:59:48,661:INFO:Initializing create_model()
2025-03-08 13:59:48,661:INFO:create_model(self=<pycaret.classification.oop.ClassificationExperiment object at 0x000001910755AB10>, estimator=gbc, fold=StratifiedKFold(n_splits=5, random_state=None, shuffle=False), round=4, cross_validation=True, predict=True, fit_kwargs={}, groups=None, refit=False, probability_threshold=None, experiment_custom_tags=None, verbose=False, system=False, add_to_model_list=True, metrics=None, display=<pycaret.internal.display.display.CommonDisplay object at 0x0000019108FC44D0>, model_only=True, return_train_score=False, error_score=0.0, kwargs={})
2025-03-08 13:59:48,661:INFO:Checking exceptions
2025-03-08 13:59:48,661:INFO:Importing libraries
2025-03-08 13:59:48,661:INFO:Copying training dataset
2025-03-08 13:59:48,688:INFO:Defining folds
2025-03-08 13:59:48,688:INFO:Declaring metric variables
2025-03-08 13:59:48,691:INFO:Importing untrained model
2025-03-08 13:59:48,693:INFO:Gradient Boosting Classifier Imported successfully
2025-03-08 13:59:48,697:INFO:Starting cross validation
2025-03-08 13:59:48,699:INFO:Cross validating with StratifiedKFold(n_splits=5, random_state=None, shuffle=False), n_jobs=-1
2025-03-08 13:59:58,112:INFO:Calculating mean and std
2025-03-08 13:59:58,113:INFO:Creating metrics dataframe
2025-03-08 13:59:58,116:INFO:Uploading results into container
2025-03-08 13:59:58,116:INFO:Uploading model into container now
2025-03-08 13:59:58,117:INFO:_master_model_container: 10
2025-03-08 13:59:58,117:INFO:_display_container: 2
2025-03-08 13:59:58,118:INFO:GradientBoostingClassifier(ccp_alpha=0.0, criterion='friedman_mse', init=None,
                           learning_rate=0.1, loss='log_loss', max_depth=3,
                           max_features=None, max_leaf_nodes=None,
                           min_impurity_decrease=0.0, min_samples_leaf=1,
                           min_samples_split=2, min_weight_fraction_leaf=0.0,
                           n_estimators=100, n_iter_no_change=None,
                           random_state=412, subsample=1.0, tol=0.0001,
                           validation_fraction=0.1, verbose=0,
                           warm_start=False)
2025-03-08 13:59:58,118:INFO:create_model() successfully completed......................................
2025-03-08 13:59:58,242:INFO:SubProcess create_model() end ==================================
2025-03-08 13:59:58,243:INFO:Creating metrics dataframe
2025-03-08 13:59:58,250:INFO:Initializing Linear Discriminant Analysis
2025-03-08 13:59:58,250:INFO:Total runtime is 0.9222085078557333 minutes
2025-03-08 13:59:58,253:INFO:SubProcess create_model() called ==================================
2025-03-08 13:59:58,254:INFO:Initializing create_model()
2025-03-08 13:59:58,254:INFO:create_model(self=<pycaret.classification.oop.ClassificationExperiment object at 0x000001910755AB10>, estimator=lda, fold=StratifiedKFold(n_splits=5, random_state=None, shuffle=False), round=4, cross_validation=True, predict=True, fit_kwargs={}, groups=None, refit=False, probability_threshold=None, experiment_custom_tags=None, verbose=False, system=False, add_to_model_list=True, metrics=None, display=<pycaret.internal.display.display.CommonDisplay object at 0x0000019108FC44D0>, model_only=True, return_train_score=False, error_score=0.0, kwargs={})
2025-03-08 13:59:58,254:INFO:Checking exceptions
2025-03-08 13:59:58,254:INFO:Importing libraries
2025-03-08 13:59:58,254:INFO:Copying training dataset
2025-03-08 13:59:58,285:INFO:Defining folds
2025-03-08 13:59:58,285:INFO:Declaring metric variables
2025-03-08 13:59:58,288:INFO:Importing untrained model
2025-03-08 13:59:58,291:INFO:Linear Discriminant Analysis Imported successfully
2025-03-08 13:59:58,296:INFO:Starting cross validation
2025-03-08 13:59:58,298:INFO:Cross validating with StratifiedKFold(n_splits=5, random_state=None, shuffle=False), n_jobs=-1
2025-03-08 13:59:59,391:WARNING:D:\Anaconda\envs\python_311_env\Lib\site-packages\sklearn\metrics\_classification.py:1509: UndefinedMetricWarning: Precision is ill-defined and being set to 0.0 due to no predicted samples. Use `zero_division` parameter to control this behavior.
  _warn_prf(average, modifier, f"{metric.capitalize()} is", len(result))

2025-03-08 13:59:59,400:WARNING:D:\Anaconda\envs\python_311_env\Lib\site-packages\sklearn\metrics\_classification.py:1509: UndefinedMetricWarning: Precision is ill-defined and being set to 0.0 due to no predicted samples. Use `zero_division` parameter to control this behavior.
  _warn_prf(average, modifier, f"{metric.capitalize()} is", len(result))

2025-03-08 13:59:59,401:WARNING:D:\Anaconda\envs\python_311_env\Lib\site-packages\sklearn\metrics\_classification.py:1509: UndefinedMetricWarning: Precision is ill-defined and being set to 0.0 due to no predicted samples. Use `zero_division` parameter to control this behavior.
  _warn_prf(average, modifier, f"{metric.capitalize()} is", len(result))

2025-03-08 13:59:59,405:WARNING:D:\Anaconda\envs\python_311_env\Lib\site-packages\sklearn\metrics\_classification.py:1509: UndefinedMetricWarning: Precision is ill-defined and being set to 0.0 due to no predicted samples. Use `zero_division` parameter to control this behavior.
  _warn_prf(average, modifier, f"{metric.capitalize()} is", len(result))

2025-03-08 13:59:59,405:WARNING:D:\Anaconda\envs\python_311_env\Lib\site-packages\sklearn\metrics\_classification.py:1509: UndefinedMetricWarning: Precision is ill-defined and being set to 0.0 due to no predicted samples. Use `zero_division` parameter to control this behavior.
  _warn_prf(average, modifier, f"{metric.capitalize()} is", len(result))

2025-03-08 13:59:59,428:INFO:Calculating mean and std
2025-03-08 13:59:59,429:INFO:Creating metrics dataframe
2025-03-08 13:59:59,430:INFO:Uploading results into container
2025-03-08 13:59:59,431:INFO:Uploading model into container now
2025-03-08 13:59:59,431:INFO:_master_model_container: 11
2025-03-08 13:59:59,431:INFO:_display_container: 2
2025-03-08 13:59:59,431:INFO:LinearDiscriminantAnalysis(covariance_estimator=None, n_components=None,
                           priors=None, shrinkage=None, solver='svd',
                           store_covariance=False, tol=0.0001)
2025-03-08 13:59:59,431:INFO:create_model() successfully completed......................................
2025-03-08 13:59:59,537:INFO:SubProcess create_model() end ==================================
2025-03-08 13:59:59,537:INFO:Creating metrics dataframe
2025-03-08 13:59:59,544:INFO:Initializing Extra Trees Classifier
2025-03-08 13:59:59,544:INFO:Total runtime is 0.9437669277191163 minutes
2025-03-08 13:59:59,546:INFO:SubProcess create_model() called ==================================
2025-03-08 13:59:59,547:INFO:Initializing create_model()
2025-03-08 13:59:59,547:INFO:create_model(self=<pycaret.classification.oop.ClassificationExperiment object at 0x000001910755AB10>, estimator=et, fold=StratifiedKFold(n_splits=5, random_state=None, shuffle=False), round=4, cross_validation=True, predict=True, fit_kwargs={}, groups=None, refit=False, probability_threshold=None, experiment_custom_tags=None, verbose=False, system=False, add_to_model_list=True, metrics=None, display=<pycaret.internal.display.display.CommonDisplay object at 0x0000019108FC44D0>, model_only=True, return_train_score=False, error_score=0.0, kwargs={})
2025-03-08 13:59:59,547:INFO:Checking exceptions
2025-03-08 13:59:59,547:INFO:Importing libraries
2025-03-08 13:59:59,547:INFO:Copying training dataset
2025-03-08 13:59:59,575:INFO:Defining folds
2025-03-08 13:59:59,575:INFO:Declaring metric variables
2025-03-08 13:59:59,577:INFO:Importing untrained model
2025-03-08 13:59:59,580:INFO:Extra Trees Classifier Imported successfully
2025-03-08 13:59:59,584:INFO:Starting cross validation
2025-03-08 13:59:59,586:INFO:Cross validating with StratifiedKFold(n_splits=5, random_state=None, shuffle=False), n_jobs=-1
2025-03-08 14:00:05,711:INFO:Calculating mean and std
2025-03-08 14:00:05,712:INFO:Creating metrics dataframe
2025-03-08 14:00:05,714:INFO:Uploading results into container
2025-03-08 14:00:05,715:INFO:Uploading model into container now
2025-03-08 14:00:05,715:INFO:_master_model_container: 12
2025-03-08 14:00:05,715:INFO:_display_container: 2
2025-03-08 14:00:05,716:INFO:ExtraTreesClassifier(bootstrap=False, ccp_alpha=0.0, class_weight=None,
                     criterion='gini', max_depth=None, max_features='sqrt',
                     max_leaf_nodes=None, max_samples=None,
                     min_impurity_decrease=0.0, min_samples_leaf=1,
                     min_samples_split=2, min_weight_fraction_leaf=0.0,
                     monotonic_cst=None, n_estimators=100, n_jobs=-1,
                     oob_score=False, random_state=412, verbose=0,
                     warm_start=False)
2025-03-08 14:00:05,716:INFO:create_model() successfully completed......................................
2025-03-08 14:00:05,842:INFO:SubProcess create_model() end ==================================
2025-03-08 14:00:05,842:INFO:Creating metrics dataframe
2025-03-08 14:00:05,849:INFO:Initializing Light Gradient Boosting Machine
2025-03-08 14:00:05,849:INFO:Total runtime is 1.048845148086548 minutes
2025-03-08 14:00:05,852:INFO:SubProcess create_model() called ==================================
2025-03-08 14:00:05,853:INFO:Initializing create_model()
2025-03-08 14:00:05,853:INFO:create_model(self=<pycaret.classification.oop.ClassificationExperiment object at 0x000001910755AB10>, estimator=lightgbm, fold=StratifiedKFold(n_splits=5, random_state=None, shuffle=False), round=4, cross_validation=True, predict=True, fit_kwargs={}, groups=None, refit=False, probability_threshold=None, experiment_custom_tags=None, verbose=False, system=False, add_to_model_list=True, metrics=None, display=<pycaret.internal.display.display.CommonDisplay object at 0x0000019108FC44D0>, model_only=True, return_train_score=False, error_score=0.0, kwargs={})
2025-03-08 14:00:05,853:INFO:Checking exceptions
2025-03-08 14:00:05,853:INFO:Importing libraries
2025-03-08 14:00:05,853:INFO:Copying training dataset
2025-03-08 14:00:05,891:INFO:Defining folds
2025-03-08 14:00:05,891:INFO:Declaring metric variables
2025-03-08 14:00:05,894:INFO:Importing untrained model
2025-03-08 14:00:05,896:INFO:Light Gradient Boosting Machine Imported successfully
2025-03-08 14:00:05,902:INFO:Starting cross validation
2025-03-08 14:00:05,903:INFO:Cross validating with StratifiedKFold(n_splits=5, random_state=None, shuffle=False), n_jobs=-1
2025-03-08 14:00:07,449:INFO:Calculating mean and std
2025-03-08 14:00:07,450:INFO:Creating metrics dataframe
2025-03-08 14:00:07,452:INFO:Uploading results into container
2025-03-08 14:00:07,453:INFO:Uploading model into container now
2025-03-08 14:00:07,453:INFO:_master_model_container: 13
2025-03-08 14:00:07,453:INFO:_display_container: 2
2025-03-08 14:00:07,454:INFO:LGBMClassifier(boosting_type='gbdt', class_weight=None, colsample_bytree=1.0,
               importance_type='split', learning_rate=0.1, max_depth=-1,
               min_child_samples=20, min_child_weight=0.001, min_split_gain=0.0,
               n_estimators=100, n_jobs=-1, num_leaves=31, objective=None,
               random_state=412, reg_alpha=0.0, reg_lambda=0.0, subsample=1.0,
               subsample_for_bin=200000, subsample_freq=0)
2025-03-08 14:00:07,454:INFO:create_model() successfully completed......................................
2025-03-08 14:00:07,582:INFO:SubProcess create_model() end ==================================
2025-03-08 14:00:07,582:INFO:Creating metrics dataframe
2025-03-08 14:00:07,590:INFO:Initializing Dummy Classifier
2025-03-08 14:00:07,590:INFO:Total runtime is 1.0778703689575195 minutes
2025-03-08 14:00:07,592:INFO:SubProcess create_model() called ==================================
2025-03-08 14:00:07,593:INFO:Initializing create_model()
2025-03-08 14:00:07,593:INFO:create_model(self=<pycaret.classification.oop.ClassificationExperiment object at 0x000001910755AB10>, estimator=dummy, fold=StratifiedKFold(n_splits=5, random_state=None, shuffle=False), round=4, cross_validation=True, predict=True, fit_kwargs={}, groups=None, refit=False, probability_threshold=None, experiment_custom_tags=None, verbose=False, system=False, add_to_model_list=True, metrics=None, display=<pycaret.internal.display.display.CommonDisplay object at 0x0000019108FC44D0>, model_only=True, return_train_score=False, error_score=0.0, kwargs={})
2025-03-08 14:00:07,593:INFO:Checking exceptions
2025-03-08 14:00:07,593:INFO:Importing libraries
2025-03-08 14:00:07,593:INFO:Copying training dataset
2025-03-08 14:00:07,620:INFO:Defining folds
2025-03-08 14:00:07,620:INFO:Declaring metric variables
2025-03-08 14:00:07,622:INFO:Importing untrained model
2025-03-08 14:00:07,625:INFO:Dummy Classifier Imported successfully
2025-03-08 14:00:07,629:INFO:Starting cross validation
2025-03-08 14:00:07,631:INFO:Cross validating with StratifiedKFold(n_splits=5, random_state=None, shuffle=False), n_jobs=-1
2025-03-08 14:00:08,315:WARNING:D:\Anaconda\envs\python_311_env\Lib\site-packages\sklearn\metrics\_classification.py:1509: UndefinedMetricWarning: Precision is ill-defined and being set to 0.0 due to no predicted samples. Use `zero_division` parameter to control this behavior.
  _warn_prf(average, modifier, f"{metric.capitalize()} is", len(result))

2025-03-08 14:00:08,320:WARNING:D:\Anaconda\envs\python_311_env\Lib\site-packages\sklearn\metrics\_classification.py:1509: UndefinedMetricWarning: Precision is ill-defined and being set to 0.0 due to no predicted samples. Use `zero_division` parameter to control this behavior.
  _warn_prf(average, modifier, f"{metric.capitalize()} is", len(result))

2025-03-08 14:00:08,336:WARNING:D:\Anaconda\envs\python_311_env\Lib\site-packages\sklearn\metrics\_classification.py:1509: UndefinedMetricWarning: Precision is ill-defined and being set to 0.0 due to no predicted samples. Use `zero_division` parameter to control this behavior.
  _warn_prf(average, modifier, f"{metric.capitalize()} is", len(result))

2025-03-08 14:00:08,336:WARNING:D:\Anaconda\envs\python_311_env\Lib\site-packages\sklearn\metrics\_classification.py:1509: UndefinedMetricWarning: Precision is ill-defined and being set to 0.0 due to no predicted samples. Use `zero_division` parameter to control this behavior.
  _warn_prf(average, modifier, f"{metric.capitalize()} is", len(result))

2025-03-08 14:00:08,337:WARNING:D:\Anaconda\envs\python_311_env\Lib\site-packages\sklearn\metrics\_classification.py:1509: UndefinedMetricWarning: Precision is ill-defined and being set to 0.0 due to no predicted samples. Use `zero_division` parameter to control this behavior.
  _warn_prf(average, modifier, f"{metric.capitalize()} is", len(result))

2025-03-08 14:00:08,358:INFO:Calculating mean and std
2025-03-08 14:00:08,359:INFO:Creating metrics dataframe
2025-03-08 14:00:08,361:INFO:Uploading results into container
2025-03-08 14:00:08,361:INFO:Uploading model into container now
2025-03-08 14:00:08,361:INFO:_master_model_container: 14
2025-03-08 14:00:08,361:INFO:_display_container: 2
2025-03-08 14:00:08,362:INFO:DummyClassifier(constant=None, random_state=412, strategy='prior')
2025-03-08 14:00:08,362:INFO:create_model() successfully completed......................................
2025-03-08 14:00:08,475:INFO:SubProcess create_model() end ==================================
2025-03-08 14:00:08,475:INFO:Creating metrics dataframe
2025-03-08 14:00:08,483:WARNING:D:\Anaconda\envs\python_311_env\Lib\site-packages\pycaret\internal\pycaret_experiment\supervised_experiment.py:339: FutureWarning: Styler.applymap has been deprecated. Use Styler.map instead.
  .applymap(highlight_cols, subset=["TT (Sec)"])

2025-03-08 14:00:08,489:INFO:Initializing create_model()
2025-03-08 14:00:08,489:INFO:create_model(self=<pycaret.classification.oop.ClassificationExperiment object at 0x000001910755AB10>, estimator=LogisticRegression(C=1.0, class_weight=None, dual=False, fit_intercept=True,
                   intercept_scaling=1, l1_ratio=None, max_iter=1000,
                   multi_class='auto', n_jobs=None, penalty='l2',
                   random_state=412, solver='lbfgs', tol=0.0001, verbose=0,
                   warm_start=False), fold=StratifiedKFold(n_splits=5, random_state=None, shuffle=False), round=4, cross_validation=False, predict=False, fit_kwargs={}, groups=None, refit=True, probability_threshold=None, experiment_custom_tags=None, verbose=False, system=False, add_to_model_list=True, metrics=None, display=None, model_only=True, return_train_score=False, error_score=0.0, kwargs={})
2025-03-08 14:00:08,489:INFO:Checking exceptions
2025-03-08 14:00:08,491:INFO:Importing libraries
2025-03-08 14:00:08,491:INFO:Copying training dataset
2025-03-08 14:00:08,519:INFO:Defining folds
2025-03-08 14:00:08,519:INFO:Declaring metric variables
2025-03-08 14:00:08,520:INFO:Importing untrained model
2025-03-08 14:00:08,520:INFO:Declaring custom model
2025-03-08 14:00:08,520:INFO:Logistic Regression Imported successfully
2025-03-08 14:00:08,521:INFO:Cross validation set to False
2025-03-08 14:00:08,521:INFO:Fitting Model
2025-03-08 14:00:12,725:WARNING:D:\Anaconda\envs\python_311_env\Lib\site-packages\sklearn\linear_model\_logistic.py:469: ConvergenceWarning: lbfgs failed to converge (status=1):
STOP: TOTAL NO. of ITERATIONS REACHED LIMIT.

Increase the number of iterations (max_iter) or scale the data as shown in:
    https://scikit-learn.org/stable/modules/preprocessing.html
Please also refer to the documentation for alternative solver options:
    https://scikit-learn.org/stable/modules/linear_model.html#logistic-regression
  n_iter_i = _check_optimize_result(

2025-03-08 14:00:12,726:INFO:LogisticRegression(C=1.0, class_weight=None, dual=False, fit_intercept=True,
                   intercept_scaling=1, l1_ratio=None, max_iter=1000,
                   multi_class='auto', n_jobs=None, penalty='l2',
                   random_state=412, solver='lbfgs', tol=0.0001, verbose=0,
                   warm_start=False)
2025-03-08 14:00:12,726:INFO:create_model() successfully completed......................................
2025-03-08 14:00:12,854:INFO:_master_model_container: 14
2025-03-08 14:00:12,854:INFO:_display_container: 2
2025-03-08 14:00:12,854:INFO:LogisticRegression(C=1.0, class_weight=None, dual=False, fit_intercept=True,
                   intercept_scaling=1, l1_ratio=None, max_iter=1000,
                   multi_class='auto', n_jobs=None, penalty='l2',
                   random_state=412, solver='lbfgs', tol=0.0001, verbose=0,
                   warm_start=False)
2025-03-08 14:00:12,854:INFO:compare_models() successfully completed......................................
2025-03-08 14:03:33,549:INFO:Initializing tune_model()
2025-03-08 14:03:33,549:INFO:tune_model(self=<pycaret.classification.oop.ClassificationExperiment object at 0x000001910755AB10>, estimator=LogisticRegression(C=1.0, class_weight=None, dual=False, fit_intercept=True,
                   intercept_scaling=1, l1_ratio=None, max_iter=1000,
                   multi_class='auto', n_jobs=None, penalty='l2',
                   random_state=412, solver='lbfgs', tol=0.0001, verbose=0,
                   warm_start=False), fold=None, round=4, n_iter=10, custom_grid=None, optimize=Accuracy, custom_scorer=None, search_library=scikit-learn, search_algorithm=None, early_stopping=False, early_stopping_max_iters=10, choose_better=True, fit_kwargs=None, groups=None, return_tuner=False, verbose=True, tuner_verbose=True, return_train_score=False, kwargs={})
2025-03-08 14:03:33,549:INFO:Checking exceptions
2025-03-08 14:03:33,569:INFO:Copying training dataset
2025-03-08 14:03:33,613:INFO:Checking base model
2025-03-08 14:03:33,613:INFO:Base model : Logistic Regression
2025-03-08 14:03:33,616:INFO:Declaring metric variables
2025-03-08 14:03:33,618:INFO:Defining Hyperparameters
2025-03-08 14:03:33,732:INFO:Tuning with n_jobs=-1
2025-03-08 14:03:33,732:INFO:Initializing RandomizedSearchCV
2025-03-08 14:03:59,797:WARNING:D:\Anaconda\envs\python_311_env\Lib\site-packages\sklearn\linear_model\_logistic.py:469: ConvergenceWarning: lbfgs failed to converge (status=1):
STOP: TOTAL NO. of ITERATIONS REACHED LIMIT.

Increase the number of iterations (max_iter) or scale the data as shown in:
    https://scikit-learn.org/stable/modules/preprocessing.html
Please also refer to the documentation for alternative solver options:
    https://scikit-learn.org/stable/modules/linear_model.html#logistic-regression
  n_iter_i = _check_optimize_result(

2025-03-08 14:04:01,336:WARNING:D:\Anaconda\envs\python_311_env\Lib\site-packages\sklearn\linear_model\_logistic.py:469: ConvergenceWarning: lbfgs failed to converge (status=1):
STOP: TOTAL NO. of ITERATIONS REACHED LIMIT.

Increase the number of iterations (max_iter) or scale the data as shown in:
    https://scikit-learn.org/stable/modules/preprocessing.html
Please also refer to the documentation for alternative solver options:
    https://scikit-learn.org/stable/modules/linear_model.html#logistic-regression
  n_iter_i = _check_optimize_result(

2025-03-08 14:04:01,939:WARNING:D:\Anaconda\envs\python_311_env\Lib\site-packages\sklearn\linear_model\_logistic.py:469: ConvergenceWarning: lbfgs failed to converge (status=1):
STOP: TOTAL NO. of ITERATIONS REACHED LIMIT.

Increase the number of iterations (max_iter) or scale the data as shown in:
    https://scikit-learn.org/stable/modules/preprocessing.html
Please also refer to the documentation for alternative solver options:
    https://scikit-learn.org/stable/modules/linear_model.html#logistic-regression
  n_iter_i = _check_optimize_result(

2025-03-08 14:04:02,158:WARNING:D:\Anaconda\envs\python_311_env\Lib\site-packages\sklearn\linear_model\_logistic.py:469: ConvergenceWarning: lbfgs failed to converge (status=1):
STOP: TOTAL NO. of ITERATIONS REACHED LIMIT.

Increase the number of iterations (max_iter) or scale the data as shown in:
    https://scikit-learn.org/stable/modules/preprocessing.html
Please also refer to the documentation for alternative solver options:
    https://scikit-learn.org/stable/modules/linear_model.html#logistic-regression
  n_iter_i = _check_optimize_result(

2025-03-08 14:04:02,500:WARNING:D:\Anaconda\envs\python_311_env\Lib\site-packages\sklearn\linear_model\_logistic.py:469: ConvergenceWarning: lbfgs failed to converge (status=1):
STOP: TOTAL NO. of ITERATIONS REACHED LIMIT.

Increase the number of iterations (max_iter) or scale the data as shown in:
    https://scikit-learn.org/stable/modules/preprocessing.html
Please also refer to the documentation for alternative solver options:
    https://scikit-learn.org/stable/modules/linear_model.html#logistic-regression
  n_iter_i = _check_optimize_result(

2025-03-08 14:04:03,004:WARNING:D:\Anaconda\envs\python_311_env\Lib\site-packages\sklearn\linear_model\_logistic.py:469: ConvergenceWarning: lbfgs failed to converge (status=1):
STOP: TOTAL NO. of ITERATIONS REACHED LIMIT.

Increase the number of iterations (max_iter) or scale the data as shown in:
    https://scikit-learn.org/stable/modules/preprocessing.html
Please also refer to the documentation for alternative solver options:
    https://scikit-learn.org/stable/modules/linear_model.html#logistic-regression
  n_iter_i = _check_optimize_result(

2025-03-08 14:04:03,603:WARNING:D:\Anaconda\envs\python_311_env\Lib\site-packages\sklearn\linear_model\_logistic.py:469: ConvergenceWarning: lbfgs failed to converge (status=1):
STOP: TOTAL NO. of ITERATIONS REACHED LIMIT.

Increase the number of iterations (max_iter) or scale the data as shown in:
    https://scikit-learn.org/stable/modules/preprocessing.html
Please also refer to the documentation for alternative solver options:
    https://scikit-learn.org/stable/modules/linear_model.html#logistic-regression
  n_iter_i = _check_optimize_result(

2025-03-08 14:04:03,910:WARNING:D:\Anaconda\envs\python_311_env\Lib\site-packages\sklearn\linear_model\_logistic.py:469: ConvergenceWarning: lbfgs failed to converge (status=1):
STOP: TOTAL NO. of ITERATIONS REACHED LIMIT.

Increase the number of iterations (max_iter) or scale the data as shown in:
    https://scikit-learn.org/stable/modules/preprocessing.html
Please also refer to the documentation for alternative solver options:
    https://scikit-learn.org/stable/modules/linear_model.html#logistic-regression
  n_iter_i = _check_optimize_result(

2025-03-08 14:04:04,173:WARNING:D:\Anaconda\envs\python_311_env\Lib\site-packages\sklearn\linear_model\_logistic.py:469: ConvergenceWarning: lbfgs failed to converge (status=1):
STOP: TOTAL NO. of ITERATIONS REACHED LIMIT.

Increase the number of iterations (max_iter) or scale the data as shown in:
    https://scikit-learn.org/stable/modules/preprocessing.html
Please also refer to the documentation for alternative solver options:
    https://scikit-learn.org/stable/modules/linear_model.html#logistic-regression
  n_iter_i = _check_optimize_result(

2025-03-08 14:04:04,177:WARNING:D:\Anaconda\envs\python_311_env\Lib\site-packages\sklearn\linear_model\_logistic.py:469: ConvergenceWarning: lbfgs failed to converge (status=1):
STOP: TOTAL NO. of ITERATIONS REACHED LIMIT.

Increase the number of iterations (max_iter) or scale the data as shown in:
    https://scikit-learn.org/stable/modules/preprocessing.html
Please also refer to the documentation for alternative solver options:
    https://scikit-learn.org/stable/modules/linear_model.html#logistic-regression
  n_iter_i = _check_optimize_result(

2025-03-08 14:04:05,552:WARNING:D:\Anaconda\envs\python_311_env\Lib\site-packages\sklearn\linear_model\_logistic.py:469: ConvergenceWarning: lbfgs failed to converge (status=1):
STOP: TOTAL NO. of ITERATIONS REACHED LIMIT.

Increase the number of iterations (max_iter) or scale the data as shown in:
    https://scikit-learn.org/stable/modules/preprocessing.html
Please also refer to the documentation for alternative solver options:
    https://scikit-learn.org/stable/modules/linear_model.html#logistic-regression
  n_iter_i = _check_optimize_result(

2025-03-08 14:04:23,481:WARNING:D:\Anaconda\envs\python_311_env\Lib\site-packages\sklearn\linear_model\_logistic.py:469: ConvergenceWarning: lbfgs failed to converge (status=1):
STOP: TOTAL NO. of ITERATIONS REACHED LIMIT.

Increase the number of iterations (max_iter) or scale the data as shown in:
    https://scikit-learn.org/stable/modules/preprocessing.html
Please also refer to the documentation for alternative solver options:
    https://scikit-learn.org/stable/modules/linear_model.html#logistic-regression
  n_iter_i = _check_optimize_result(

2025-03-08 14:04:28,266:WARNING:D:\Anaconda\envs\python_311_env\Lib\site-packages\sklearn\linear_model\_logistic.py:469: ConvergenceWarning: lbfgs failed to converge (status=1):
STOP: TOTAL NO. of ITERATIONS REACHED LIMIT.

Increase the number of iterations (max_iter) or scale the data as shown in:
    https://scikit-learn.org/stable/modules/preprocessing.html
Please also refer to the documentation for alternative solver options:
    https://scikit-learn.org/stable/modules/linear_model.html#logistic-regression
  n_iter_i = _check_optimize_result(

2025-03-08 14:04:29,239:WARNING:D:\Anaconda\envs\python_311_env\Lib\site-packages\sklearn\linear_model\_logistic.py:469: ConvergenceWarning: lbfgs failed to converge (status=1):
STOP: TOTAL NO. of ITERATIONS REACHED LIMIT.

Increase the number of iterations (max_iter) or scale the data as shown in:
    https://scikit-learn.org/stable/modules/preprocessing.html
Please also refer to the documentation for alternative solver options:
    https://scikit-learn.org/stable/modules/linear_model.html#logistic-regression
  n_iter_i = _check_optimize_result(

2025-03-08 14:04:29,684:WARNING:D:\Anaconda\envs\python_311_env\Lib\site-packages\sklearn\linear_model\_logistic.py:469: ConvergenceWarning: lbfgs failed to converge (status=1):
STOP: TOTAL NO. of ITERATIONS REACHED LIMIT.

Increase the number of iterations (max_iter) or scale the data as shown in:
    https://scikit-learn.org/stable/modules/preprocessing.html
Please also refer to the documentation for alternative solver options:
    https://scikit-learn.org/stable/modules/linear_model.html#logistic-regression
  n_iter_i = _check_optimize_result(

2025-03-08 14:04:30,226:WARNING:D:\Anaconda\envs\python_311_env\Lib\site-packages\sklearn\linear_model\_logistic.py:469: ConvergenceWarning: lbfgs failed to converge (status=1):
STOP: TOTAL NO. of ITERATIONS REACHED LIMIT.

Increase the number of iterations (max_iter) or scale the data as shown in:
    https://scikit-learn.org/stable/modules/preprocessing.html
Please also refer to the documentation for alternative solver options:
    https://scikit-learn.org/stable/modules/linear_model.html#logistic-regression
  n_iter_i = _check_optimize_result(

2025-03-08 14:04:32,213:WARNING:D:\Anaconda\envs\python_311_env\Lib\site-packages\sklearn\linear_model\_logistic.py:469: ConvergenceWarning: lbfgs failed to converge (status=1):
STOP: TOTAL NO. of ITERATIONS REACHED LIMIT.

Increase the number of iterations (max_iter) or scale the data as shown in:
    https://scikit-learn.org/stable/modules/preprocessing.html
Please also refer to the documentation for alternative solver options:
    https://scikit-learn.org/stable/modules/linear_model.html#logistic-regression
  n_iter_i = _check_optimize_result(

2025-03-08 14:04:32,451:WARNING:D:\Anaconda\envs\python_311_env\Lib\site-packages\sklearn\linear_model\_logistic.py:469: ConvergenceWarning: lbfgs failed to converge (status=1):
STOP: TOTAL NO. of ITERATIONS REACHED LIMIT.

Increase the number of iterations (max_iter) or scale the data as shown in:
    https://scikit-learn.org/stable/modules/preprocessing.html
Please also refer to the documentation for alternative solver options:
    https://scikit-learn.org/stable/modules/linear_model.html#logistic-regression
  n_iter_i = _check_optimize_result(

2025-03-08 14:04:32,461:WARNING:D:\Anaconda\envs\python_311_env\Lib\site-packages\sklearn\linear_model\_logistic.py:469: ConvergenceWarning: lbfgs failed to converge (status=1):
STOP: TOTAL NO. of ITERATIONS REACHED LIMIT.

Increase the number of iterations (max_iter) or scale the data as shown in:
    https://scikit-learn.org/stable/modules/preprocessing.html
Please also refer to the documentation for alternative solver options:
    https://scikit-learn.org/stable/modules/linear_model.html#logistic-regression
  n_iter_i = _check_optimize_result(

2025-03-08 14:04:32,469:WARNING:D:\Anaconda\envs\python_311_env\Lib\site-packages\sklearn\linear_model\_logistic.py:469: ConvergenceWarning: lbfgs failed to converge (status=1):
STOP: TOTAL NO. of ITERATIONS REACHED LIMIT.

Increase the number of iterations (max_iter) or scale the data as shown in:
    https://scikit-learn.org/stable/modules/preprocessing.html
Please also refer to the documentation for alternative solver options:
    https://scikit-learn.org/stable/modules/linear_model.html#logistic-regression
  n_iter_i = _check_optimize_result(

2025-03-08 14:04:33,454:WARNING:D:\Anaconda\envs\python_311_env\Lib\site-packages\sklearn\linear_model\_logistic.py:469: ConvergenceWarning: lbfgs failed to converge (status=1):
STOP: TOTAL NO. of ITERATIONS REACHED LIMIT.

Increase the number of iterations (max_iter) or scale the data as shown in:
    https://scikit-learn.org/stable/modules/preprocessing.html
Please also refer to the documentation for alternative solver options:
    https://scikit-learn.org/stable/modules/linear_model.html#logistic-regression
  n_iter_i = _check_optimize_result(

2025-03-08 14:04:33,889:WARNING:D:\Anaconda\envs\python_311_env\Lib\site-packages\sklearn\linear_model\_logistic.py:469: ConvergenceWarning: lbfgs failed to converge (status=1):
STOP: TOTAL NO. of ITERATIONS REACHED LIMIT.

Increase the number of iterations (max_iter) or scale the data as shown in:
    https://scikit-learn.org/stable/modules/preprocessing.html
Please also refer to the documentation for alternative solver options:
    https://scikit-learn.org/stable/modules/linear_model.html#logistic-regression
  n_iter_i = _check_optimize_result(

2025-03-08 14:04:35,389:WARNING:D:\Anaconda\envs\python_311_env\Lib\site-packages\sklearn\linear_model\_logistic.py:469: ConvergenceWarning: lbfgs failed to converge (status=1):
STOP: TOTAL NO. of ITERATIONS REACHED LIMIT.

Increase the number of iterations (max_iter) or scale the data as shown in:
    https://scikit-learn.org/stable/modules/preprocessing.html
Please also refer to the documentation for alternative solver options:
    https://scikit-learn.org/stable/modules/linear_model.html#logistic-regression
  n_iter_i = _check_optimize_result(

2025-03-08 14:05:18,177:WARNING:D:\Anaconda\envs\python_311_env\Lib\site-packages\joblib\_memmapping_reducer.py:598: UserWarning: Failed to delete temporary folder: C:\Users\GUILHE~1\AppData\Local\Temp\joblib_memmapping_folder_3080_6b1f31c7c6d34ad1883d3ee4e1f4803a_ef6e3f1ad8fa467c8010f1a2a9812cb4
  warnings.warn("Failed to delete temporary folder: {}"

2025-03-08 14:05:18,177:WARNING:D:\Anaconda\envs\python_311_env\Lib\site-packages\joblib\_memmapping_reducer.py:598: UserWarning: Failed to delete temporary folder: C:\Users\GUILHE~1\AppData\Local\Temp\joblib_memmapping_folder_3080_6b1f31c7c6d34ad1883d3ee4e1f4803a_57103bca0f2a4f7a8bfa4746df28ce58
  warnings.warn("Failed to delete temporary folder: {}"

2025-03-08 14:05:18,177:WARNING:D:\Anaconda\envs\python_311_env\Lib\site-packages\joblib\_memmapping_reducer.py:598: UserWarning: Failed to delete temporary folder: C:\Users\GUILHE~1\AppData\Local\Temp\joblib_memmapping_folder_3080_39e8262a1bde47e89c0ca6328cca31ff_ef6e3f1ad8fa467c8010f1a2a9812cb4
  warnings.warn("Failed to delete temporary folder: {}"

2025-03-08 14:05:18,177:WARNING:D:\Anaconda\envs\python_311_env\Lib\site-packages\joblib\_memmapping_reducer.py:598: UserWarning: Failed to delete temporary folder: C:\Users\GUILHE~1\AppData\Local\Temp\joblib_memmapping_folder_3080_aede4f7bb1254d9f94df1e8bacda38f8_f0c6661fc8a540d3bd128a1bb9ae7075
  warnings.warn("Failed to delete temporary folder: {}"

2025-03-08 14:05:18,177:WARNING:D:\Anaconda\envs\python_311_env\Lib\site-packages\joblib\_memmapping_reducer.py:598: UserWarning: Failed to delete temporary folder: C:\Users\GUILHE~1\AppData\Local\Temp\joblib_memmapping_folder_3080_39e8262a1bde47e89c0ca6328cca31ff_2b627f31b0fa4fff87ad0196bed19af7
  warnings.warn("Failed to delete temporary folder: {}"

2025-03-08 14:05:18,177:WARNING:D:\Anaconda\envs\python_311_env\Lib\site-packages\joblib\_memmapping_reducer.py:598: UserWarning: Failed to delete temporary folder: C:\Users\GUILHE~1\AppData\Local\Temp\joblib_memmapping_folder_3080_c903e38db8ff4013b5c1da1eee868d4c_43069940b4304a87995e96bbefdc442f
  warnings.warn("Failed to delete temporary folder: {}"

2025-03-08 14:05:18,178:WARNING:D:\Anaconda\envs\python_311_env\Lib\site-packages\joblib\_memmapping_reducer.py:598: UserWarning: Failed to delete temporary folder: C:\Users\GUILHE~1\AppData\Local\Temp\joblib_memmapping_folder_3080_39e8262a1bde47e89c0ca6328cca31ff_627bb6b8ed5b41af8051d6157d7303d6
  warnings.warn("Failed to delete temporary folder: {}"

2025-03-08 14:05:18,178:WARNING:D:\Anaconda\envs\python_311_env\Lib\site-packages\joblib\_memmapping_reducer.py:598: UserWarning: Failed to delete temporary folder: C:\Users\GUILHE~1\AppData\Local\Temp\joblib_memmapping_folder_3080_faad17928d89449cae3813a324f32b00_b17ed76adc104c59a3711c068d0feb09
  warnings.warn("Failed to delete temporary folder: {}"

2025-03-08 14:05:18,178:WARNING:D:\Anaconda\envs\python_311_env\Lib\site-packages\joblib\_memmapping_reducer.py:598: UserWarning: Failed to delete temporary folder: C:\Users\GUILHE~1\AppData\Local\Temp\joblib_memmapping_folder_3080_39e8262a1bde47e89c0ca6328cca31ff_c880d40c1972489e998d30528c291940
  warnings.warn("Failed to delete temporary folder: {}"

2025-03-08 14:05:18,178:WARNING:D:\Anaconda\envs\python_311_env\Lib\site-packages\joblib\_memmapping_reducer.py:598: UserWarning: Failed to delete temporary folder: C:\Users\GUILHE~1\AppData\Local\Temp\joblib_memmapping_folder_3080_be3ae89a9ff5411f9ec87ecd1411573c_dfd596adb08a4c6494444707adff5520
  warnings.warn("Failed to delete temporary folder: {}"

2025-03-08 14:05:18,178:WARNING:D:\Anaconda\envs\python_311_env\Lib\site-packages\joblib\_memmapping_reducer.py:598: UserWarning: Failed to delete temporary folder: C:\Users\GUILHE~1\AppData\Local\Temp\joblib_memmapping_folder_3080_39e8262a1bde47e89c0ca6328cca31ff_554ac1e939484b56b44e386ef8b132b5
  warnings.warn("Failed to delete temporary folder: {}"

2025-03-08 14:05:18,178:WARNING:D:\Anaconda\envs\python_311_env\Lib\site-packages\joblib\_memmapping_reducer.py:598: UserWarning: Failed to delete temporary folder: C:\Users\GUILHE~1\AppData\Local\Temp\joblib_memmapping_folder_3080_e6a79b73b40f4fc1b6b11ba19a80228e_ab3824148d6a4118be9750162f18ea15
  warnings.warn("Failed to delete temporary folder: {}"

2025-03-08 14:05:18,178:WARNING:D:\Anaconda\envs\python_311_env\Lib\site-packages\joblib\_memmapping_reducer.py:598: UserWarning: Failed to delete temporary folder: C:\Users\GUILHE~1\AppData\Local\Temp\joblib_memmapping_folder_3080_39e8262a1bde47e89c0ca6328cca31ff_9a9e45c5da5f4aa181675bd002243552
  warnings.warn("Failed to delete temporary folder: {}"

2025-03-08 14:05:18,178:WARNING:D:\Anaconda\envs\python_311_env\Lib\site-packages\joblib\_memmapping_reducer.py:598: UserWarning: Failed to delete temporary folder: C:\Users\GUILHE~1\AppData\Local\Temp\joblib_memmapping_folder_3080_2672a4dde06f42f2833021bc1493178b_313db37d641a4de697b02412cce518d0
  warnings.warn("Failed to delete temporary folder: {}"

2025-03-08 14:05:18,178:WARNING:D:\Anaconda\envs\python_311_env\Lib\site-packages\joblib\_memmapping_reducer.py:598: UserWarning: Failed to delete temporary folder: C:\Users\GUILHE~1\AppData\Local\Temp\joblib_memmapping_folder_3080_39e8262a1bde47e89c0ca6328cca31ff_e443a483f9aa4358aded0898e20cf108
  warnings.warn("Failed to delete temporary folder: {}"

2025-03-08 14:05:18,179:WARNING:D:\Anaconda\envs\python_311_env\Lib\site-packages\joblib\_memmapping_reducer.py:598: UserWarning: Failed to delete temporary folder: C:\Users\GUILHE~1\AppData\Local\Temp\joblib_memmapping_folder_3080_5bdcded348e14a94abd4635024e68460_11bbd3847e07474d8f0dd376740a44f8
  warnings.warn("Failed to delete temporary folder: {}"

2025-03-08 14:05:18,179:WARNING:D:\Anaconda\envs\python_311_env\Lib\site-packages\joblib\_memmapping_reducer.py:598: UserWarning: Failed to delete temporary folder: C:\Users\GUILHE~1\AppData\Local\Temp\joblib_memmapping_folder_3080_39e8262a1bde47e89c0ca6328cca31ff_4fb968de02f0423c9649b1074f90d8c1
  warnings.warn("Failed to delete temporary folder: {}"

2025-03-08 14:05:18,179:WARNING:D:\Anaconda\envs\python_311_env\Lib\site-packages\joblib\_memmapping_reducer.py:598: UserWarning: Failed to delete temporary folder: C:\Users\GUILHE~1\AppData\Local\Temp\joblib_memmapping_folder_3080_9602d51b3bc64cbab17edfc0c91b57f2_3ca24ce5f5d0441193545fd4a3c5c0b6
  warnings.warn("Failed to delete temporary folder: {}"

2025-03-08 14:05:18,179:WARNING:D:\Anaconda\envs\python_311_env\Lib\site-packages\joblib\_memmapping_reducer.py:598: UserWarning: Failed to delete temporary folder: C:\Users\GUILHE~1\AppData\Local\Temp\joblib_memmapping_folder_3080_39e8262a1bde47e89c0ca6328cca31ff_22ebcf8ad5ff44f8a5785937be792b79
  warnings.warn("Failed to delete temporary folder: {}"

2025-03-08 14:05:18,179:WARNING:D:\Anaconda\envs\python_311_env\Lib\site-packages\joblib\_memmapping_reducer.py:598: UserWarning: Failed to delete temporary folder: C:\Users\GUILHE~1\AppData\Local\Temp\joblib_memmapping_folder_3080_b86c09c68900459b8a17fef6d7e7b642_6c12555ab4f34bdaa36052e0a4551cc4
  warnings.warn("Failed to delete temporary folder: {}"

2025-03-08 14:05:18,179:WARNING:D:\Anaconda\envs\python_311_env\Lib\site-packages\joblib\_memmapping_reducer.py:598: UserWarning: Failed to delete temporary folder: C:\Users\GUILHE~1\AppData\Local\Temp\joblib_memmapping_folder_3080_39e8262a1bde47e89c0ca6328cca31ff_63900b0f0f9b4a9d9a85b55487404e72
  warnings.warn("Failed to delete temporary folder: {}"

2025-03-08 14:05:18,179:WARNING:D:\Anaconda\envs\python_311_env\Lib\site-packages\joblib\_memmapping_reducer.py:598: UserWarning: Failed to delete temporary folder: C:\Users\GUILHE~1\AppData\Local\Temp\joblib_memmapping_folder_3080_1b7f3b99e062452c8ed45385dadbcb4a_b1d42864a9c844f3a3cf1954f1a841db
  warnings.warn("Failed to delete temporary folder: {}"

2025-03-08 14:05:18,179:WARNING:D:\Anaconda\envs\python_311_env\Lib\site-packages\joblib\_memmapping_reducer.py:598: UserWarning: Failed to delete temporary folder: C:\Users\GUILHE~1\AppData\Local\Temp\joblib_memmapping_folder_3080_39e8262a1bde47e89c0ca6328cca31ff_2ccb03b88df5434c89665d120c28a7a8
  warnings.warn("Failed to delete temporary folder: {}"

2025-03-08 14:05:18,180:WARNING:D:\Anaconda\envs\python_311_env\Lib\site-packages\joblib\_memmapping_reducer.py:598: UserWarning: Failed to delete temporary folder: C:\Users\GUILHE~1\AppData\Local\Temp\joblib_memmapping_folder_3080_daf632ce473746be892824a860a883d4_c28bc0126eb342789b8018576878e376
  warnings.warn("Failed to delete temporary folder: {}"

2025-03-08 14:05:18,180:WARNING:D:\Anaconda\envs\python_311_env\Lib\site-packages\joblib\_memmapping_reducer.py:598: UserWarning: Failed to delete temporary folder: C:\Users\GUILHE~1\AppData\Local\Temp\joblib_memmapping_folder_3080_39e8262a1bde47e89c0ca6328cca31ff_67ded4d69d544e12a48cb7c9bb71710e
  warnings.warn("Failed to delete temporary folder: {}"

2025-03-08 14:05:18,180:WARNING:D:\Anaconda\envs\python_311_env\Lib\site-packages\joblib\_memmapping_reducer.py:598: UserWarning: Failed to delete temporary folder: C:\Users\GUILHE~1\AppData\Local\Temp\joblib_memmapping_folder_3080_3c56e8ed4f3b42d09a20b97ceb1abfe8_e80c032b69cb489dadafe84ca912d997
  warnings.warn("Failed to delete temporary folder: {}"

2025-03-08 14:05:18,180:WARNING:D:\Anaconda\envs\python_311_env\Lib\site-packages\joblib\_memmapping_reducer.py:598: UserWarning: Failed to delete temporary folder: C:\Users\GUILHE~1\AppData\Local\Temp\joblib_memmapping_folder_3080_39e8262a1bde47e89c0ca6328cca31ff_ae2221c568b54c2f81796c98c4e6f0a3
  warnings.warn("Failed to delete temporary folder: {}"

2025-03-08 14:05:18,180:WARNING:D:\Anaconda\envs\python_311_env\Lib\site-packages\joblib\_memmapping_reducer.py:598: UserWarning: Failed to delete temporary folder: C:\Users\GUILHE~1\AppData\Local\Temp\joblib_memmapping_folder_3080_6a16f4d274b4441b932610f6ee393f05_ecebd6c28e364df6a2a350b0a3c4548e
  warnings.warn("Failed to delete temporary folder: {}"

2025-03-08 14:05:18,180:WARNING:D:\Anaconda\envs\python_311_env\Lib\site-packages\joblib\_memmapping_reducer.py:598: UserWarning: Failed to delete temporary folder: C:\Users\GUILHE~1\AppData\Local\Temp\joblib_memmapping_folder_3080_39e8262a1bde47e89c0ca6328cca31ff_d51dc690d3e849e3931c879e1f41423c
  warnings.warn("Failed to delete temporary folder: {}"

2025-03-08 14:05:18,180:WARNING:D:\Anaconda\envs\python_311_env\Lib\site-packages\joblib\_memmapping_reducer.py:598: UserWarning: Failed to delete temporary folder: C:\Users\GUILHE~1\AppData\Local\Temp\joblib_memmapping_folder_3080_e6e73f75a45944c0add7e52154ce7aef_2e9eccf0fdaa466a961a82a68e102aee
  warnings.warn("Failed to delete temporary folder: {}"

2025-03-08 14:05:18,180:WARNING:D:\Anaconda\envs\python_311_env\Lib\site-packages\joblib\_memmapping_reducer.py:598: UserWarning: Failed to delete temporary folder: C:\Users\GUILHE~1\AppData\Local\Temp\joblib_memmapping_folder_3080_39e8262a1bde47e89c0ca6328cca31ff_520a5ddfd9944feb92bd933851284b9c
  warnings.warn("Failed to delete temporary folder: {}"

2025-03-08 14:05:18,180:WARNING:D:\Anaconda\envs\python_311_env\Lib\site-packages\joblib\_memmapping_reducer.py:598: UserWarning: Failed to delete temporary folder: C:\Users\GUILHE~1\AppData\Local\Temp\joblib_memmapping_folder_3080_39e8262a1bde47e89c0ca6328cca31ff_afa6e2b8b3394480a8a3b900be11df0e
  warnings.warn("Failed to delete temporary folder: {}"

2025-03-08 14:05:18,181:WARNING:D:\Anaconda\envs\python_311_env\Lib\site-packages\joblib\_memmapping_reducer.py:598: UserWarning: Failed to delete temporary folder: C:\Users\GUILHE~1\AppData\Local\Temp\joblib_memmapping_folder_3080_7b5634de91f940b9a361c03c73c3a54e_4e493110693e4ed58d61f8df4e156420
  warnings.warn("Failed to delete temporary folder: {}"

2025-03-08 14:05:18,181:WARNING:D:\Anaconda\envs\python_311_env\Lib\site-packages\joblib\_memmapping_reducer.py:598: UserWarning: Failed to delete temporary folder: C:\Users\GUILHE~1\AppData\Local\Temp\joblib_memmapping_folder_3080_c56d4203e2554a8b87536b21c2729fd8_83ef9ba93738498d8bc54bcae23c43ee
  warnings.warn("Failed to delete temporary folder: {}"

2025-03-08 14:06:14,609:WARNING:
'cuml' is a soft dependency and not included in the pycaret installation. Please run: `pip install cuml` to install.
2025-03-08 14:06:14,609:WARNING:
'cuml' is a soft dependency and not included in the pycaret installation. Please run: `pip install cuml` to install.
2025-03-08 14:06:14,609:WARNING:
'cuml' is a soft dependency and not included in the pycaret installation. Please run: `pip install cuml` to install.
2025-03-08 14:06:14,609:WARNING:
'cuml' is a soft dependency and not included in the pycaret installation. Please run: `pip install cuml` to install.
2025-03-08 14:06:15,142:INFO:PyCaret ClassificationExperiment
2025-03-08 14:06:15,142:INFO:Logging name: clf-default-name
2025-03-08 14:06:15,142:INFO:ML Usecase: MLUsecase.CLASSIFICATION
2025-03-08 14:06:15,142:INFO:version 3.3.2
2025-03-08 14:06:15,142:INFO:Initializing setup()
2025-03-08 14:06:15,142:INFO:self.USI: 3795
2025-03-08 14:06:15,142:INFO:self._variable_keys: {'X_train', 'log_plots_param', 'data', 'pipeline', 'is_multiclass', 'USI', 'gpu_n_jobs_param', 'html_param', 'exp_name_log', 'target_param', 'exp_id', 'y_train', 'X_test', 'seed', 'fold_groups_param', 'y_test', 'fold_shuffle_param', 'fix_imbalance', 'n_jobs_param', 'idx', '_available_plots', 'X', 'memory', '_ml_usecase', 'y', 'fold_generator', 'gpu_param', 'logging_param'}
2025-03-08 14:06:15,142:INFO:Checking environment
2025-03-08 14:06:15,142:INFO:python_version: 3.11.11
2025-03-08 14:06:15,142:INFO:python_build: ('main', 'Dec 11 2024 16:34:19')
2025-03-08 14:06:15,142:INFO:machine: AMD64
2025-03-08 14:06:15,142:INFO:platform: Windows-10-10.0.19045-SP0
2025-03-08 14:06:15,146:INFO:Memory: svmem(total=17068290048, available=5979004928, percent=65.0, used=11089285120, free=5979004928)
2025-03-08 14:06:15,146:INFO:Physical Core: 6
2025-03-08 14:06:15,146:INFO:Logical Core: 12
2025-03-08 14:06:15,146:INFO:Checking libraries
2025-03-08 14:06:15,146:INFO:System:
2025-03-08 14:06:15,146:INFO:    python: 3.11.11 | packaged by Anaconda, Inc. | (main, Dec 11 2024, 16:34:19) [MSC v.1929 64 bit (AMD64)]
2025-03-08 14:06:15,147:INFO:executable: D:\Anaconda\envs\python_311_env\python.exe
2025-03-08 14:06:15,147:INFO:   machine: Windows-10-10.0.19045-SP0
2025-03-08 14:06:15,147:INFO:PyCaret required dependencies:
2025-03-08 14:06:15,172:INFO:                 pip: 25.0
2025-03-08 14:06:15,172:INFO:          setuptools: 75.8.0
2025-03-08 14:06:15,172:INFO:             pycaret: 3.3.2
2025-03-08 14:06:15,172:INFO:             IPython: 9.0.1
2025-03-08 14:06:15,172:INFO:          ipywidgets: 8.1.5
2025-03-08 14:06:15,172:INFO:                tqdm: 4.67.1
2025-03-08 14:06:15,172:INFO:               numpy: 1.26.4
2025-03-08 14:06:15,172:INFO:              pandas: 2.1.4
2025-03-08 14:06:15,172:INFO:              jinja2: 3.1.6
2025-03-08 14:06:15,172:INFO:               scipy: 1.11.4
2025-03-08 14:06:15,172:INFO:              joblib: 1.3.2
2025-03-08 14:06:15,172:INFO:             sklearn: 1.4.2
2025-03-08 14:06:15,172:INFO:                pyod: 2.0.3
2025-03-08 14:06:15,172:INFO:            imblearn: 0.13.0
2025-03-08 14:06:15,172:INFO:   category_encoders: 2.7.0
2025-03-08 14:06:15,172:INFO:            lightgbm: 4.6.0
2025-03-08 14:06:15,172:INFO:               numba: 0.61.0
2025-03-08 14:06:15,172:INFO:            requests: 2.32.3
2025-03-08 14:06:15,172:INFO:          matplotlib: 3.7.5
2025-03-08 14:06:15,172:INFO:          scikitplot: 0.3.7
2025-03-08 14:06:15,172:INFO:         yellowbrick: 1.5
2025-03-08 14:06:15,172:INFO:              plotly: 5.24.1
2025-03-08 14:06:15,173:INFO:    plotly-resampler: Not installed
2025-03-08 14:06:15,173:INFO:             kaleido: 0.2.1
2025-03-08 14:06:15,173:INFO:           schemdraw: 0.15
2025-03-08 14:06:15,173:INFO:         statsmodels: 0.14.4
2025-03-08 14:06:15,173:INFO:              sktime: 0.26.0
2025-03-08 14:06:15,173:INFO:               tbats: 1.1.3
2025-03-08 14:06:15,173:INFO:            pmdarima: 2.0.4
2025-03-08 14:06:15,173:INFO:              psutil: 7.0.0
2025-03-08 14:06:15,173:INFO:          markupsafe: 3.0.2
2025-03-08 14:06:15,173:INFO:             pickle5: Not installed
2025-03-08 14:06:15,173:INFO:         cloudpickle: 3.1.1
2025-03-08 14:06:15,173:INFO:         deprecation: 2.1.0
2025-03-08 14:06:15,173:INFO:              xxhash: 3.5.0
2025-03-08 14:06:15,173:INFO:           wurlitzer: Not installed
2025-03-08 14:06:15,173:INFO:PyCaret optional dependencies:
2025-03-08 14:06:15,194:INFO:                shap: Not installed
2025-03-08 14:06:15,194:INFO:           interpret: Not installed
2025-03-08 14:06:15,194:INFO:                umap: Not installed
2025-03-08 14:06:15,194:INFO:     ydata_profiling: Not installed
2025-03-08 14:06:15,194:INFO:  explainerdashboard: Not installed
2025-03-08 14:06:15,194:INFO:             autoviz: Not installed
2025-03-08 14:06:15,194:INFO:           fairlearn: Not installed
2025-03-08 14:06:15,194:INFO:          deepchecks: Not installed
2025-03-08 14:06:15,194:INFO:             xgboost: Not installed
2025-03-08 14:06:15,194:INFO:            catboost: Not installed
2025-03-08 14:06:15,194:INFO:              kmodes: Not installed
2025-03-08 14:06:15,194:INFO:             mlxtend: Not installed
2025-03-08 14:06:15,194:INFO:       statsforecast: Not installed
2025-03-08 14:06:15,194:INFO:        tune_sklearn: Not installed
2025-03-08 14:06:15,194:INFO:                 ray: Not installed
2025-03-08 14:06:15,194:INFO:            hyperopt: Not installed
2025-03-08 14:06:15,194:INFO:              optuna: Not installed
2025-03-08 14:06:15,194:INFO:               skopt: Not installed
2025-03-08 14:06:15,194:INFO:              mlflow: Not installed
2025-03-08 14:06:15,194:INFO:              gradio: Not installed
2025-03-08 14:06:15,194:INFO:             fastapi: Not installed
2025-03-08 14:06:15,195:INFO:             uvicorn: Not installed
2025-03-08 14:06:15,195:INFO:              m2cgen: Not installed
2025-03-08 14:06:15,195:INFO:           evidently: Not installed
2025-03-08 14:06:15,195:INFO:               fugue: Not installed
2025-03-08 14:06:15,195:INFO:           streamlit: Not installed
2025-03-08 14:06:15,195:INFO:             prophet: Not installed
2025-03-08 14:06:15,195:INFO:None
2025-03-08 14:06:15,195:INFO:Set up data.
2025-03-08 14:06:15,250:INFO:Set up folding strategy.
2025-03-08 14:06:15,250:INFO:Set up train/test split.
2025-03-08 14:06:15,285:INFO:Set up index.
2025-03-08 14:06:15,287:INFO:Assigning column types.
2025-03-08 14:06:15,297:INFO:Engine successfully changes for model 'lr' to 'sklearn'.
2025-03-08 14:06:15,335:INFO:Engine for model 'knn' has not been set explicitly, hence returning None.
2025-03-08 14:06:15,338:INFO:Engine for model 'rbfsvm' has not been set explicitly, hence returning None.
2025-03-08 14:06:15,367:WARNING:
'xgboost' is a soft dependency and not included in the pycaret installation. Please run: `pip install xgboost` to install.
Alternately, you can install this by running `pip install pycaret[models]`
2025-03-08 14:06:15,367:WARNING:
'catboost' is a soft dependency and not included in the pycaret installation. Please run: `pip install catboost` to install.
Alternately, you can install this by running `pip install pycaret[models]`
2025-03-08 14:06:15,404:INFO:Engine for model 'knn' has not been set explicitly, hence returning None.
2025-03-08 14:06:15,405:INFO:Engine for model 'rbfsvm' has not been set explicitly, hence returning None.
2025-03-08 14:06:15,428:WARNING:
'xgboost' is a soft dependency and not included in the pycaret installation. Please run: `pip install xgboost` to install.
Alternately, you can install this by running `pip install pycaret[models]`
2025-03-08 14:06:15,428:WARNING:
'catboost' is a soft dependency and not included in the pycaret installation. Please run: `pip install catboost` to install.
Alternately, you can install this by running `pip install pycaret[models]`
2025-03-08 14:06:15,428:INFO:Engine successfully changes for model 'knn' to 'sklearn'.
2025-03-08 14:06:15,466:INFO:Engine for model 'rbfsvm' has not been set explicitly, hence returning None.
2025-03-08 14:06:15,489:WARNING:
'xgboost' is a soft dependency and not included in the pycaret installation. Please run: `pip install xgboost` to install.
Alternately, you can install this by running `pip install pycaret[models]`
2025-03-08 14:06:15,489:WARNING:
'catboost' is a soft dependency and not included in the pycaret installation. Please run: `pip install catboost` to install.
Alternately, you can install this by running `pip install pycaret[models]`
2025-03-08 14:06:15,526:INFO:Engine for model 'rbfsvm' has not been set explicitly, hence returning None.
2025-03-08 14:06:15,550:WARNING:
'xgboost' is a soft dependency and not included in the pycaret installation. Please run: `pip install xgboost` to install.
Alternately, you can install this by running `pip install pycaret[models]`
2025-03-08 14:06:15,550:WARNING:
'catboost' is a soft dependency and not included in the pycaret installation. Please run: `pip install catboost` to install.
Alternately, you can install this by running `pip install pycaret[models]`
2025-03-08 14:06:15,550:INFO:Engine successfully changes for model 'rbfsvm' to 'sklearn'.
2025-03-08 14:06:15,611:WARNING:
'xgboost' is a soft dependency and not included in the pycaret installation. Please run: `pip install xgboost` to install.
Alternately, you can install this by running `pip install pycaret[models]`
2025-03-08 14:06:15,611:WARNING:
'catboost' is a soft dependency and not included in the pycaret installation. Please run: `pip install catboost` to install.
Alternately, you can install this by running `pip install pycaret[models]`
2025-03-08 14:06:15,671:WARNING:
'xgboost' is a soft dependency and not included in the pycaret installation. Please run: `pip install xgboost` to install.
Alternately, you can install this by running `pip install pycaret[models]`
2025-03-08 14:06:15,671:WARNING:
'catboost' is a soft dependency and not included in the pycaret installation. Please run: `pip install catboost` to install.
Alternately, you can install this by running `pip install pycaret[models]`
2025-03-08 14:06:15,674:INFO:Preparing preprocessing pipeline...
2025-03-08 14:06:15,676:INFO:Set up simple imputation.
2025-03-08 14:06:15,691:INFO:Set up encoding of ordinal features.
2025-03-08 14:06:15,703:INFO:Set up encoding of categorical features.
2025-03-08 14:06:16,010:INFO:Finished creating preprocessing pipeline.
2025-03-08 14:06:16,036:INFO:Pipeline: Pipeline(memory=FastMemory(location=C:\Users\GUILHE~1\AppData\Local\Temp\joblib),
         steps=[('numerical_imputer',
                 TransformerWrapper(exclude=None,
                                    include=['qtd_filhos', 'idade',
                                             'tempo_emprego',
                                             'qt_pessoas_residencia', 'renda'],
                                    transformer=SimpleImputer(add_indicator=False,
                                                              copy=True,
                                                              fill_value=None,
                                                              keep_empty_features=False,
                                                              missing_values=nan,
                                                              strategy='mea...
                                                               verbose=0))),
                ('onehot_encoding',
                 TransformerWrapper(exclude=None,
                                    include=['tipo_renda', 'educacao',
                                             'estado_civil',
                                             'tipo_residencia'],
                                    transformer=OneHotEncoder(cols=['tipo_renda',
                                                                    'educacao',
                                                                    'estado_civil',
                                                                    'tipo_residencia'],
                                                              drop_invariant=False,
                                                              handle_missing='return_nan',
                                                              handle_unknown='value',
                                                              return_df=True,
                                                              use_cat_names=True,
                                                              verbose=0)))],
         verbose=False)
2025-03-08 14:06:16,036:INFO:Creating final display dataframe.
2025-03-08 14:06:16,758:INFO:Setup _display_container:                     Description             Value
0                    Session id               412
1                        Target               mau
2                   Target type            Binary
3           Original data shape      (120000, 13)
4        Transformed data shape      (120000, 30)
5   Transformed train set shape       (84000, 30)
6    Transformed test set shape       (36000, 30)
7              Numeric features                 5
8          Categorical features                 7
9                    Preprocess              True
10              Imputation type            simple
11           Numeric imputation              mean
12       Categorical imputation              mode
13     Maximum one-hot encoding                25
14              Encoding method              None
15               Fold Generator   StratifiedKFold
16                  Fold Number                10
17                     CPU Jobs                -1
18                      Use GPU             False
19               Log Experiment             False
20              Experiment Name  clf-default-name
21                          USI              3795
2025-03-08 14:06:16,824:WARNING:
'xgboost' is a soft dependency and not included in the pycaret installation. Please run: `pip install xgboost` to install.
Alternately, you can install this by running `pip install pycaret[models]`
2025-03-08 14:06:16,824:WARNING:
'catboost' is a soft dependency and not included in the pycaret installation. Please run: `pip install catboost` to install.
Alternately, you can install this by running `pip install pycaret[models]`
2025-03-08 14:06:16,885:WARNING:
'xgboost' is a soft dependency and not included in the pycaret installation. Please run: `pip install xgboost` to install.
Alternately, you can install this by running `pip install pycaret[models]`
2025-03-08 14:06:16,885:WARNING:
'catboost' is a soft dependency and not included in the pycaret installation. Please run: `pip install catboost` to install.
Alternately, you can install this by running `pip install pycaret[models]`
2025-03-08 14:06:16,886:INFO:setup() successfully completed in 1.75s...............
2025-03-08 14:06:16,890:INFO:Initializing compare_models()
2025-03-08 14:06:16,890:INFO:compare_models(self=<pycaret.classification.oop.ClassificationExperiment object at 0x000002AF8EAF78D0>, include=None, exclude=None, fold=5, round=4, cross_validation=True, sort=Accuracy, n_select=1, budget_time=None, turbo=True, errors=ignore, fit_kwargs=None, groups=None, experiment_custom_tags=None, probability_threshold=None, verbose=True, parallel=None, caller_params={'self': <pycaret.classification.oop.ClassificationExperiment object at 0x000002AF8EAF78D0>, 'include': None, 'exclude': None, 'fold': 5, 'round': 4, 'cross_validation': True, 'sort': 'Accuracy', 'n_select': 1, 'budget_time': None, 'turbo': True, 'errors': 'ignore', 'fit_kwargs': None, 'groups': None, 'experiment_custom_tags': None, 'probability_threshold': None, 'engine': None, 'verbose': True, 'parallel': None, '__class__': <class 'pycaret.classification.oop.ClassificationExperiment'>})
2025-03-08 14:06:16,890:INFO:Checking exceptions
2025-03-08 14:06:16,904:INFO:Preparing display monitor
2025-03-08 14:06:16,919:INFO:Initializing Logistic Regression
2025-03-08 14:06:16,919:INFO:Total runtime is 0.0 minutes
2025-03-08 14:06:16,922:INFO:SubProcess create_model() called ==================================
2025-03-08 14:06:16,922:INFO:Initializing create_model()
2025-03-08 14:06:16,922:INFO:create_model(self=<pycaret.classification.oop.ClassificationExperiment object at 0x000002AF8EAF78D0>, estimator=lr, fold=StratifiedKFold(n_splits=5, random_state=None, shuffle=False), round=4, cross_validation=True, predict=True, fit_kwargs={}, groups=None, refit=False, probability_threshold=None, experiment_custom_tags=None, verbose=False, system=False, add_to_model_list=True, metrics=None, display=<pycaret.internal.display.display.CommonDisplay object at 0x000002AF8BDF9C50>, model_only=True, return_train_score=False, error_score=0.0, kwargs={})
2025-03-08 14:06:16,922:INFO:Checking exceptions
2025-03-08 14:06:16,923:INFO:Importing libraries
2025-03-08 14:06:16,923:INFO:Copying training dataset
2025-03-08 14:06:16,948:INFO:Defining folds
2025-03-08 14:06:16,949:INFO:Declaring metric variables
2025-03-08 14:06:16,951:INFO:Importing untrained model
2025-03-08 14:06:16,954:INFO:Logistic Regression Imported successfully
2025-03-08 14:06:16,958:INFO:Starting cross validation
2025-03-08 14:06:16,960:INFO:Cross validating with StratifiedKFold(n_splits=5, random_state=None, shuffle=False), n_jobs=-1
2025-03-08 14:06:28,654:WARNING:D:\Anaconda\envs\python_311_env\Lib\site-packages\sklearn\linear_model\_logistic.py:469: ConvergenceWarning: lbfgs failed to converge (status=1):
STOP: TOTAL NO. of ITERATIONS REACHED LIMIT.

Increase the number of iterations (max_iter) or scale the data as shown in:
    https://scikit-learn.org/stable/modules/preprocessing.html
Please also refer to the documentation for alternative solver options:
    https://scikit-learn.org/stable/modules/linear_model.html#logistic-regression
  n_iter_i = _check_optimize_result(

2025-03-08 14:06:28,765:WARNING:D:\Anaconda\envs\python_311_env\Lib\site-packages\sklearn\linear_model\_logistic.py:469: ConvergenceWarning: lbfgs failed to converge (status=1):
STOP: TOTAL NO. of ITERATIONS REACHED LIMIT.

Increase the number of iterations (max_iter) or scale the data as shown in:
    https://scikit-learn.org/stable/modules/preprocessing.html
Please also refer to the documentation for alternative solver options:
    https://scikit-learn.org/stable/modules/linear_model.html#logistic-regression
  n_iter_i = _check_optimize_result(

2025-03-08 14:06:28,785:WARNING:D:\Anaconda\envs\python_311_env\Lib\site-packages\sklearn\linear_model\_logistic.py:469: ConvergenceWarning: lbfgs failed to converge (status=1):
STOP: TOTAL NO. of ITERATIONS REACHED LIMIT.

Increase the number of iterations (max_iter) or scale the data as shown in:
    https://scikit-learn.org/stable/modules/preprocessing.html
Please also refer to the documentation for alternative solver options:
    https://scikit-learn.org/stable/modules/linear_model.html#logistic-regression
  n_iter_i = _check_optimize_result(

2025-03-08 14:06:28,811:WARNING:D:\Anaconda\envs\python_311_env\Lib\site-packages\sklearn\metrics\_classification.py:1509: UndefinedMetricWarning: Precision is ill-defined and being set to 0.0 due to no predicted samples. Use `zero_division` parameter to control this behavior.
  _warn_prf(average, modifier, f"{metric.capitalize()} is", len(result))

2025-03-08 14:06:28,816:WARNING:D:\Anaconda\envs\python_311_env\Lib\site-packages\sklearn\linear_model\_logistic.py:469: ConvergenceWarning: lbfgs failed to converge (status=1):
STOP: TOTAL NO. of ITERATIONS REACHED LIMIT.

Increase the number of iterations (max_iter) or scale the data as shown in:
    https://scikit-learn.org/stable/modules/preprocessing.html
Please also refer to the documentation for alternative solver options:
    https://scikit-learn.org/stable/modules/linear_model.html#logistic-regression
  n_iter_i = _check_optimize_result(

2025-03-08 14:06:28,820:WARNING:D:\Anaconda\envs\python_311_env\Lib\site-packages\sklearn\linear_model\_logistic.py:469: ConvergenceWarning: lbfgs failed to converge (status=1):
STOP: TOTAL NO. of ITERATIONS REACHED LIMIT.

Increase the number of iterations (max_iter) or scale the data as shown in:
    https://scikit-learn.org/stable/modules/preprocessing.html
Please also refer to the documentation for alternative solver options:
    https://scikit-learn.org/stable/modules/linear_model.html#logistic-regression
  n_iter_i = _check_optimize_result(

2025-03-08 14:06:28,889:WARNING:D:\Anaconda\envs\python_311_env\Lib\site-packages\sklearn\metrics\_classification.py:1509: UndefinedMetricWarning: Precision is ill-defined and being set to 0.0 due to no predicted samples. Use `zero_division` parameter to control this behavior.
  _warn_prf(average, modifier, f"{metric.capitalize()} is", len(result))

2025-03-08 14:06:28,905:WARNING:D:\Anaconda\envs\python_311_env\Lib\site-packages\sklearn\metrics\_classification.py:1509: UndefinedMetricWarning: Precision is ill-defined and being set to 0.0 due to no predicted samples. Use `zero_division` parameter to control this behavior.
  _warn_prf(average, modifier, f"{metric.capitalize()} is", len(result))

2025-03-08 14:06:28,922:WARNING:D:\Anaconda\envs\python_311_env\Lib\site-packages\sklearn\metrics\_classification.py:1509: UndefinedMetricWarning: Precision is ill-defined and being set to 0.0 due to no predicted samples. Use `zero_division` parameter to control this behavior.
  _warn_prf(average, modifier, f"{metric.capitalize()} is", len(result))

2025-03-08 14:06:28,923:WARNING:D:\Anaconda\envs\python_311_env\Lib\site-packages\sklearn\metrics\_classification.py:1509: UndefinedMetricWarning: Precision is ill-defined and being set to 0.0 due to no predicted samples. Use `zero_division` parameter to control this behavior.
  _warn_prf(average, modifier, f"{metric.capitalize()} is", len(result))

2025-03-08 14:06:28,941:INFO:Calculating mean and std
2025-03-08 14:06:28,942:INFO:Creating metrics dataframe
2025-03-08 14:06:28,944:INFO:Uploading results into container
2025-03-08 14:06:28,945:INFO:Uploading model into container now
2025-03-08 14:06:28,945:INFO:_master_model_container: 1
2025-03-08 14:06:28,946:INFO:_display_container: 2
2025-03-08 14:06:28,946:INFO:LogisticRegression(C=1.0, class_weight=None, dual=False, fit_intercept=True,
                   intercept_scaling=1, l1_ratio=None, max_iter=1000,
                   multi_class='auto', n_jobs=None, penalty='l2',
                   random_state=412, solver='lbfgs', tol=0.0001, verbose=0,
                   warm_start=False)
2025-03-08 14:06:28,946:INFO:create_model() successfully completed......................................
2025-03-08 14:06:29,036:INFO:SubProcess create_model() end ==================================
2025-03-08 14:06:29,036:INFO:Creating metrics dataframe
2025-03-08 14:06:29,042:INFO:Initializing K Neighbors Classifier
2025-03-08 14:06:29,042:INFO:Total runtime is 0.202055295308431 minutes
2025-03-08 14:06:29,044:INFO:SubProcess create_model() called ==================================
2025-03-08 14:06:29,044:INFO:Initializing create_model()
2025-03-08 14:06:29,044:INFO:create_model(self=<pycaret.classification.oop.ClassificationExperiment object at 0x000002AF8EAF78D0>, estimator=knn, fold=StratifiedKFold(n_splits=5, random_state=None, shuffle=False), round=4, cross_validation=True, predict=True, fit_kwargs={}, groups=None, refit=False, probability_threshold=None, experiment_custom_tags=None, verbose=False, system=False, add_to_model_list=True, metrics=None, display=<pycaret.internal.display.display.CommonDisplay object at 0x000002AF8BDF9C50>, model_only=True, return_train_score=False, error_score=0.0, kwargs={})
2025-03-08 14:06:29,044:INFO:Checking exceptions
2025-03-08 14:06:29,045:INFO:Importing libraries
2025-03-08 14:06:29,045:INFO:Copying training dataset
2025-03-08 14:06:29,074:INFO:Defining folds
2025-03-08 14:06:29,074:INFO:Declaring metric variables
2025-03-08 14:06:29,077:INFO:Importing untrained model
2025-03-08 14:06:29,079:INFO:K Neighbors Classifier Imported successfully
2025-03-08 14:06:29,084:INFO:Starting cross validation
2025-03-08 14:06:29,086:INFO:Cross validating with StratifiedKFold(n_splits=5, random_state=None, shuffle=False), n_jobs=-1
2025-03-08 14:06:43,932:INFO:Calculating mean and std
2025-03-08 14:06:43,933:INFO:Creating metrics dataframe
2025-03-08 14:06:43,935:INFO:Uploading results into container
2025-03-08 14:06:43,935:INFO:Uploading model into container now
2025-03-08 14:06:43,936:INFO:_master_model_container: 2
2025-03-08 14:06:43,936:INFO:_display_container: 2
2025-03-08 14:06:43,936:INFO:KNeighborsClassifier(algorithm='auto', leaf_size=30, metric='minkowski',
                     metric_params=None, n_jobs=-1, n_neighbors=5, p=2,
                     weights='uniform')
2025-03-08 14:06:43,936:INFO:create_model() successfully completed......................................
2025-03-08 14:06:44,021:INFO:SubProcess create_model() end ==================================
2025-03-08 14:06:44,021:INFO:Creating metrics dataframe
2025-03-08 14:06:44,026:INFO:Initializing Naive Bayes
2025-03-08 14:06:44,027:INFO:Total runtime is 0.45179899533589685 minutes
2025-03-08 14:06:44,029:INFO:SubProcess create_model() called ==================================
2025-03-08 14:06:44,029:INFO:Initializing create_model()
2025-03-08 14:06:44,030:INFO:create_model(self=<pycaret.classification.oop.ClassificationExperiment object at 0x000002AF8EAF78D0>, estimator=nb, fold=StratifiedKFold(n_splits=5, random_state=None, shuffle=False), round=4, cross_validation=True, predict=True, fit_kwargs={}, groups=None, refit=False, probability_threshold=None, experiment_custom_tags=None, verbose=False, system=False, add_to_model_list=True, metrics=None, display=<pycaret.internal.display.display.CommonDisplay object at 0x000002AF8BDF9C50>, model_only=True, return_train_score=False, error_score=0.0, kwargs={})
2025-03-08 14:06:44,030:INFO:Checking exceptions
2025-03-08 14:06:44,030:INFO:Importing libraries
2025-03-08 14:06:44,030:INFO:Copying training dataset
2025-03-08 14:06:44,059:INFO:Defining folds
2025-03-08 14:06:44,059:INFO:Declaring metric variables
2025-03-08 14:06:44,063:INFO:Importing untrained model
2025-03-08 14:06:44,066:INFO:Naive Bayes Imported successfully
2025-03-08 14:06:44,071:INFO:Starting cross validation
2025-03-08 14:06:44,074:INFO:Cross validating with StratifiedKFold(n_splits=5, random_state=None, shuffle=False), n_jobs=-1
2025-03-08 14:06:47,028:INFO:Calculating mean and std
2025-03-08 14:06:47,029:INFO:Creating metrics dataframe
2025-03-08 14:06:47,031:INFO:Uploading results into container
2025-03-08 14:06:47,031:INFO:Uploading model into container now
2025-03-08 14:06:47,031:INFO:_master_model_container: 3
2025-03-08 14:06:47,031:INFO:_display_container: 2
2025-03-08 14:06:47,032:INFO:GaussianNB(priors=None, var_smoothing=1e-09)
2025-03-08 14:06:47,032:INFO:create_model() successfully completed......................................
2025-03-08 14:06:47,116:INFO:SubProcess create_model() end ==================================
2025-03-08 14:06:47,116:INFO:Creating metrics dataframe
2025-03-08 14:06:47,121:INFO:Initializing Decision Tree Classifier
2025-03-08 14:06:47,121:INFO:Total runtime is 0.5033724546432495 minutes
2025-03-08 14:06:47,124:INFO:SubProcess create_model() called ==================================
2025-03-08 14:06:47,124:INFO:Initializing create_model()
2025-03-08 14:06:47,124:INFO:create_model(self=<pycaret.classification.oop.ClassificationExperiment object at 0x000002AF8EAF78D0>, estimator=dt, fold=StratifiedKFold(n_splits=5, random_state=None, shuffle=False), round=4, cross_validation=True, predict=True, fit_kwargs={}, groups=None, refit=False, probability_threshold=None, experiment_custom_tags=None, verbose=False, system=False, add_to_model_list=True, metrics=None, display=<pycaret.internal.display.display.CommonDisplay object at 0x000002AF8BDF9C50>, model_only=True, return_train_score=False, error_score=0.0, kwargs={})
2025-03-08 14:06:47,124:INFO:Checking exceptions
2025-03-08 14:06:47,124:INFO:Importing libraries
2025-03-08 14:06:47,124:INFO:Copying training dataset
2025-03-08 14:06:47,150:INFO:Defining folds
2025-03-08 14:06:47,150:INFO:Declaring metric variables
2025-03-08 14:06:47,153:INFO:Importing untrained model
2025-03-08 14:06:47,156:INFO:Decision Tree Classifier Imported successfully
2025-03-08 14:06:47,162:INFO:Starting cross validation
2025-03-08 14:06:47,164:INFO:Cross validating with StratifiedKFold(n_splits=5, random_state=None, shuffle=False), n_jobs=-1
2025-03-08 14:06:48,470:INFO:Calculating mean and std
2025-03-08 14:06:48,471:INFO:Creating metrics dataframe
2025-03-08 14:06:48,472:INFO:Uploading results into container
2025-03-08 14:06:48,473:INFO:Uploading model into container now
2025-03-08 14:06:48,473:INFO:_master_model_container: 4
2025-03-08 14:06:48,473:INFO:_display_container: 2
2025-03-08 14:06:48,473:INFO:DecisionTreeClassifier(ccp_alpha=0.0, class_weight=None, criterion='gini',
                       max_depth=None, max_features=None, max_leaf_nodes=None,
                       min_impurity_decrease=0.0, min_samples_leaf=1,
                       min_samples_split=2, min_weight_fraction_leaf=0.0,
                       monotonic_cst=None, random_state=412, splitter='best')
2025-03-08 14:06:48,473:INFO:create_model() successfully completed......................................
2025-03-08 14:06:48,553:INFO:SubProcess create_model() end ==================================
2025-03-08 14:06:48,553:INFO:Creating metrics dataframe
2025-03-08 14:06:48,559:INFO:Initializing SVM - Linear Kernel
2025-03-08 14:06:48,559:INFO:Total runtime is 0.5273306051890055 minutes
2025-03-08 14:06:48,562:INFO:SubProcess create_model() called ==================================
2025-03-08 14:06:48,562:INFO:Initializing create_model()
2025-03-08 14:06:48,562:INFO:create_model(self=<pycaret.classification.oop.ClassificationExperiment object at 0x000002AF8EAF78D0>, estimator=svm, fold=StratifiedKFold(n_splits=5, random_state=None, shuffle=False), round=4, cross_validation=True, predict=True, fit_kwargs={}, groups=None, refit=False, probability_threshold=None, experiment_custom_tags=None, verbose=False, system=False, add_to_model_list=True, metrics=None, display=<pycaret.internal.display.display.CommonDisplay object at 0x000002AF8BDF9C50>, model_only=True, return_train_score=False, error_score=0.0, kwargs={})
2025-03-08 14:06:48,562:INFO:Checking exceptions
2025-03-08 14:06:48,562:INFO:Importing libraries
2025-03-08 14:06:48,562:INFO:Copying training dataset
2025-03-08 14:06:48,603:INFO:Defining folds
2025-03-08 14:06:48,604:INFO:Declaring metric variables
2025-03-08 14:06:48,606:INFO:Importing untrained model
2025-03-08 14:06:48,610:INFO:SVM - Linear Kernel Imported successfully
2025-03-08 14:06:48,615:INFO:Starting cross validation
2025-03-08 14:06:48,616:INFO:Cross validating with StratifiedKFold(n_splits=5, random_state=None, shuffle=False), n_jobs=-1
2025-03-08 14:06:49,638:WARNING:D:\Anaconda\envs\python_311_env\Lib\site-packages\sklearn\metrics\_classification.py:1509: UndefinedMetricWarning: Precision is ill-defined and being set to 0.0 due to no predicted samples. Use `zero_division` parameter to control this behavior.
  _warn_prf(average, modifier, f"{metric.capitalize()} is", len(result))

2025-03-08 14:06:49,660:WARNING:D:\Anaconda\envs\python_311_env\Lib\site-packages\sklearn\metrics\_classification.py:1509: UndefinedMetricWarning: Precision is ill-defined and being set to 0.0 due to no predicted samples. Use `zero_division` parameter to control this behavior.
  _warn_prf(average, modifier, f"{metric.capitalize()} is", len(result))

2025-03-08 14:06:49,746:WARNING:D:\Anaconda\envs\python_311_env\Lib\site-packages\sklearn\metrics\_classification.py:1509: UndefinedMetricWarning: Precision is ill-defined and being set to 0.0 due to no predicted samples. Use `zero_division` parameter to control this behavior.
  _warn_prf(average, modifier, f"{metric.capitalize()} is", len(result))

2025-03-08 14:06:49,876:WARNING:D:\Anaconda\envs\python_311_env\Lib\site-packages\sklearn\metrics\_classification.py:1509: UndefinedMetricWarning: Precision is ill-defined and being set to 0.0 due to no predicted samples. Use `zero_division` parameter to control this behavior.
  _warn_prf(average, modifier, f"{metric.capitalize()} is", len(result))

2025-03-08 14:06:49,888:INFO:Calculating mean and std
2025-03-08 14:06:49,889:INFO:Creating metrics dataframe
2025-03-08 14:06:49,891:INFO:Uploading results into container
2025-03-08 14:06:49,891:INFO:Uploading model into container now
2025-03-08 14:06:49,891:INFO:_master_model_container: 5
2025-03-08 14:06:49,891:INFO:_display_container: 2
2025-03-08 14:06:49,892:INFO:SGDClassifier(alpha=0.0001, average=False, class_weight=None,
              early_stopping=False, epsilon=0.1, eta0=0.001, fit_intercept=True,
              l1_ratio=0.15, learning_rate='optimal', loss='hinge',
              max_iter=1000, n_iter_no_change=5, n_jobs=-1, penalty='l2',
              power_t=0.5, random_state=412, shuffle=True, tol=0.001,
              validation_fraction=0.1, verbose=0, warm_start=False)
2025-03-08 14:06:49,892:INFO:create_model() successfully completed......................................
2025-03-08 14:06:49,973:INFO:SubProcess create_model() end ==================================
2025-03-08 14:06:49,973:INFO:Creating metrics dataframe
2025-03-08 14:06:49,979:INFO:Initializing Ridge Classifier
2025-03-08 14:06:49,979:INFO:Total runtime is 0.551003917058309 minutes
2025-03-08 14:06:49,981:INFO:SubProcess create_model() called ==================================
2025-03-08 14:06:49,982:INFO:Initializing create_model()
2025-03-08 14:06:49,982:INFO:create_model(self=<pycaret.classification.oop.ClassificationExperiment object at 0x000002AF8EAF78D0>, estimator=ridge, fold=StratifiedKFold(n_splits=5, random_state=None, shuffle=False), round=4, cross_validation=True, predict=True, fit_kwargs={}, groups=None, refit=False, probability_threshold=None, experiment_custom_tags=None, verbose=False, system=False, add_to_model_list=True, metrics=None, display=<pycaret.internal.display.display.CommonDisplay object at 0x000002AF8BDF9C50>, model_only=True, return_train_score=False, error_score=0.0, kwargs={})
2025-03-08 14:06:49,982:INFO:Checking exceptions
2025-03-08 14:06:49,982:INFO:Importing libraries
2025-03-08 14:06:49,982:INFO:Copying training dataset
2025-03-08 14:06:50,010:INFO:Defining folds
2025-03-08 14:06:50,010:INFO:Declaring metric variables
2025-03-08 14:06:50,012:INFO:Importing untrained model
2025-03-08 14:06:50,015:INFO:Ridge Classifier Imported successfully
2025-03-08 14:06:50,019:INFO:Starting cross validation
2025-03-08 14:06:50,021:INFO:Cross validating with StratifiedKFold(n_splits=5, random_state=None, shuffle=False), n_jobs=-1
2025-03-08 14:06:50,765:WARNING:D:\Anaconda\envs\python_311_env\Lib\site-packages\sklearn\metrics\_classification.py:1509: UndefinedMetricWarning: Precision is ill-defined and being set to 0.0 due to no predicted samples. Use `zero_division` parameter to control this behavior.
  _warn_prf(average, modifier, f"{metric.capitalize()} is", len(result))

2025-03-08 14:06:50,792:WARNING:D:\Anaconda\envs\python_311_env\Lib\site-packages\sklearn\metrics\_classification.py:1509: UndefinedMetricWarning: Precision is ill-defined and being set to 0.0 due to no predicted samples. Use `zero_division` parameter to control this behavior.
  _warn_prf(average, modifier, f"{metric.capitalize()} is", len(result))

2025-03-08 14:06:50,796:WARNING:D:\Anaconda\envs\python_311_env\Lib\site-packages\sklearn\metrics\_classification.py:1509: UndefinedMetricWarning: Precision is ill-defined and being set to 0.0 due to no predicted samples. Use `zero_division` parameter to control this behavior.
  _warn_prf(average, modifier, f"{metric.capitalize()} is", len(result))

2025-03-08 14:06:50,800:WARNING:D:\Anaconda\envs\python_311_env\Lib\site-packages\sklearn\metrics\_classification.py:1509: UndefinedMetricWarning: Precision is ill-defined and being set to 0.0 due to no predicted samples. Use `zero_division` parameter to control this behavior.
  _warn_prf(average, modifier, f"{metric.capitalize()} is", len(result))

2025-03-08 14:06:50,804:WARNING:D:\Anaconda\envs\python_311_env\Lib\site-packages\sklearn\metrics\_classification.py:1509: UndefinedMetricWarning: Precision is ill-defined and being set to 0.0 due to no predicted samples. Use `zero_division` parameter to control this behavior.
  _warn_prf(average, modifier, f"{metric.capitalize()} is", len(result))

2025-03-08 14:06:50,817:INFO:Calculating mean and std
2025-03-08 14:06:50,818:INFO:Creating metrics dataframe
2025-03-08 14:06:50,819:INFO:Uploading results into container
2025-03-08 14:06:50,820:INFO:Uploading model into container now
2025-03-08 14:06:50,820:INFO:_master_model_container: 6
2025-03-08 14:06:50,820:INFO:_display_container: 2
2025-03-08 14:06:50,820:INFO:RidgeClassifier(alpha=1.0, class_weight=None, copy_X=True, fit_intercept=True,
                max_iter=None, positive=False, random_state=412, solver='auto',
                tol=0.0001)
2025-03-08 14:06:50,821:INFO:create_model() successfully completed......................................
2025-03-08 14:06:50,900:INFO:SubProcess create_model() end ==================================
2025-03-08 14:06:50,901:INFO:Creating metrics dataframe
2025-03-08 14:06:50,907:INFO:Initializing Random Forest Classifier
2025-03-08 14:06:50,907:INFO:Total runtime is 0.5664633711179098 minutes
2025-03-08 14:06:50,910:INFO:SubProcess create_model() called ==================================
2025-03-08 14:06:50,910:INFO:Initializing create_model()
2025-03-08 14:06:50,910:INFO:create_model(self=<pycaret.classification.oop.ClassificationExperiment object at 0x000002AF8EAF78D0>, estimator=rf, fold=StratifiedKFold(n_splits=5, random_state=None, shuffle=False), round=4, cross_validation=True, predict=True, fit_kwargs={}, groups=None, refit=False, probability_threshold=None, experiment_custom_tags=None, verbose=False, system=False, add_to_model_list=True, metrics=None, display=<pycaret.internal.display.display.CommonDisplay object at 0x000002AF8BDF9C50>, model_only=True, return_train_score=False, error_score=0.0, kwargs={})
2025-03-08 14:06:50,910:INFO:Checking exceptions
2025-03-08 14:06:50,910:INFO:Importing libraries
2025-03-08 14:06:50,910:INFO:Copying training dataset
2025-03-08 14:06:50,943:INFO:Defining folds
2025-03-08 14:06:50,943:INFO:Declaring metric variables
2025-03-08 14:06:50,946:INFO:Importing untrained model
2025-03-08 14:06:50,949:INFO:Random Forest Classifier Imported successfully
2025-03-08 14:06:50,954:INFO:Starting cross validation
2025-03-08 14:06:50,958:INFO:Cross validating with StratifiedKFold(n_splits=5, random_state=None, shuffle=False), n_jobs=-1
2025-03-08 14:06:56,523:INFO:Calculating mean and std
2025-03-08 14:06:56,524:INFO:Creating metrics dataframe
2025-03-08 14:06:56,526:INFO:Uploading results into container
2025-03-08 14:06:56,526:INFO:Uploading model into container now
2025-03-08 14:06:56,527:INFO:_master_model_container: 7
2025-03-08 14:06:56,527:INFO:_display_container: 2
2025-03-08 14:06:56,527:INFO:RandomForestClassifier(bootstrap=True, ccp_alpha=0.0, class_weight=None,
                       criterion='gini', max_depth=None, max_features='sqrt',
                       max_leaf_nodes=None, max_samples=None,
                       min_impurity_decrease=0.0, min_samples_leaf=1,
                       min_samples_split=2, min_weight_fraction_leaf=0.0,
                       monotonic_cst=None, n_estimators=100, n_jobs=-1,
                       oob_score=False, random_state=412, verbose=0,
                       warm_start=False)
2025-03-08 14:06:56,527:INFO:create_model() successfully completed......................................
2025-03-08 14:06:56,610:INFO:SubProcess create_model() end ==================================
2025-03-08 14:06:56,610:INFO:Creating metrics dataframe
2025-03-08 14:06:56,616:INFO:Initializing Quadratic Discriminant Analysis
2025-03-08 14:06:56,616:INFO:Total runtime is 0.6616178433100383 minutes
2025-03-08 14:06:56,619:INFO:SubProcess create_model() called ==================================
2025-03-08 14:06:56,619:INFO:Initializing create_model()
2025-03-08 14:06:56,619:INFO:create_model(self=<pycaret.classification.oop.ClassificationExperiment object at 0x000002AF8EAF78D0>, estimator=qda, fold=StratifiedKFold(n_splits=5, random_state=None, shuffle=False), round=4, cross_validation=True, predict=True, fit_kwargs={}, groups=None, refit=False, probability_threshold=None, experiment_custom_tags=None, verbose=False, system=False, add_to_model_list=True, metrics=None, display=<pycaret.internal.display.display.CommonDisplay object at 0x000002AF8BDF9C50>, model_only=True, return_train_score=False, error_score=0.0, kwargs={})
2025-03-08 14:06:56,619:INFO:Checking exceptions
2025-03-08 14:06:56,619:INFO:Importing libraries
2025-03-08 14:06:56,619:INFO:Copying training dataset
2025-03-08 14:06:56,647:INFO:Defining folds
2025-03-08 14:06:56,647:INFO:Declaring metric variables
2025-03-08 14:06:56,649:INFO:Importing untrained model
2025-03-08 14:06:56,652:INFO:Quadratic Discriminant Analysis Imported successfully
2025-03-08 14:06:56,656:INFO:Starting cross validation
2025-03-08 14:06:56,658:INFO:Cross validating with StratifiedKFold(n_splits=5, random_state=None, shuffle=False), n_jobs=-1
2025-03-08 14:06:57,501:WARNING:D:\Anaconda\envs\python_311_env\Lib\site-packages\sklearn\discriminant_analysis.py:935: UserWarning: Variables are collinear
  warnings.warn("Variables are collinear")

2025-03-08 14:06:57,529:WARNING:D:\Anaconda\envs\python_311_env\Lib\site-packages\sklearn\discriminant_analysis.py:935: UserWarning: Variables are collinear
  warnings.warn("Variables are collinear")

2025-03-08 14:06:57,550:WARNING:D:\Anaconda\envs\python_311_env\Lib\site-packages\sklearn\discriminant_analysis.py:935: UserWarning: Variables are collinear
  warnings.warn("Variables are collinear")

2025-03-08 14:06:57,579:WARNING:D:\Anaconda\envs\python_311_env\Lib\site-packages\sklearn\discriminant_analysis.py:935: UserWarning: Variables are collinear
  warnings.warn("Variables are collinear")

2025-03-08 14:06:57,585:WARNING:D:\Anaconda\envs\python_311_env\Lib\site-packages\sklearn\discriminant_analysis.py:935: UserWarning: Variables are collinear
  warnings.warn("Variables are collinear")

2025-03-08 14:06:57,785:INFO:Calculating mean and std
2025-03-08 14:06:57,786:INFO:Creating metrics dataframe
2025-03-08 14:06:57,787:INFO:Uploading results into container
2025-03-08 14:06:57,788:INFO:Uploading model into container now
2025-03-08 14:06:57,788:INFO:_master_model_container: 8
2025-03-08 14:06:57,788:INFO:_display_container: 2
2025-03-08 14:06:57,788:INFO:QuadraticDiscriminantAnalysis(priors=None, reg_param=0.0,
                              store_covariance=False, tol=0.0001)
2025-03-08 14:06:57,789:INFO:create_model() successfully completed......................................
2025-03-08 14:06:57,869:INFO:SubProcess create_model() end ==================================
2025-03-08 14:06:57,869:INFO:Creating metrics dataframe
2025-03-08 14:06:57,876:INFO:Initializing Ada Boost Classifier
2025-03-08 14:06:57,876:INFO:Total runtime is 0.6826147715250651 minutes
2025-03-08 14:06:57,878:INFO:SubProcess create_model() called ==================================
2025-03-08 14:06:57,878:INFO:Initializing create_model()
2025-03-08 14:06:57,878:INFO:create_model(self=<pycaret.classification.oop.ClassificationExperiment object at 0x000002AF8EAF78D0>, estimator=ada, fold=StratifiedKFold(n_splits=5, random_state=None, shuffle=False), round=4, cross_validation=True, predict=True, fit_kwargs={}, groups=None, refit=False, probability_threshold=None, experiment_custom_tags=None, verbose=False, system=False, add_to_model_list=True, metrics=None, display=<pycaret.internal.display.display.CommonDisplay object at 0x000002AF8BDF9C50>, model_only=True, return_train_score=False, error_score=0.0, kwargs={})
2025-03-08 14:06:57,879:INFO:Checking exceptions
2025-03-08 14:06:57,879:INFO:Importing libraries
2025-03-08 14:06:57,879:INFO:Copying training dataset
2025-03-08 14:06:57,906:INFO:Defining folds
2025-03-08 14:06:57,906:INFO:Declaring metric variables
2025-03-08 14:06:57,908:INFO:Importing untrained model
2025-03-08 14:06:57,911:INFO:Ada Boost Classifier Imported successfully
2025-03-08 14:06:57,916:INFO:Starting cross validation
2025-03-08 14:06:57,919:INFO:Cross validating with StratifiedKFold(n_splits=5, random_state=None, shuffle=False), n_jobs=-1
2025-03-08 14:06:58,537:WARNING:D:\Anaconda\envs\python_311_env\Lib\site-packages\sklearn\ensemble\_weight_boosting.py:519: FutureWarning: The SAMME.R algorithm (the default) is deprecated and will be removed in 1.6. Use the SAMME algorithm to circumvent this warning.
  warnings.warn(

2025-03-08 14:06:58,541:WARNING:D:\Anaconda\envs\python_311_env\Lib\site-packages\sklearn\ensemble\_weight_boosting.py:519: FutureWarning: The SAMME.R algorithm (the default) is deprecated and will be removed in 1.6. Use the SAMME algorithm to circumvent this warning.
  warnings.warn(

2025-03-08 14:06:58,550:WARNING:D:\Anaconda\envs\python_311_env\Lib\site-packages\sklearn\ensemble\_weight_boosting.py:519: FutureWarning: The SAMME.R algorithm (the default) is deprecated and will be removed in 1.6. Use the SAMME algorithm to circumvent this warning.
  warnings.warn(

2025-03-08 14:06:58,572:WARNING:D:\Anaconda\envs\python_311_env\Lib\site-packages\sklearn\ensemble\_weight_boosting.py:519: FutureWarning: The SAMME.R algorithm (the default) is deprecated and will be removed in 1.6. Use the SAMME algorithm to circumvent this warning.
  warnings.warn(

2025-03-08 14:06:58,576:WARNING:D:\Anaconda\envs\python_311_env\Lib\site-packages\sklearn\ensemble\_weight_boosting.py:519: FutureWarning: The SAMME.R algorithm (the default) is deprecated and will be removed in 1.6. Use the SAMME algorithm to circumvent this warning.
  warnings.warn(

2025-03-08 14:07:01,837:WARNING:D:\Anaconda\envs\python_311_env\Lib\site-packages\sklearn\metrics\_classification.py:1509: UndefinedMetricWarning: Precision is ill-defined and being set to 0.0 due to no predicted samples. Use `zero_division` parameter to control this behavior.
  _warn_prf(average, modifier, f"{metric.capitalize()} is", len(result))

2025-03-08 14:07:01,849:WARNING:D:\Anaconda\envs\python_311_env\Lib\site-packages\sklearn\metrics\_classification.py:1509: UndefinedMetricWarning: Precision is ill-defined and being set to 0.0 due to no predicted samples. Use `zero_division` parameter to control this behavior.
  _warn_prf(average, modifier, f"{metric.capitalize()} is", len(result))

2025-03-08 14:07:01,889:INFO:Calculating mean and std
2025-03-08 14:07:01,890:INFO:Creating metrics dataframe
2025-03-08 14:07:01,891:INFO:Uploading results into container
2025-03-08 14:07:01,891:INFO:Uploading model into container now
2025-03-08 14:07:01,892:INFO:_master_model_container: 9
2025-03-08 14:07:01,892:INFO:_display_container: 2
2025-03-08 14:07:01,892:INFO:AdaBoostClassifier(algorithm='SAMME.R', estimator=None, learning_rate=1.0,
                   n_estimators=50, random_state=412)
2025-03-08 14:07:01,892:INFO:create_model() successfully completed......................................
2025-03-08 14:07:01,972:INFO:SubProcess create_model() end ==================================
2025-03-08 14:07:01,972:INFO:Creating metrics dataframe
2025-03-08 14:07:01,979:INFO:Initializing Gradient Boosting Classifier
2025-03-08 14:07:01,979:INFO:Total runtime is 0.7509999354680379 minutes
2025-03-08 14:07:01,981:INFO:SubProcess create_model() called ==================================
2025-03-08 14:07:01,982:INFO:Initializing create_model()
2025-03-08 14:07:01,982:INFO:create_model(self=<pycaret.classification.oop.ClassificationExperiment object at 0x000002AF8EAF78D0>, estimator=gbc, fold=StratifiedKFold(n_splits=5, random_state=None, shuffle=False), round=4, cross_validation=True, predict=True, fit_kwargs={}, groups=None, refit=False, probability_threshold=None, experiment_custom_tags=None, verbose=False, system=False, add_to_model_list=True, metrics=None, display=<pycaret.internal.display.display.CommonDisplay object at 0x000002AF8BDF9C50>, model_only=True, return_train_score=False, error_score=0.0, kwargs={})
2025-03-08 14:07:01,982:INFO:Checking exceptions
2025-03-08 14:07:01,982:INFO:Importing libraries
2025-03-08 14:07:01,982:INFO:Copying training dataset
2025-03-08 14:07:02,008:INFO:Defining folds
2025-03-08 14:07:02,008:INFO:Declaring metric variables
2025-03-08 14:07:02,011:INFO:Importing untrained model
2025-03-08 14:07:02,013:INFO:Gradient Boosting Classifier Imported successfully
2025-03-08 14:07:02,017:INFO:Starting cross validation
2025-03-08 14:07:02,019:INFO:Cross validating with StratifiedKFold(n_splits=5, random_state=None, shuffle=False), n_jobs=-1
2025-03-08 14:07:11,120:INFO:Calculating mean and std
2025-03-08 14:07:11,121:INFO:Creating metrics dataframe
2025-03-08 14:07:11,123:INFO:Uploading results into container
2025-03-08 14:07:11,123:INFO:Uploading model into container now
2025-03-08 14:07:11,124:INFO:_master_model_container: 10
2025-03-08 14:07:11,124:INFO:_display_container: 2
2025-03-08 14:07:11,124:INFO:GradientBoostingClassifier(ccp_alpha=0.0, criterion='friedman_mse', init=None,
                           learning_rate=0.1, loss='log_loss', max_depth=3,
                           max_features=None, max_leaf_nodes=None,
                           min_impurity_decrease=0.0, min_samples_leaf=1,
                           min_samples_split=2, min_weight_fraction_leaf=0.0,
                           n_estimators=100, n_iter_no_change=None,
                           random_state=412, subsample=1.0, tol=0.0001,
                           validation_fraction=0.1, verbose=0,
                           warm_start=False)
2025-03-08 14:07:11,125:INFO:create_model() successfully completed......................................
2025-03-08 14:07:11,212:INFO:SubProcess create_model() end ==================================
2025-03-08 14:07:11,212:INFO:Creating metrics dataframe
2025-03-08 14:07:11,220:INFO:Initializing Linear Discriminant Analysis
2025-03-08 14:07:11,220:INFO:Total runtime is 0.9050153970718383 minutes
2025-03-08 14:07:11,223:INFO:SubProcess create_model() called ==================================
2025-03-08 14:07:11,223:INFO:Initializing create_model()
2025-03-08 14:07:11,223:INFO:create_model(self=<pycaret.classification.oop.ClassificationExperiment object at 0x000002AF8EAF78D0>, estimator=lda, fold=StratifiedKFold(n_splits=5, random_state=None, shuffle=False), round=4, cross_validation=True, predict=True, fit_kwargs={}, groups=None, refit=False, probability_threshold=None, experiment_custom_tags=None, verbose=False, system=False, add_to_model_list=True, metrics=None, display=<pycaret.internal.display.display.CommonDisplay object at 0x000002AF8BDF9C50>, model_only=True, return_train_score=False, error_score=0.0, kwargs={})
2025-03-08 14:07:11,223:INFO:Checking exceptions
2025-03-08 14:07:11,223:INFO:Importing libraries
2025-03-08 14:07:11,223:INFO:Copying training dataset
2025-03-08 14:07:11,263:INFO:Defining folds
2025-03-08 14:07:11,263:INFO:Declaring metric variables
2025-03-08 14:07:11,266:INFO:Importing untrained model
2025-03-08 14:07:11,269:INFO:Linear Discriminant Analysis Imported successfully
2025-03-08 14:07:11,274:INFO:Starting cross validation
2025-03-08 14:07:11,276:INFO:Cross validating with StratifiedKFold(n_splits=5, random_state=None, shuffle=False), n_jobs=-1
2025-03-08 14:07:12,356:WARNING:D:\Anaconda\envs\python_311_env\Lib\site-packages\sklearn\metrics\_classification.py:1509: UndefinedMetricWarning: Precision is ill-defined and being set to 0.0 due to no predicted samples. Use `zero_division` parameter to control this behavior.
  _warn_prf(average, modifier, f"{metric.capitalize()} is", len(result))

2025-03-08 14:07:12,375:WARNING:D:\Anaconda\envs\python_311_env\Lib\site-packages\sklearn\metrics\_classification.py:1509: UndefinedMetricWarning: Precision is ill-defined and being set to 0.0 due to no predicted samples. Use `zero_division` parameter to control this behavior.
  _warn_prf(average, modifier, f"{metric.capitalize()} is", len(result))

2025-03-08 14:07:12,384:WARNING:D:\Anaconda\envs\python_311_env\Lib\site-packages\sklearn\metrics\_classification.py:1509: UndefinedMetricWarning: Precision is ill-defined and being set to 0.0 due to no predicted samples. Use `zero_division` parameter to control this behavior.
  _warn_prf(average, modifier, f"{metric.capitalize()} is", len(result))

2025-03-08 14:07:12,394:WARNING:D:\Anaconda\envs\python_311_env\Lib\site-packages\sklearn\metrics\_classification.py:1509: UndefinedMetricWarning: Precision is ill-defined and being set to 0.0 due to no predicted samples. Use `zero_division` parameter to control this behavior.
  _warn_prf(average, modifier, f"{metric.capitalize()} is", len(result))

2025-03-08 14:07:12,401:WARNING:D:\Anaconda\envs\python_311_env\Lib\site-packages\sklearn\metrics\_classification.py:1509: UndefinedMetricWarning: Precision is ill-defined and being set to 0.0 due to no predicted samples. Use `zero_division` parameter to control this behavior.
  _warn_prf(average, modifier, f"{metric.capitalize()} is", len(result))

2025-03-08 14:07:12,418:INFO:Calculating mean and std
2025-03-08 14:07:12,419:INFO:Creating metrics dataframe
2025-03-08 14:07:12,421:INFO:Uploading results into container
2025-03-08 14:07:12,421:INFO:Uploading model into container now
2025-03-08 14:07:12,421:INFO:_master_model_container: 11
2025-03-08 14:07:12,421:INFO:_display_container: 2
2025-03-08 14:07:12,422:INFO:LinearDiscriminantAnalysis(covariance_estimator=None, n_components=None,
                           priors=None, shrinkage=None, solver='svd',
                           store_covariance=False, tol=0.0001)
2025-03-08 14:07:12,422:INFO:create_model() successfully completed......................................
2025-03-08 14:07:12,501:INFO:SubProcess create_model() end ==================================
2025-03-08 14:07:12,501:INFO:Creating metrics dataframe
2025-03-08 14:07:12,508:INFO:Initializing Extra Trees Classifier
2025-03-08 14:07:12,508:INFO:Total runtime is 0.9264930923779805 minutes
2025-03-08 14:07:12,510:INFO:SubProcess create_model() called ==================================
2025-03-08 14:07:12,511:INFO:Initializing create_model()
2025-03-08 14:07:12,511:INFO:create_model(self=<pycaret.classification.oop.ClassificationExperiment object at 0x000002AF8EAF78D0>, estimator=et, fold=StratifiedKFold(n_splits=5, random_state=None, shuffle=False), round=4, cross_validation=True, predict=True, fit_kwargs={}, groups=None, refit=False, probability_threshold=None, experiment_custom_tags=None, verbose=False, system=False, add_to_model_list=True, metrics=None, display=<pycaret.internal.display.display.CommonDisplay object at 0x000002AF8BDF9C50>, model_only=True, return_train_score=False, error_score=0.0, kwargs={})
2025-03-08 14:07:12,511:INFO:Checking exceptions
2025-03-08 14:07:12,511:INFO:Importing libraries
2025-03-08 14:07:12,511:INFO:Copying training dataset
2025-03-08 14:07:12,536:INFO:Defining folds
2025-03-08 14:07:12,536:INFO:Declaring metric variables
2025-03-08 14:07:12,539:INFO:Importing untrained model
2025-03-08 14:07:12,542:INFO:Extra Trees Classifier Imported successfully
2025-03-08 14:07:12,546:INFO:Starting cross validation
2025-03-08 14:07:12,547:INFO:Cross validating with StratifiedKFold(n_splits=5, random_state=None, shuffle=False), n_jobs=-1
2025-03-08 14:07:18,682:INFO:Calculating mean and std
2025-03-08 14:07:18,683:INFO:Creating metrics dataframe
2025-03-08 14:07:18,685:INFO:Uploading results into container
2025-03-08 14:07:18,685:INFO:Uploading model into container now
2025-03-08 14:07:18,685:INFO:_master_model_container: 12
2025-03-08 14:07:18,685:INFO:_display_container: 2
2025-03-08 14:07:18,686:INFO:ExtraTreesClassifier(bootstrap=False, ccp_alpha=0.0, class_weight=None,
                     criterion='gini', max_depth=None, max_features='sqrt',
                     max_leaf_nodes=None, max_samples=None,
                     min_impurity_decrease=0.0, min_samples_leaf=1,
                     min_samples_split=2, min_weight_fraction_leaf=0.0,
                     monotonic_cst=None, n_estimators=100, n_jobs=-1,
                     oob_score=False, random_state=412, verbose=0,
                     warm_start=False)
2025-03-08 14:07:18,686:INFO:create_model() successfully completed......................................
2025-03-08 14:07:18,779:INFO:SubProcess create_model() end ==================================
2025-03-08 14:07:18,779:INFO:Creating metrics dataframe
2025-03-08 14:07:18,787:INFO:Initializing Light Gradient Boosting Machine
2025-03-08 14:07:18,787:INFO:Total runtime is 1.0311436136563619 minutes
2025-03-08 14:07:18,790:INFO:SubProcess create_model() called ==================================
2025-03-08 14:07:18,790:INFO:Initializing create_model()
2025-03-08 14:07:18,790:INFO:create_model(self=<pycaret.classification.oop.ClassificationExperiment object at 0x000002AF8EAF78D0>, estimator=lightgbm, fold=StratifiedKFold(n_splits=5, random_state=None, shuffle=False), round=4, cross_validation=True, predict=True, fit_kwargs={}, groups=None, refit=False, probability_threshold=None, experiment_custom_tags=None, verbose=False, system=False, add_to_model_list=True, metrics=None, display=<pycaret.internal.display.display.CommonDisplay object at 0x000002AF8BDF9C50>, model_only=True, return_train_score=False, error_score=0.0, kwargs={})
2025-03-08 14:07:18,790:INFO:Checking exceptions
2025-03-08 14:07:18,790:INFO:Importing libraries
2025-03-08 14:07:18,790:INFO:Copying training dataset
2025-03-08 14:07:18,849:INFO:Defining folds
2025-03-08 14:07:18,849:INFO:Declaring metric variables
2025-03-08 14:07:18,852:INFO:Importing untrained model
2025-03-08 14:07:18,855:INFO:Light Gradient Boosting Machine Imported successfully
2025-03-08 14:07:18,860:INFO:Starting cross validation
2025-03-08 14:07:18,862:INFO:Cross validating with StratifiedKFold(n_splits=5, random_state=None, shuffle=False), n_jobs=-1
2025-03-08 14:07:20,417:INFO:Calculating mean and std
2025-03-08 14:07:20,418:INFO:Creating metrics dataframe
2025-03-08 14:07:20,420:INFO:Uploading results into container
2025-03-08 14:07:20,421:INFO:Uploading model into container now
2025-03-08 14:07:20,421:INFO:_master_model_container: 13
2025-03-08 14:07:20,421:INFO:_display_container: 2
2025-03-08 14:07:20,422:INFO:LGBMClassifier(boosting_type='gbdt', class_weight=None, colsample_bytree=1.0,
               importance_type='split', learning_rate=0.1, max_depth=-1,
               min_child_samples=20, min_child_weight=0.001, min_split_gain=0.0,
               n_estimators=100, n_jobs=-1, num_leaves=31, objective=None,
               random_state=412, reg_alpha=0.0, reg_lambda=0.0, subsample=1.0,
               subsample_for_bin=200000, subsample_freq=0)
2025-03-08 14:07:20,422:INFO:create_model() successfully completed......................................
2025-03-08 14:07:20,518:INFO:SubProcess create_model() end ==================================
2025-03-08 14:07:20,518:INFO:Creating metrics dataframe
2025-03-08 14:07:20,526:INFO:Initializing Dummy Classifier
2025-03-08 14:07:20,527:INFO:Total runtime is 1.0601191997528077 minutes
2025-03-08 14:07:20,529:INFO:SubProcess create_model() called ==================================
2025-03-08 14:07:20,529:INFO:Initializing create_model()
2025-03-08 14:07:20,529:INFO:create_model(self=<pycaret.classification.oop.ClassificationExperiment object at 0x000002AF8EAF78D0>, estimator=dummy, fold=StratifiedKFold(n_splits=5, random_state=None, shuffle=False), round=4, cross_validation=True, predict=True, fit_kwargs={}, groups=None, refit=False, probability_threshold=None, experiment_custom_tags=None, verbose=False, system=False, add_to_model_list=True, metrics=None, display=<pycaret.internal.display.display.CommonDisplay object at 0x000002AF8BDF9C50>, model_only=True, return_train_score=False, error_score=0.0, kwargs={})
2025-03-08 14:07:20,529:INFO:Checking exceptions
2025-03-08 14:07:20,529:INFO:Importing libraries
2025-03-08 14:07:20,529:INFO:Copying training dataset
2025-03-08 14:07:20,556:INFO:Defining folds
2025-03-08 14:07:20,556:INFO:Declaring metric variables
2025-03-08 14:07:20,559:INFO:Importing untrained model
2025-03-08 14:07:20,562:INFO:Dummy Classifier Imported successfully
2025-03-08 14:07:20,566:INFO:Starting cross validation
2025-03-08 14:07:20,568:INFO:Cross validating with StratifiedKFold(n_splits=5, random_state=None, shuffle=False), n_jobs=-1
2025-03-08 14:07:21,236:WARNING:D:\Anaconda\envs\python_311_env\Lib\site-packages\sklearn\metrics\_classification.py:1509: UndefinedMetricWarning: Precision is ill-defined and being set to 0.0 due to no predicted samples. Use `zero_division` parameter to control this behavior.
  _warn_prf(average, modifier, f"{metric.capitalize()} is", len(result))

2025-03-08 14:07:21,266:WARNING:D:\Anaconda\envs\python_311_env\Lib\site-packages\sklearn\metrics\_classification.py:1509: UndefinedMetricWarning: Precision is ill-defined and being set to 0.0 due to no predicted samples. Use `zero_division` parameter to control this behavior.
  _warn_prf(average, modifier, f"{metric.capitalize()} is", len(result))

2025-03-08 14:07:21,271:WARNING:D:\Anaconda\envs\python_311_env\Lib\site-packages\sklearn\metrics\_classification.py:1509: UndefinedMetricWarning: Precision is ill-defined and being set to 0.0 due to no predicted samples. Use `zero_division` parameter to control this behavior.
  _warn_prf(average, modifier, f"{metric.capitalize()} is", len(result))

2025-03-08 14:07:21,272:WARNING:D:\Anaconda\envs\python_311_env\Lib\site-packages\sklearn\metrics\_classification.py:1509: UndefinedMetricWarning: Precision is ill-defined and being set to 0.0 due to no predicted samples. Use `zero_division` parameter to control this behavior.
  _warn_prf(average, modifier, f"{metric.capitalize()} is", len(result))

2025-03-08 14:07:21,288:WARNING:D:\Anaconda\envs\python_311_env\Lib\site-packages\sklearn\metrics\_classification.py:1509: UndefinedMetricWarning: Precision is ill-defined and being set to 0.0 due to no predicted samples. Use `zero_division` parameter to control this behavior.
  _warn_prf(average, modifier, f"{metric.capitalize()} is", len(result))

2025-03-08 14:07:21,301:INFO:Calculating mean and std
2025-03-08 14:07:21,302:INFO:Creating metrics dataframe
2025-03-08 14:07:21,303:INFO:Uploading results into container
2025-03-08 14:07:21,304:INFO:Uploading model into container now
2025-03-08 14:07:21,304:INFO:_master_model_container: 14
2025-03-08 14:07:21,304:INFO:_display_container: 2
2025-03-08 14:07:21,305:INFO:DummyClassifier(constant=None, random_state=412, strategy='prior')
2025-03-08 14:07:21,305:INFO:create_model() successfully completed......................................
2025-03-08 14:07:21,391:INFO:SubProcess create_model() end ==================================
2025-03-08 14:07:21,391:INFO:Creating metrics dataframe
2025-03-08 14:07:21,400:WARNING:D:\Anaconda\envs\python_311_env\Lib\site-packages\pycaret\internal\pycaret_experiment\supervised_experiment.py:339: FutureWarning: Styler.applymap has been deprecated. Use Styler.map instead.
  .applymap(highlight_cols, subset=["TT (Sec)"])

2025-03-08 14:07:21,407:INFO:Initializing create_model()
2025-03-08 14:07:21,407:INFO:create_model(self=<pycaret.classification.oop.ClassificationExperiment object at 0x000002AF8EAF78D0>, estimator=LogisticRegression(C=1.0, class_weight=None, dual=False, fit_intercept=True,
                   intercept_scaling=1, l1_ratio=None, max_iter=1000,
                   multi_class='auto', n_jobs=None, penalty='l2',
                   random_state=412, solver='lbfgs', tol=0.0001, verbose=0,
                   warm_start=False), fold=StratifiedKFold(n_splits=5, random_state=None, shuffle=False), round=4, cross_validation=False, predict=False, fit_kwargs={}, groups=None, refit=True, probability_threshold=None, experiment_custom_tags=None, verbose=False, system=False, add_to_model_list=True, metrics=None, display=None, model_only=True, return_train_score=False, error_score=0.0, kwargs={})
2025-03-08 14:07:21,407:INFO:Checking exceptions
2025-03-08 14:07:21,408:INFO:Importing libraries
2025-03-08 14:07:21,408:INFO:Copying training dataset
2025-03-08 14:07:21,434:INFO:Defining folds
2025-03-08 14:07:21,434:INFO:Declaring metric variables
2025-03-08 14:07:21,434:INFO:Importing untrained model
2025-03-08 14:07:21,434:INFO:Declaring custom model
2025-03-08 14:07:21,435:INFO:Logistic Regression Imported successfully
2025-03-08 14:07:21,436:INFO:Cross validation set to False
2025-03-08 14:07:21,436:INFO:Fitting Model
2025-03-08 14:07:25,497:WARNING:D:\Anaconda\envs\python_311_env\Lib\site-packages\sklearn\linear_model\_logistic.py:469: ConvergenceWarning: lbfgs failed to converge (status=1):
STOP: TOTAL NO. of ITERATIONS REACHED LIMIT.

Increase the number of iterations (max_iter) or scale the data as shown in:
    https://scikit-learn.org/stable/modules/preprocessing.html
Please also refer to the documentation for alternative solver options:
    https://scikit-learn.org/stable/modules/linear_model.html#logistic-regression
  n_iter_i = _check_optimize_result(

2025-03-08 14:07:25,499:INFO:LogisticRegression(C=1.0, class_weight=None, dual=False, fit_intercept=True,
                   intercept_scaling=1, l1_ratio=None, max_iter=1000,
                   multi_class='auto', n_jobs=None, penalty='l2',
                   random_state=412, solver='lbfgs', tol=0.0001, verbose=0,
                   warm_start=False)
2025-03-08 14:07:25,499:INFO:create_model() successfully completed......................................
2025-03-08 14:07:25,597:INFO:_master_model_container: 14
2025-03-08 14:07:25,598:INFO:_display_container: 2
2025-03-08 14:07:25,598:INFO:LogisticRegression(C=1.0, class_weight=None, dual=False, fit_intercept=True,
                   intercept_scaling=1, l1_ratio=None, max_iter=1000,
                   multi_class='auto', n_jobs=None, penalty='l2',
                   random_state=412, solver='lbfgs', tol=0.0001, verbose=0,
                   warm_start=False)
2025-03-08 14:07:25,598:INFO:compare_models() successfully completed......................................
2025-03-08 14:07:25,606:INFO:Initializing tune_model()
2025-03-08 14:07:25,606:INFO:tune_model(self=<pycaret.classification.oop.ClassificationExperiment object at 0x000002AF8EAF78D0>, estimator=LogisticRegression(C=1.0, class_weight=None, dual=False, fit_intercept=True,
                   intercept_scaling=1, l1_ratio=None, max_iter=1000,
                   multi_class='auto', n_jobs=None, penalty='l2',
                   random_state=412, solver='lbfgs', tol=0.0001, verbose=0,
                   warm_start=False), fold=None, round=4, n_iter=10, custom_grid=None, optimize=Accuracy, custom_scorer=None, search_library=scikit-learn, search_algorithm=None, early_stopping=False, early_stopping_max_iters=10, choose_better=True, fit_kwargs=None, groups=None, return_tuner=False, verbose=True, tuner_verbose=True, return_train_score=False, kwargs={})
2025-03-08 14:07:25,607:INFO:Checking exceptions
2025-03-08 14:07:25,628:INFO:Copying training dataset
2025-03-08 14:07:25,646:INFO:Checking base model
2025-03-08 14:07:25,646:INFO:Base model : Logistic Regression
2025-03-08 14:07:25,648:INFO:Declaring metric variables
2025-03-08 14:07:25,650:INFO:Defining Hyperparameters
2025-03-08 14:07:25,731:INFO:Tuning with n_jobs=-1
2025-03-08 14:07:25,731:INFO:Initializing RandomizedSearchCV
2025-03-08 14:07:51,789:WARNING:D:\Anaconda\envs\python_311_env\Lib\site-packages\sklearn\linear_model\_logistic.py:469: ConvergenceWarning: lbfgs failed to converge (status=1):
STOP: TOTAL NO. of ITERATIONS REACHED LIMIT.

Increase the number of iterations (max_iter) or scale the data as shown in:
    https://scikit-learn.org/stable/modules/preprocessing.html
Please also refer to the documentation for alternative solver options:
    https://scikit-learn.org/stable/modules/linear_model.html#logistic-regression
  n_iter_i = _check_optimize_result(

2025-03-08 14:07:52,228:WARNING:D:\Anaconda\envs\python_311_env\Lib\site-packages\sklearn\linear_model\_logistic.py:469: ConvergenceWarning: lbfgs failed to converge (status=1):
STOP: TOTAL NO. of ITERATIONS REACHED LIMIT.

Increase the number of iterations (max_iter) or scale the data as shown in:
    https://scikit-learn.org/stable/modules/preprocessing.html
Please also refer to the documentation for alternative solver options:
    https://scikit-learn.org/stable/modules/linear_model.html#logistic-regression
  n_iter_i = _check_optimize_result(

2025-03-08 14:07:52,907:WARNING:D:\Anaconda\envs\python_311_env\Lib\site-packages\sklearn\linear_model\_logistic.py:469: ConvergenceWarning: lbfgs failed to converge (status=1):
STOP: TOTAL NO. of ITERATIONS REACHED LIMIT.

Increase the number of iterations (max_iter) or scale the data as shown in:
    https://scikit-learn.org/stable/modules/preprocessing.html
Please also refer to the documentation for alternative solver options:
    https://scikit-learn.org/stable/modules/linear_model.html#logistic-regression
  n_iter_i = _check_optimize_result(

2025-03-08 14:07:53,608:WARNING:D:\Anaconda\envs\python_311_env\Lib\site-packages\sklearn\linear_model\_logistic.py:469: ConvergenceWarning: lbfgs failed to converge (status=1):
STOP: TOTAL NO. of ITERATIONS REACHED LIMIT.

Increase the number of iterations (max_iter) or scale the data as shown in:
    https://scikit-learn.org/stable/modules/preprocessing.html
Please also refer to the documentation for alternative solver options:
    https://scikit-learn.org/stable/modules/linear_model.html#logistic-regression
  n_iter_i = _check_optimize_result(

2025-03-08 14:07:53,765:WARNING:D:\Anaconda\envs\python_311_env\Lib\site-packages\sklearn\linear_model\_logistic.py:469: ConvergenceWarning: lbfgs failed to converge (status=1):
STOP: TOTAL NO. of ITERATIONS REACHED LIMIT.

Increase the number of iterations (max_iter) or scale the data as shown in:
    https://scikit-learn.org/stable/modules/preprocessing.html
Please also refer to the documentation for alternative solver options:
    https://scikit-learn.org/stable/modules/linear_model.html#logistic-regression
  n_iter_i = _check_optimize_result(

2025-03-08 14:07:53,908:WARNING:D:\Anaconda\envs\python_311_env\Lib\site-packages\sklearn\linear_model\_logistic.py:469: ConvergenceWarning: lbfgs failed to converge (status=1):
STOP: TOTAL NO. of ITERATIONS REACHED LIMIT.

Increase the number of iterations (max_iter) or scale the data as shown in:
    https://scikit-learn.org/stable/modules/preprocessing.html
Please also refer to the documentation for alternative solver options:
    https://scikit-learn.org/stable/modules/linear_model.html#logistic-regression
  n_iter_i = _check_optimize_result(

2025-03-08 14:07:54,387:WARNING:D:\Anaconda\envs\python_311_env\Lib\site-packages\sklearn\linear_model\_logistic.py:469: ConvergenceWarning: lbfgs failed to converge (status=1):
STOP: TOTAL NO. of ITERATIONS REACHED LIMIT.

Increase the number of iterations (max_iter) or scale the data as shown in:
    https://scikit-learn.org/stable/modules/preprocessing.html
Please also refer to the documentation for alternative solver options:
    https://scikit-learn.org/stable/modules/linear_model.html#logistic-regression
  n_iter_i = _check_optimize_result(

2025-03-08 14:07:54,630:WARNING:D:\Anaconda\envs\python_311_env\Lib\site-packages\sklearn\linear_model\_logistic.py:469: ConvergenceWarning: lbfgs failed to converge (status=1):
STOP: TOTAL NO. of ITERATIONS REACHED LIMIT.

Increase the number of iterations (max_iter) or scale the data as shown in:
    https://scikit-learn.org/stable/modules/preprocessing.html
Please also refer to the documentation for alternative solver options:
    https://scikit-learn.org/stable/modules/linear_model.html#logistic-regression
  n_iter_i = _check_optimize_result(

2025-03-08 14:07:54,960:WARNING:D:\Anaconda\envs\python_311_env\Lib\site-packages\sklearn\linear_model\_logistic.py:469: ConvergenceWarning: lbfgs failed to converge (status=1):
STOP: TOTAL NO. of ITERATIONS REACHED LIMIT.

Increase the number of iterations (max_iter) or scale the data as shown in:
    https://scikit-learn.org/stable/modules/preprocessing.html
Please also refer to the documentation for alternative solver options:
    https://scikit-learn.org/stable/modules/linear_model.html#logistic-regression
  n_iter_i = _check_optimize_result(

2025-03-08 14:07:55,875:WARNING:D:\Anaconda\envs\python_311_env\Lib\site-packages\sklearn\linear_model\_logistic.py:469: ConvergenceWarning: lbfgs failed to converge (status=1):
STOP: TOTAL NO. of ITERATIONS REACHED LIMIT.

Increase the number of iterations (max_iter) or scale the data as shown in:
    https://scikit-learn.org/stable/modules/preprocessing.html
Please also refer to the documentation for alternative solver options:
    https://scikit-learn.org/stable/modules/linear_model.html#logistic-regression
  n_iter_i = _check_optimize_result(

2025-03-08 14:07:56,329:WARNING:D:\Anaconda\envs\python_311_env\Lib\site-packages\sklearn\linear_model\_logistic.py:469: ConvergenceWarning: lbfgs failed to converge (status=1):
STOP: TOTAL NO. of ITERATIONS REACHED LIMIT.

Increase the number of iterations (max_iter) or scale the data as shown in:
    https://scikit-learn.org/stable/modules/preprocessing.html
Please also refer to the documentation for alternative solver options:
    https://scikit-learn.org/stable/modules/linear_model.html#logistic-regression
  n_iter_i = _check_optimize_result(

2025-03-08 14:08:13,362:WARNING:D:\Anaconda\envs\python_311_env\Lib\site-packages\sklearn\linear_model\_logistic.py:469: ConvergenceWarning: lbfgs failed to converge (status=1):
STOP: TOTAL NO. of ITERATIONS REACHED LIMIT.

Increase the number of iterations (max_iter) or scale the data as shown in:
    https://scikit-learn.org/stable/modules/preprocessing.html
Please also refer to the documentation for alternative solver options:
    https://scikit-learn.org/stable/modules/linear_model.html#logistic-regression
  n_iter_i = _check_optimize_result(

2025-03-08 14:08:19,041:WARNING:D:\Anaconda\envs\python_311_env\Lib\site-packages\sklearn\linear_model\_logistic.py:469: ConvergenceWarning: lbfgs failed to converge (status=1):
STOP: TOTAL NO. of ITERATIONS REACHED LIMIT.

Increase the number of iterations (max_iter) or scale the data as shown in:
    https://scikit-learn.org/stable/modules/preprocessing.html
Please also refer to the documentation for alternative solver options:
    https://scikit-learn.org/stable/modules/linear_model.html#logistic-regression
  n_iter_i = _check_optimize_result(

2025-03-08 14:08:19,717:WARNING:D:\Anaconda\envs\python_311_env\Lib\site-packages\sklearn\linear_model\_logistic.py:469: ConvergenceWarning: lbfgs failed to converge (status=1):
STOP: TOTAL NO. of ITERATIONS REACHED LIMIT.

Increase the number of iterations (max_iter) or scale the data as shown in:
    https://scikit-learn.org/stable/modules/preprocessing.html
Please also refer to the documentation for alternative solver options:
    https://scikit-learn.org/stable/modules/linear_model.html#logistic-regression
  n_iter_i = _check_optimize_result(

2025-03-08 14:08:19,903:WARNING:D:\Anaconda\envs\python_311_env\Lib\site-packages\sklearn\linear_model\_logistic.py:469: ConvergenceWarning: lbfgs failed to converge (status=1):
STOP: TOTAL NO. of ITERATIONS REACHED LIMIT.

Increase the number of iterations (max_iter) or scale the data as shown in:
    https://scikit-learn.org/stable/modules/preprocessing.html
Please also refer to the documentation for alternative solver options:
    https://scikit-learn.org/stable/modules/linear_model.html#logistic-regression
  n_iter_i = _check_optimize_result(

2025-03-08 14:08:21,251:WARNING:D:\Anaconda\envs\python_311_env\Lib\site-packages\sklearn\linear_model\_logistic.py:469: ConvergenceWarning: lbfgs failed to converge (status=1):
STOP: TOTAL NO. of ITERATIONS REACHED LIMIT.

Increase the number of iterations (max_iter) or scale the data as shown in:
    https://scikit-learn.org/stable/modules/preprocessing.html
Please also refer to the documentation for alternative solver options:
    https://scikit-learn.org/stable/modules/linear_model.html#logistic-regression
  n_iter_i = _check_optimize_result(

2025-03-08 14:08:21,310:WARNING:D:\Anaconda\envs\python_311_env\Lib\site-packages\sklearn\linear_model\_logistic.py:469: ConvergenceWarning: lbfgs failed to converge (status=1):
STOP: TOTAL NO. of ITERATIONS REACHED LIMIT.

Increase the number of iterations (max_iter) or scale the data as shown in:
    https://scikit-learn.org/stable/modules/preprocessing.html
Please also refer to the documentation for alternative solver options:
    https://scikit-learn.org/stable/modules/linear_model.html#logistic-regression
  n_iter_i = _check_optimize_result(

2025-03-08 14:08:21,563:WARNING:D:\Anaconda\envs\python_311_env\Lib\site-packages\sklearn\linear_model\_logistic.py:469: ConvergenceWarning: lbfgs failed to converge (status=1):
STOP: TOTAL NO. of ITERATIONS REACHED LIMIT.

Increase the number of iterations (max_iter) or scale the data as shown in:
    https://scikit-learn.org/stable/modules/preprocessing.html
Please also refer to the documentation for alternative solver options:
    https://scikit-learn.org/stable/modules/linear_model.html#logistic-regression
  n_iter_i = _check_optimize_result(

2025-03-08 14:08:21,736:WARNING:D:\Anaconda\envs\python_311_env\Lib\site-packages\sklearn\linear_model\_logistic.py:469: ConvergenceWarning: lbfgs failed to converge (status=1):
STOP: TOTAL NO. of ITERATIONS REACHED LIMIT.

Increase the number of iterations (max_iter) or scale the data as shown in:
    https://scikit-learn.org/stable/modules/preprocessing.html
Please also refer to the documentation for alternative solver options:
    https://scikit-learn.org/stable/modules/linear_model.html#logistic-regression
  n_iter_i = _check_optimize_result(

2025-03-08 14:08:22,729:WARNING:D:\Anaconda\envs\python_311_env\Lib\site-packages\sklearn\linear_model\_logistic.py:469: ConvergenceWarning: lbfgs failed to converge (status=1):
STOP: TOTAL NO. of ITERATIONS REACHED LIMIT.

Increase the number of iterations (max_iter) or scale the data as shown in:
    https://scikit-learn.org/stable/modules/preprocessing.html
Please also refer to the documentation for alternative solver options:
    https://scikit-learn.org/stable/modules/linear_model.html#logistic-regression
  n_iter_i = _check_optimize_result(

2025-03-08 14:08:23,196:WARNING:D:\Anaconda\envs\python_311_env\Lib\site-packages\sklearn\linear_model\_logistic.py:469: ConvergenceWarning: lbfgs failed to converge (status=1):
STOP: TOTAL NO. of ITERATIONS REACHED LIMIT.

Increase the number of iterations (max_iter) or scale the data as shown in:
    https://scikit-learn.org/stable/modules/preprocessing.html
Please also refer to the documentation for alternative solver options:
    https://scikit-learn.org/stable/modules/linear_model.html#logistic-regression
  n_iter_i = _check_optimize_result(

2025-03-08 14:08:23,833:WARNING:D:\Anaconda\envs\python_311_env\Lib\site-packages\sklearn\linear_model\_logistic.py:469: ConvergenceWarning: lbfgs failed to converge (status=1):
STOP: TOTAL NO. of ITERATIONS REACHED LIMIT.

Increase the number of iterations (max_iter) or scale the data as shown in:
    https://scikit-learn.org/stable/modules/preprocessing.html
Please also refer to the documentation for alternative solver options:
    https://scikit-learn.org/stable/modules/linear_model.html#logistic-regression
  n_iter_i = _check_optimize_result(

2025-03-08 14:08:24,147:WARNING:D:\Anaconda\envs\python_311_env\Lib\site-packages\sklearn\linear_model\_logistic.py:469: ConvergenceWarning: lbfgs failed to converge (status=1):
STOP: TOTAL NO. of ITERATIONS REACHED LIMIT.

Increase the number of iterations (max_iter) or scale the data as shown in:
    https://scikit-learn.org/stable/modules/preprocessing.html
Please also refer to the documentation for alternative solver options:
    https://scikit-learn.org/stable/modules/linear_model.html#logistic-regression
  n_iter_i = _check_optimize_result(

2025-03-08 14:08:44,913:WARNING:D:\Anaconda\envs\python_311_env\Lib\site-packages\sklearn\linear_model\_logistic.py:469: ConvergenceWarning: lbfgs failed to converge (status=1):
STOP: TOTAL NO. of ITERATIONS REACHED LIMIT.

Increase the number of iterations (max_iter) or scale the data as shown in:
    https://scikit-learn.org/stable/modules/preprocessing.html
Please also refer to the documentation for alternative solver options:
    https://scikit-learn.org/stable/modules/linear_model.html#logistic-regression
  n_iter_i = _check_optimize_result(

2025-03-08 14:08:45,409:WARNING:D:\Anaconda\envs\python_311_env\Lib\site-packages\sklearn\linear_model\_logistic.py:469: ConvergenceWarning: lbfgs failed to converge (status=1):
STOP: TOTAL NO. of ITERATIONS REACHED LIMIT.

Increase the number of iterations (max_iter) or scale the data as shown in:
    https://scikit-learn.org/stable/modules/preprocessing.html
Please also refer to the documentation for alternative solver options:
    https://scikit-learn.org/stable/modules/linear_model.html#logistic-regression
  n_iter_i = _check_optimize_result(

2025-03-08 14:08:45,483:WARNING:D:\Anaconda\envs\python_311_env\Lib\site-packages\sklearn\linear_model\_logistic.py:469: ConvergenceWarning: lbfgs failed to converge (status=1):
STOP: TOTAL NO. of ITERATIONS REACHED LIMIT.

Increase the number of iterations (max_iter) or scale the data as shown in:
    https://scikit-learn.org/stable/modules/preprocessing.html
Please also refer to the documentation for alternative solver options:
    https://scikit-learn.org/stable/modules/linear_model.html#logistic-regression
  n_iter_i = _check_optimize_result(

2025-03-08 14:08:45,866:WARNING:D:\Anaconda\envs\python_311_env\Lib\site-packages\sklearn\linear_model\_logistic.py:469: ConvergenceWarning: lbfgs failed to converge (status=1):
STOP: TOTAL NO. of ITERATIONS REACHED LIMIT.

Increase the number of iterations (max_iter) or scale the data as shown in:
    https://scikit-learn.org/stable/modules/preprocessing.html
Please also refer to the documentation for alternative solver options:
    https://scikit-learn.org/stable/modules/linear_model.html#logistic-regression
  n_iter_i = _check_optimize_result(

2025-03-08 14:08:48,440:WARNING:D:\Anaconda\envs\python_311_env\Lib\site-packages\sklearn\linear_model\_logistic.py:469: ConvergenceWarning: lbfgs failed to converge (status=1):
STOP: TOTAL NO. of ITERATIONS REACHED LIMIT.

Increase the number of iterations (max_iter) or scale the data as shown in:
    https://scikit-learn.org/stable/modules/preprocessing.html
Please also refer to the documentation for alternative solver options:
    https://scikit-learn.org/stable/modules/linear_model.html#logistic-regression
  n_iter_i = _check_optimize_result(

2025-03-08 14:08:48,978:WARNING:D:\Anaconda\envs\python_311_env\Lib\site-packages\sklearn\linear_model\_logistic.py:469: ConvergenceWarning: lbfgs failed to converge (status=1):
STOP: TOTAL NO. of ITERATIONS REACHED LIMIT.

Increase the number of iterations (max_iter) or scale the data as shown in:
    https://scikit-learn.org/stable/modules/preprocessing.html
Please also refer to the documentation for alternative solver options:
    https://scikit-learn.org/stable/modules/linear_model.html#logistic-regression
  n_iter_i = _check_optimize_result(

2025-03-08 14:08:49,114:WARNING:D:\Anaconda\envs\python_311_env\Lib\site-packages\sklearn\linear_model\_logistic.py:469: ConvergenceWarning: lbfgs failed to converge (status=1):
STOP: TOTAL NO. of ITERATIONS REACHED LIMIT.

Increase the number of iterations (max_iter) or scale the data as shown in:
    https://scikit-learn.org/stable/modules/preprocessing.html
Please also refer to the documentation for alternative solver options:
    https://scikit-learn.org/stable/modules/linear_model.html#logistic-regression
  n_iter_i = _check_optimize_result(

2025-03-08 14:08:49,429:WARNING:D:\Anaconda\envs\python_311_env\Lib\site-packages\sklearn\linear_model\_logistic.py:469: ConvergenceWarning: lbfgs failed to converge (status=1):
STOP: TOTAL NO. of ITERATIONS REACHED LIMIT.

Increase the number of iterations (max_iter) or scale the data as shown in:
    https://scikit-learn.org/stable/modules/preprocessing.html
Please also refer to the documentation for alternative solver options:
    https://scikit-learn.org/stable/modules/linear_model.html#logistic-regression
  n_iter_i = _check_optimize_result(

2025-03-08 14:08:51,446:WARNING:D:\Anaconda\envs\python_311_env\Lib\site-packages\sklearn\linear_model\_logistic.py:469: ConvergenceWarning: lbfgs failed to converge (status=1):
STOP: TOTAL NO. of ITERATIONS REACHED LIMIT.

Increase the number of iterations (max_iter) or scale the data as shown in:
    https://scikit-learn.org/stable/modules/preprocessing.html
Please also refer to the documentation for alternative solver options:
    https://scikit-learn.org/stable/modules/linear_model.html#logistic-regression
  n_iter_i = _check_optimize_result(

2025-03-08 14:08:51,864:WARNING:D:\Anaconda\envs\python_311_env\Lib\site-packages\sklearn\linear_model\_logistic.py:469: ConvergenceWarning: lbfgs failed to converge (status=1):
STOP: TOTAL NO. of ITERATIONS REACHED LIMIT.

Increase the number of iterations (max_iter) or scale the data as shown in:
    https://scikit-learn.org/stable/modules/preprocessing.html
Please also refer to the documentation for alternative solver options:
    https://scikit-learn.org/stable/modules/linear_model.html#logistic-regression
  n_iter_i = _check_optimize_result(

2025-03-08 14:08:52,376:WARNING:D:\Anaconda\envs\python_311_env\Lib\site-packages\sklearn\linear_model\_logistic.py:469: ConvergenceWarning: lbfgs failed to converge (status=1):
STOP: TOTAL NO. of ITERATIONS REACHED LIMIT.

Increase the number of iterations (max_iter) or scale the data as shown in:
    https://scikit-learn.org/stable/modules/preprocessing.html
Please also refer to the documentation for alternative solver options:
    https://scikit-learn.org/stable/modules/linear_model.html#logistic-regression
  n_iter_i = _check_optimize_result(

2025-03-08 14:08:54,133:WARNING:D:\Anaconda\envs\python_311_env\Lib\site-packages\sklearn\linear_model\_logistic.py:469: ConvergenceWarning: lbfgs failed to converge (status=1):
STOP: TOTAL NO. of ITERATIONS REACHED LIMIT.

Increase the number of iterations (max_iter) or scale the data as shown in:
    https://scikit-learn.org/stable/modules/preprocessing.html
Please also refer to the documentation for alternative solver options:
    https://scikit-learn.org/stable/modules/linear_model.html#logistic-regression
  n_iter_i = _check_optimize_result(

2025-03-08 14:09:11,793:WARNING:D:\Anaconda\envs\python_311_env\Lib\site-packages\sklearn\linear_model\_logistic.py:469: ConvergenceWarning: lbfgs failed to converge (status=1):
STOP: TOTAL NO. of ITERATIONS REACHED LIMIT.

Increase the number of iterations (max_iter) or scale the data as shown in:
    https://scikit-learn.org/stable/modules/preprocessing.html
Please also refer to the documentation for alternative solver options:
    https://scikit-learn.org/stable/modules/linear_model.html#logistic-regression
  n_iter_i = _check_optimize_result(

2025-03-08 14:09:12,946:WARNING:D:\Anaconda\envs\python_311_env\Lib\site-packages\sklearn\linear_model\_logistic.py:469: ConvergenceWarning: lbfgs failed to converge (status=1):
STOP: TOTAL NO. of ITERATIONS REACHED LIMIT.

Increase the number of iterations (max_iter) or scale the data as shown in:
    https://scikit-learn.org/stable/modules/preprocessing.html
Please also refer to the documentation for alternative solver options:
    https://scikit-learn.org/stable/modules/linear_model.html#logistic-regression
  n_iter_i = _check_optimize_result(

2025-03-08 14:09:13,280:WARNING:D:\Anaconda\envs\python_311_env\Lib\site-packages\sklearn\linear_model\_logistic.py:469: ConvergenceWarning: lbfgs failed to converge (status=1):
STOP: TOTAL NO. of ITERATIONS REACHED LIMIT.

Increase the number of iterations (max_iter) or scale the data as shown in:
    https://scikit-learn.org/stable/modules/preprocessing.html
Please also refer to the documentation for alternative solver options:
    https://scikit-learn.org/stable/modules/linear_model.html#logistic-regression
  n_iter_i = _check_optimize_result(

2025-03-08 14:09:14,640:WARNING:D:\Anaconda\envs\python_311_env\Lib\site-packages\sklearn\linear_model\_logistic.py:469: ConvergenceWarning: lbfgs failed to converge (status=1):
STOP: TOTAL NO. of ITERATIONS REACHED LIMIT.

Increase the number of iterations (max_iter) or scale the data as shown in:
    https://scikit-learn.org/stable/modules/preprocessing.html
Please also refer to the documentation for alternative solver options:
    https://scikit-learn.org/stable/modules/linear_model.html#logistic-regression
  n_iter_i = _check_optimize_result(

2025-03-08 14:10:12,168:WARNING:
'cuml' is a soft dependency and not included in the pycaret installation. Please run: `pip install cuml` to install.
2025-03-08 14:10:12,168:WARNING:
'cuml' is a soft dependency and not included in the pycaret installation. Please run: `pip install cuml` to install.
2025-03-08 14:10:12,168:WARNING:
'cuml' is a soft dependency and not included in the pycaret installation. Please run: `pip install cuml` to install.
2025-03-08 14:10:12,168:WARNING:
'cuml' is a soft dependency and not included in the pycaret installation. Please run: `pip install cuml` to install.
2025-03-08 14:10:12,716:INFO:PyCaret ClassificationExperiment
2025-03-08 14:10:12,716:INFO:Logging name: clf-default-name
2025-03-08 14:10:12,716:INFO:ML Usecase: MLUsecase.CLASSIFICATION
2025-03-08 14:10:12,716:INFO:version 3.3.2
2025-03-08 14:10:12,716:INFO:Initializing setup()
2025-03-08 14:10:12,716:INFO:self.USI: 22f3
2025-03-08 14:10:12,716:INFO:self._variable_keys: {'log_plots_param', '_available_plots', 'logging_param', 'memory', 'fix_imbalance', 'X', 'pipeline', 'X_test', '_ml_usecase', 'html_param', 'exp_name_log', 'is_multiclass', 'data', 'seed', 'n_jobs_param', 'gpu_n_jobs_param', 'target_param', 'fold_groups_param', 'gpu_param', 'exp_id', 'idx', 'fold_generator', 'y_train', 'y', 'X_train', 'USI', 'fold_shuffle_param', 'y_test'}
2025-03-08 14:10:12,716:INFO:Checking environment
2025-03-08 14:10:12,716:INFO:python_version: 3.11.11
2025-03-08 14:10:12,716:INFO:python_build: ('main', 'Dec 11 2024 16:34:19')
2025-03-08 14:10:12,716:INFO:machine: AMD64
2025-03-08 14:10:12,716:INFO:platform: Windows-10-10.0.19045-SP0
2025-03-08 14:10:12,720:INFO:Memory: svmem(total=17068290048, available=6197321728, percent=63.7, used=10870968320, free=6197321728)
2025-03-08 14:10:12,720:INFO:Physical Core: 6
2025-03-08 14:10:12,720:INFO:Logical Core: 12
2025-03-08 14:10:12,720:INFO:Checking libraries
2025-03-08 14:10:12,720:INFO:System:
2025-03-08 14:10:12,720:INFO:    python: 3.11.11 | packaged by Anaconda, Inc. | (main, Dec 11 2024, 16:34:19) [MSC v.1929 64 bit (AMD64)]
2025-03-08 14:10:12,720:INFO:executable: D:\Anaconda\envs\python_311_env\python.exe
2025-03-08 14:10:12,720:INFO:   machine: Windows-10-10.0.19045-SP0
2025-03-08 14:10:12,720:INFO:PyCaret required dependencies:
2025-03-08 14:10:12,746:INFO:                 pip: 25.0
2025-03-08 14:10:12,746:INFO:          setuptools: 75.8.0
2025-03-08 14:10:12,746:INFO:             pycaret: 3.3.2
2025-03-08 14:10:12,746:INFO:             IPython: 9.0.1
2025-03-08 14:10:12,746:INFO:          ipywidgets: 8.1.5
2025-03-08 14:10:12,746:INFO:                tqdm: 4.67.1
2025-03-08 14:10:12,746:INFO:               numpy: 1.26.4
2025-03-08 14:10:12,746:INFO:              pandas: 2.1.4
2025-03-08 14:10:12,746:INFO:              jinja2: 3.1.6
2025-03-08 14:10:12,746:INFO:               scipy: 1.11.4
2025-03-08 14:10:12,746:INFO:              joblib: 1.3.2
2025-03-08 14:10:12,746:INFO:             sklearn: 1.4.2
2025-03-08 14:10:12,746:INFO:                pyod: 2.0.3
2025-03-08 14:10:12,746:INFO:            imblearn: 0.13.0
2025-03-08 14:10:12,746:INFO:   category_encoders: 2.7.0
2025-03-08 14:10:12,746:INFO:            lightgbm: 4.6.0
2025-03-08 14:10:12,746:INFO:               numba: 0.61.0
2025-03-08 14:10:12,746:INFO:            requests: 2.32.3
2025-03-08 14:10:12,746:INFO:          matplotlib: 3.7.5
2025-03-08 14:10:12,746:INFO:          scikitplot: 0.3.7
2025-03-08 14:10:12,746:INFO:         yellowbrick: 1.5
2025-03-08 14:10:12,746:INFO:              plotly: 5.24.1
2025-03-08 14:10:12,746:INFO:    plotly-resampler: Not installed
2025-03-08 14:10:12,746:INFO:             kaleido: 0.2.1
2025-03-08 14:10:12,746:INFO:           schemdraw: 0.15
2025-03-08 14:10:12,746:INFO:         statsmodels: 0.14.4
2025-03-08 14:10:12,747:INFO:              sktime: 0.26.0
2025-03-08 14:10:12,747:INFO:               tbats: 1.1.3
2025-03-08 14:10:12,747:INFO:            pmdarima: 2.0.4
2025-03-08 14:10:12,747:INFO:              psutil: 7.0.0
2025-03-08 14:10:12,747:INFO:          markupsafe: 3.0.2
2025-03-08 14:10:12,747:INFO:             pickle5: Not installed
2025-03-08 14:10:12,747:INFO:         cloudpickle: 3.1.1
2025-03-08 14:10:12,747:INFO:         deprecation: 2.1.0
2025-03-08 14:10:12,747:INFO:              xxhash: 3.5.0
2025-03-08 14:10:12,747:INFO:           wurlitzer: Not installed
2025-03-08 14:10:12,747:INFO:PyCaret optional dependencies:
2025-03-08 14:10:12,768:INFO:                shap: Not installed
2025-03-08 14:10:12,768:INFO:           interpret: Not installed
2025-03-08 14:10:12,768:INFO:                umap: Not installed
2025-03-08 14:10:12,768:INFO:     ydata_profiling: Not installed
2025-03-08 14:10:12,768:INFO:  explainerdashboard: Not installed
2025-03-08 14:10:12,768:INFO:             autoviz: Not installed
2025-03-08 14:10:12,768:INFO:           fairlearn: Not installed
2025-03-08 14:10:12,768:INFO:          deepchecks: Not installed
2025-03-08 14:10:12,768:INFO:             xgboost: Not installed
2025-03-08 14:10:12,768:INFO:            catboost: Not installed
2025-03-08 14:10:12,768:INFO:              kmodes: Not installed
2025-03-08 14:10:12,768:INFO:             mlxtend: Not installed
2025-03-08 14:10:12,768:INFO:       statsforecast: Not installed
2025-03-08 14:10:12,768:INFO:        tune_sklearn: Not installed
2025-03-08 14:10:12,768:INFO:                 ray: Not installed
2025-03-08 14:10:12,768:INFO:            hyperopt: Not installed
2025-03-08 14:10:12,768:INFO:              optuna: Not installed
2025-03-08 14:10:12,768:INFO:               skopt: Not installed
2025-03-08 14:10:12,768:INFO:              mlflow: Not installed
2025-03-08 14:10:12,768:INFO:              gradio: Not installed
2025-03-08 14:10:12,768:INFO:             fastapi: Not installed
2025-03-08 14:10:12,768:INFO:             uvicorn: Not installed
2025-03-08 14:10:12,769:INFO:              m2cgen: Not installed
2025-03-08 14:10:12,769:INFO:           evidently: Not installed
2025-03-08 14:10:12,769:INFO:               fugue: Not installed
2025-03-08 14:10:12,769:INFO:           streamlit: Not installed
2025-03-08 14:10:12,769:INFO:             prophet: Not installed
2025-03-08 14:10:12,769:INFO:None
2025-03-08 14:10:12,769:INFO:Set up data.
2025-03-08 14:10:12,827:INFO:Set up folding strategy.
2025-03-08 14:10:12,827:INFO:Set up train/test split.
2025-03-08 14:10:12,864:INFO:Set up index.
2025-03-08 14:10:12,866:INFO:Assigning column types.
2025-03-08 14:10:12,877:INFO:Engine successfully changes for model 'lr' to 'sklearn'.
2025-03-08 14:10:12,916:INFO:Engine for model 'knn' has not been set explicitly, hence returning None.
2025-03-08 14:10:12,919:INFO:Engine for model 'rbfsvm' has not been set explicitly, hence returning None.
2025-03-08 14:10:12,948:WARNING:
'xgboost' is a soft dependency and not included in the pycaret installation. Please run: `pip install xgboost` to install.
Alternately, you can install this by running `pip install pycaret[models]`
2025-03-08 14:10:12,949:WARNING:
'catboost' is a soft dependency and not included in the pycaret installation. Please run: `pip install catboost` to install.
Alternately, you can install this by running `pip install pycaret[models]`
2025-03-08 14:10:12,985:INFO:Engine for model 'knn' has not been set explicitly, hence returning None.
2025-03-08 14:10:12,986:INFO:Engine for model 'rbfsvm' has not been set explicitly, hence returning None.
2025-03-08 14:10:13,008:WARNING:
'xgboost' is a soft dependency and not included in the pycaret installation. Please run: `pip install xgboost` to install.
Alternately, you can install this by running `pip install pycaret[models]`
2025-03-08 14:10:13,010:WARNING:
'catboost' is a soft dependency and not included in the pycaret installation. Please run: `pip install catboost` to install.
Alternately, you can install this by running `pip install pycaret[models]`
2025-03-08 14:10:13,010:INFO:Engine successfully changes for model 'knn' to 'sklearn'.
2025-03-08 14:10:13,047:INFO:Engine for model 'rbfsvm' has not been set explicitly, hence returning None.
2025-03-08 14:10:13,070:WARNING:
'xgboost' is a soft dependency and not included in the pycaret installation. Please run: `pip install xgboost` to install.
Alternately, you can install this by running `pip install pycaret[models]`
2025-03-08 14:10:13,070:WARNING:
'catboost' is a soft dependency and not included in the pycaret installation. Please run: `pip install catboost` to install.
Alternately, you can install this by running `pip install pycaret[models]`
2025-03-08 14:10:13,107:INFO:Engine for model 'rbfsvm' has not been set explicitly, hence returning None.
2025-03-08 14:10:13,130:WARNING:
'xgboost' is a soft dependency and not included in the pycaret installation. Please run: `pip install xgboost` to install.
Alternately, you can install this by running `pip install pycaret[models]`
2025-03-08 14:10:13,130:WARNING:
'catboost' is a soft dependency and not included in the pycaret installation. Please run: `pip install catboost` to install.
Alternately, you can install this by running `pip install pycaret[models]`
2025-03-08 14:10:13,130:INFO:Engine successfully changes for model 'rbfsvm' to 'sklearn'.
2025-03-08 14:10:13,189:WARNING:
'xgboost' is a soft dependency and not included in the pycaret installation. Please run: `pip install xgboost` to install.
Alternately, you can install this by running `pip install pycaret[models]`
2025-03-08 14:10:13,189:WARNING:
'catboost' is a soft dependency and not included in the pycaret installation. Please run: `pip install catboost` to install.
Alternately, you can install this by running `pip install pycaret[models]`
2025-03-08 14:10:13,249:WARNING:
'xgboost' is a soft dependency and not included in the pycaret installation. Please run: `pip install xgboost` to install.
Alternately, you can install this by running `pip install pycaret[models]`
2025-03-08 14:10:13,249:WARNING:
'catboost' is a soft dependency and not included in the pycaret installation. Please run: `pip install catboost` to install.
Alternately, you can install this by running `pip install pycaret[models]`
2025-03-08 14:10:13,251:INFO:Preparing preprocessing pipeline...
2025-03-08 14:10:13,253:INFO:Set up simple imputation.
2025-03-08 14:10:13,268:INFO:Set up encoding of ordinal features.
2025-03-08 14:10:13,280:INFO:Set up encoding of categorical features.
2025-03-08 14:10:13,565:INFO:Finished creating preprocessing pipeline.
2025-03-08 14:10:13,592:INFO:Pipeline: Pipeline(memory=FastMemory(location=C:\Users\GUILHE~1\AppData\Local\Temp\joblib),
         steps=[('numerical_imputer',
                 TransformerWrapper(exclude=None,
                                    include=['qtd_filhos', 'idade',
                                             'tempo_emprego',
                                             'qt_pessoas_residencia', 'renda'],
                                    transformer=SimpleImputer(add_indicator=False,
                                                              copy=True,
                                                              fill_value=None,
                                                              keep_empty_features=False,
                                                              missing_values=nan,
                                                              strategy='mea...
                                                               verbose=0))),
                ('onehot_encoding',
                 TransformerWrapper(exclude=None,
                                    include=['tipo_renda', 'educacao',
                                             'estado_civil',
                                             'tipo_residencia'],
                                    transformer=OneHotEncoder(cols=['tipo_renda',
                                                                    'educacao',
                                                                    'estado_civil',
                                                                    'tipo_residencia'],
                                                              drop_invariant=False,
                                                              handle_missing='return_nan',
                                                              handle_unknown='value',
                                                              return_df=True,
                                                              use_cat_names=True,
                                                              verbose=0)))],
         verbose=False)
2025-03-08 14:10:13,592:INFO:Creating final display dataframe.
2025-03-08 14:10:13,771:INFO:Setup _display_container:                     Description             Value
0                    Session id               412
1                        Target               mau
2                   Target type            Binary
3           Original data shape      (120000, 13)
4        Transformed data shape      (120000, 30)
5   Transformed train set shape       (84000, 30)
6    Transformed test set shape       (36000, 30)
7              Numeric features                 5
8          Categorical features                 7
9                    Preprocess              True
10              Imputation type            simple
11           Numeric imputation              mean
12       Categorical imputation              mode
13     Maximum one-hot encoding                25
14              Encoding method              None
15               Fold Generator   StratifiedKFold
16                  Fold Number                10
17                     CPU Jobs                -1
18                      Use GPU             False
19               Log Experiment             False
20              Experiment Name  clf-default-name
21                          USI              22f3
2025-03-08 14:10:13,838:WARNING:
'xgboost' is a soft dependency and not included in the pycaret installation. Please run: `pip install xgboost` to install.
Alternately, you can install this by running `pip install pycaret[models]`
2025-03-08 14:10:13,838:WARNING:
'catboost' is a soft dependency and not included in the pycaret installation. Please run: `pip install catboost` to install.
Alternately, you can install this by running `pip install pycaret[models]`
2025-03-08 14:10:13,899:WARNING:
'xgboost' is a soft dependency and not included in the pycaret installation. Please run: `pip install xgboost` to install.
Alternately, you can install this by running `pip install pycaret[models]`
2025-03-08 14:10:13,899:WARNING:
'catboost' is a soft dependency and not included in the pycaret installation. Please run: `pip install catboost` to install.
Alternately, you can install this by running `pip install pycaret[models]`
2025-03-08 14:10:13,900:INFO:setup() successfully completed in 1.19s...............
2025-03-08 14:10:13,903:INFO:Initializing compare_models()
2025-03-08 14:10:13,903:INFO:compare_models(self=<pycaret.classification.oop.ClassificationExperiment object at 0x00000204000CF4D0>, include=None, exclude=None, fold=5, round=4, cross_validation=True, sort=Accuracy, n_select=1, budget_time=None, turbo=True, errors=ignore, fit_kwargs=None, groups=None, experiment_custom_tags=None, probability_threshold=None, verbose=True, parallel=None, caller_params={'self': <pycaret.classification.oop.ClassificationExperiment object at 0x00000204000CF4D0>, 'include': None, 'exclude': None, 'fold': 5, 'round': 4, 'cross_validation': True, 'sort': 'Accuracy', 'n_select': 1, 'budget_time': None, 'turbo': True, 'errors': 'ignore', 'fit_kwargs': None, 'groups': None, 'experiment_custom_tags': None, 'probability_threshold': None, 'engine': None, 'verbose': True, 'parallel': None, '__class__': <class 'pycaret.classification.oop.ClassificationExperiment'>})
2025-03-08 14:10:13,903:INFO:Checking exceptions
2025-03-08 14:10:13,917:INFO:Preparing display monitor
2025-03-08 14:10:13,933:INFO:Initializing Logistic Regression
2025-03-08 14:10:13,933:INFO:Total runtime is 0.0 minutes
2025-03-08 14:10:13,935:INFO:SubProcess create_model() called ==================================
2025-03-08 14:10:13,935:INFO:Initializing create_model()
2025-03-08 14:10:13,935:INFO:create_model(self=<pycaret.classification.oop.ClassificationExperiment object at 0x00000204000CF4D0>, estimator=lr, fold=StratifiedKFold(n_splits=5, random_state=None, shuffle=False), round=4, cross_validation=True, predict=True, fit_kwargs={}, groups=None, refit=False, probability_threshold=None, experiment_custom_tags=None, verbose=False, system=False, add_to_model_list=True, metrics=None, display=<pycaret.internal.display.display.CommonDisplay object at 0x000002040084F890>, model_only=True, return_train_score=False, error_score=0.0, kwargs={})
2025-03-08 14:10:13,935:INFO:Checking exceptions
2025-03-08 14:10:13,936:INFO:Importing libraries
2025-03-08 14:10:13,936:INFO:Copying training dataset
2025-03-08 14:10:13,962:INFO:Defining folds
2025-03-08 14:10:13,962:INFO:Declaring metric variables
2025-03-08 14:10:13,964:INFO:Importing untrained model
2025-03-08 14:10:13,968:INFO:Logistic Regression Imported successfully
2025-03-08 14:10:13,972:INFO:Starting cross validation
2025-03-08 14:10:13,974:INFO:Cross validating with StratifiedKFold(n_splits=5, random_state=None, shuffle=False), n_jobs=-1
2025-03-08 14:10:25,456:WARNING:D:\Anaconda\envs\python_311_env\Lib\site-packages\sklearn\linear_model\_logistic.py:469: ConvergenceWarning: lbfgs failed to converge (status=1):
STOP: TOTAL NO. of ITERATIONS REACHED LIMIT.

Increase the number of iterations (max_iter) or scale the data as shown in:
    https://scikit-learn.org/stable/modules/preprocessing.html
Please also refer to the documentation for alternative solver options:
    https://scikit-learn.org/stable/modules/linear_model.html#logistic-regression
  n_iter_i = _check_optimize_result(

2025-03-08 14:10:25,551:WARNING:D:\Anaconda\envs\python_311_env\Lib\site-packages\sklearn\linear_model\_logistic.py:469: ConvergenceWarning: lbfgs failed to converge (status=1):
STOP: TOTAL NO. of ITERATIONS REACHED LIMIT.

Increase the number of iterations (max_iter) or scale the data as shown in:
    https://scikit-learn.org/stable/modules/preprocessing.html
Please also refer to the documentation for alternative solver options:
    https://scikit-learn.org/stable/modules/linear_model.html#logistic-regression
  n_iter_i = _check_optimize_result(

2025-03-08 14:10:25,558:WARNING:D:\Anaconda\envs\python_311_env\Lib\site-packages\sklearn\linear_model\_logistic.py:469: ConvergenceWarning: lbfgs failed to converge (status=1):
STOP: TOTAL NO. of ITERATIONS REACHED LIMIT.

Increase the number of iterations (max_iter) or scale the data as shown in:
    https://scikit-learn.org/stable/modules/preprocessing.html
Please also refer to the documentation for alternative solver options:
    https://scikit-learn.org/stable/modules/linear_model.html#logistic-regression
  n_iter_i = _check_optimize_result(

2025-03-08 14:10:25,574:WARNING:D:\Anaconda\envs\python_311_env\Lib\site-packages\sklearn\linear_model\_logistic.py:469: ConvergenceWarning: lbfgs failed to converge (status=1):
STOP: TOTAL NO. of ITERATIONS REACHED LIMIT.

Increase the number of iterations (max_iter) or scale the data as shown in:
    https://scikit-learn.org/stable/modules/preprocessing.html
Please also refer to the documentation for alternative solver options:
    https://scikit-learn.org/stable/modules/linear_model.html#logistic-regression
  n_iter_i = _check_optimize_result(

2025-03-08 14:10:25,584:WARNING:D:\Anaconda\envs\python_311_env\Lib\site-packages\sklearn\metrics\_classification.py:1509: UndefinedMetricWarning: Precision is ill-defined and being set to 0.0 due to no predicted samples. Use `zero_division` parameter to control this behavior.
  _warn_prf(average, modifier, f"{metric.capitalize()} is", len(result))

2025-03-08 14:10:25,623:WARNING:D:\Anaconda\envs\python_311_env\Lib\site-packages\sklearn\linear_model\_logistic.py:469: ConvergenceWarning: lbfgs failed to converge (status=1):
STOP: TOTAL NO. of ITERATIONS REACHED LIMIT.

Increase the number of iterations (max_iter) or scale the data as shown in:
    https://scikit-learn.org/stable/modules/preprocessing.html
Please also refer to the documentation for alternative solver options:
    https://scikit-learn.org/stable/modules/linear_model.html#logistic-regression
  n_iter_i = _check_optimize_result(

2025-03-08 14:10:25,660:WARNING:D:\Anaconda\envs\python_311_env\Lib\site-packages\sklearn\metrics\_classification.py:1509: UndefinedMetricWarning: Precision is ill-defined and being set to 0.0 due to no predicted samples. Use `zero_division` parameter to control this behavior.
  _warn_prf(average, modifier, f"{metric.capitalize()} is", len(result))

2025-03-08 14:10:25,667:WARNING:D:\Anaconda\envs\python_311_env\Lib\site-packages\sklearn\metrics\_classification.py:1509: UndefinedMetricWarning: Precision is ill-defined and being set to 0.0 due to no predicted samples. Use `zero_division` parameter to control this behavior.
  _warn_prf(average, modifier, f"{metric.capitalize()} is", len(result))

2025-03-08 14:10:25,680:WARNING:D:\Anaconda\envs\python_311_env\Lib\site-packages\sklearn\metrics\_classification.py:1509: UndefinedMetricWarning: Precision is ill-defined and being set to 0.0 due to no predicted samples. Use `zero_division` parameter to control this behavior.
  _warn_prf(average, modifier, f"{metric.capitalize()} is", len(result))

2025-03-08 14:10:25,720:WARNING:D:\Anaconda\envs\python_311_env\Lib\site-packages\sklearn\metrics\_classification.py:1509: UndefinedMetricWarning: Precision is ill-defined and being set to 0.0 due to no predicted samples. Use `zero_division` parameter to control this behavior.
  _warn_prf(average, modifier, f"{metric.capitalize()} is", len(result))

2025-03-08 14:10:25,743:INFO:Calculating mean and std
2025-03-08 14:10:25,744:INFO:Creating metrics dataframe
2025-03-08 14:10:25,745:INFO:Uploading results into container
2025-03-08 14:10:25,746:INFO:Uploading model into container now
2025-03-08 14:10:25,746:INFO:_master_model_container: 1
2025-03-08 14:10:25,746:INFO:_display_container: 2
2025-03-08 14:10:25,747:INFO:LogisticRegression(C=1.0, class_weight=None, dual=False, fit_intercept=True,
                   intercept_scaling=1, l1_ratio=None, max_iter=1000,
                   multi_class='auto', n_jobs=None, penalty='l2',
                   random_state=412, solver='lbfgs', tol=0.0001, verbose=0,
                   warm_start=False)
2025-03-08 14:10:25,747:INFO:create_model() successfully completed......................................
2025-03-08 14:10:25,832:INFO:SubProcess create_model() end ==================================
2025-03-08 14:10:25,832:INFO:Creating metrics dataframe
2025-03-08 14:10:25,837:INFO:Initializing K Neighbors Classifier
2025-03-08 14:10:25,837:INFO:Total runtime is 0.19839800596237184 minutes
2025-03-08 14:10:25,839:INFO:SubProcess create_model() called ==================================
2025-03-08 14:10:25,839:INFO:Initializing create_model()
2025-03-08 14:10:25,839:INFO:create_model(self=<pycaret.classification.oop.ClassificationExperiment object at 0x00000204000CF4D0>, estimator=knn, fold=StratifiedKFold(n_splits=5, random_state=None, shuffle=False), round=4, cross_validation=True, predict=True, fit_kwargs={}, groups=None, refit=False, probability_threshold=None, experiment_custom_tags=None, verbose=False, system=False, add_to_model_list=True, metrics=None, display=<pycaret.internal.display.display.CommonDisplay object at 0x000002040084F890>, model_only=True, return_train_score=False, error_score=0.0, kwargs={})
2025-03-08 14:10:25,840:INFO:Checking exceptions
2025-03-08 14:10:25,840:INFO:Importing libraries
2025-03-08 14:10:25,840:INFO:Copying training dataset
2025-03-08 14:10:25,867:INFO:Defining folds
2025-03-08 14:10:25,867:INFO:Declaring metric variables
2025-03-08 14:10:25,870:INFO:Importing untrained model
2025-03-08 14:10:25,872:INFO:K Neighbors Classifier Imported successfully
2025-03-08 14:10:25,877:INFO:Starting cross validation
2025-03-08 14:10:25,879:INFO:Cross validating with StratifiedKFold(n_splits=5, random_state=None, shuffle=False), n_jobs=-1
2025-03-08 14:10:41,426:INFO:Calculating mean and std
2025-03-08 14:10:41,427:INFO:Creating metrics dataframe
2025-03-08 14:10:41,430:INFO:Uploading results into container
2025-03-08 14:10:41,430:INFO:Uploading model into container now
2025-03-08 14:10:41,431:INFO:_master_model_container: 2
2025-03-08 14:10:41,431:INFO:_display_container: 2
2025-03-08 14:10:41,431:INFO:KNeighborsClassifier(algorithm='auto', leaf_size=30, metric='minkowski',
                     metric_params=None, n_jobs=-1, n_neighbors=5, p=2,
                     weights='uniform')
2025-03-08 14:10:41,432:INFO:create_model() successfully completed......................................
2025-03-08 14:10:41,519:INFO:SubProcess create_model() end ==================================
2025-03-08 14:10:41,519:INFO:Creating metrics dataframe
2025-03-08 14:10:41,524:INFO:Initializing Naive Bayes
2025-03-08 14:10:41,525:INFO:Total runtime is 0.4598679502805074 minutes
2025-03-08 14:10:41,527:INFO:SubProcess create_model() called ==================================
2025-03-08 14:10:41,528:INFO:Initializing create_model()
2025-03-08 14:10:41,528:INFO:create_model(self=<pycaret.classification.oop.ClassificationExperiment object at 0x00000204000CF4D0>, estimator=nb, fold=StratifiedKFold(n_splits=5, random_state=None, shuffle=False), round=4, cross_validation=True, predict=True, fit_kwargs={}, groups=None, refit=False, probability_threshold=None, experiment_custom_tags=None, verbose=False, system=False, add_to_model_list=True, metrics=None, display=<pycaret.internal.display.display.CommonDisplay object at 0x000002040084F890>, model_only=True, return_train_score=False, error_score=0.0, kwargs={})
2025-03-08 14:10:41,528:INFO:Checking exceptions
2025-03-08 14:10:41,528:INFO:Importing libraries
2025-03-08 14:10:41,528:INFO:Copying training dataset
2025-03-08 14:10:41,562:INFO:Defining folds
2025-03-08 14:10:41,562:INFO:Declaring metric variables
2025-03-08 14:10:41,565:INFO:Importing untrained model
2025-03-08 14:10:41,569:INFO:Naive Bayes Imported successfully
2025-03-08 14:10:41,575:INFO:Starting cross validation
2025-03-08 14:10:41,577:INFO:Cross validating with StratifiedKFold(n_splits=5, random_state=None, shuffle=False), n_jobs=-1
2025-03-08 14:10:44,559:INFO:Calculating mean and std
2025-03-08 14:10:44,560:INFO:Creating metrics dataframe
2025-03-08 14:10:44,562:INFO:Uploading results into container
2025-03-08 14:10:44,562:INFO:Uploading model into container now
2025-03-08 14:10:44,563:INFO:_master_model_container: 3
2025-03-08 14:10:44,563:INFO:_display_container: 2
2025-03-08 14:10:44,563:INFO:GaussianNB(priors=None, var_smoothing=1e-09)
2025-03-08 14:10:44,563:INFO:create_model() successfully completed......................................
2025-03-08 14:10:44,646:INFO:SubProcess create_model() end ==================================
2025-03-08 14:10:44,646:INFO:Creating metrics dataframe
2025-03-08 14:10:44,652:INFO:Initializing Decision Tree Classifier
2025-03-08 14:10:44,652:INFO:Total runtime is 0.5119796474774678 minutes
2025-03-08 14:10:44,654:INFO:SubProcess create_model() called ==================================
2025-03-08 14:10:44,654:INFO:Initializing create_model()
2025-03-08 14:10:44,654:INFO:create_model(self=<pycaret.classification.oop.ClassificationExperiment object at 0x00000204000CF4D0>, estimator=dt, fold=StratifiedKFold(n_splits=5, random_state=None, shuffle=False), round=4, cross_validation=True, predict=True, fit_kwargs={}, groups=None, refit=False, probability_threshold=None, experiment_custom_tags=None, verbose=False, system=False, add_to_model_list=True, metrics=None, display=<pycaret.internal.display.display.CommonDisplay object at 0x000002040084F890>, model_only=True, return_train_score=False, error_score=0.0, kwargs={})
2025-03-08 14:10:44,654:INFO:Checking exceptions
2025-03-08 14:10:44,655:INFO:Importing libraries
2025-03-08 14:10:44,655:INFO:Copying training dataset
2025-03-08 14:10:44,703:INFO:Defining folds
2025-03-08 14:10:44,703:INFO:Declaring metric variables
2025-03-08 14:10:44,707:INFO:Importing untrained model
2025-03-08 14:10:44,709:INFO:Decision Tree Classifier Imported successfully
2025-03-08 14:10:44,714:INFO:Starting cross validation
2025-03-08 14:10:44,716:INFO:Cross validating with StratifiedKFold(n_splits=5, random_state=None, shuffle=False), n_jobs=-1
2025-03-08 14:10:45,987:INFO:Calculating mean and std
2025-03-08 14:10:45,988:INFO:Creating metrics dataframe
2025-03-08 14:10:45,989:INFO:Uploading results into container
2025-03-08 14:10:45,990:INFO:Uploading model into container now
2025-03-08 14:10:45,990:INFO:_master_model_container: 4
2025-03-08 14:10:45,990:INFO:_display_container: 2
2025-03-08 14:10:45,990:INFO:DecisionTreeClassifier(ccp_alpha=0.0, class_weight=None, criterion='gini',
                       max_depth=None, max_features=None, max_leaf_nodes=None,
                       min_impurity_decrease=0.0, min_samples_leaf=1,
                       min_samples_split=2, min_weight_fraction_leaf=0.0,
                       monotonic_cst=None, random_state=412, splitter='best')
2025-03-08 14:10:45,991:INFO:create_model() successfully completed......................................
2025-03-08 14:10:46,070:INFO:SubProcess create_model() end ==================================
2025-03-08 14:10:46,070:INFO:Creating metrics dataframe
2025-03-08 14:10:46,076:INFO:Initializing SVM - Linear Kernel
2025-03-08 14:10:46,076:INFO:Total runtime is 0.5357125918070474 minutes
2025-03-08 14:10:46,078:INFO:SubProcess create_model() called ==================================
2025-03-08 14:10:46,078:INFO:Initializing create_model()
2025-03-08 14:10:46,078:INFO:create_model(self=<pycaret.classification.oop.ClassificationExperiment object at 0x00000204000CF4D0>, estimator=svm, fold=StratifiedKFold(n_splits=5, random_state=None, shuffle=False), round=4, cross_validation=True, predict=True, fit_kwargs={}, groups=None, refit=False, probability_threshold=None, experiment_custom_tags=None, verbose=False, system=False, add_to_model_list=True, metrics=None, display=<pycaret.internal.display.display.CommonDisplay object at 0x000002040084F890>, model_only=True, return_train_score=False, error_score=0.0, kwargs={})
2025-03-08 14:10:46,079:INFO:Checking exceptions
2025-03-08 14:10:46,079:INFO:Importing libraries
2025-03-08 14:10:46,079:INFO:Copying training dataset
2025-03-08 14:10:46,105:INFO:Defining folds
2025-03-08 14:10:46,105:INFO:Declaring metric variables
2025-03-08 14:10:46,108:INFO:Importing untrained model
2025-03-08 14:10:46,110:INFO:SVM - Linear Kernel Imported successfully
2025-03-08 14:10:46,115:INFO:Starting cross validation
2025-03-08 14:10:46,117:INFO:Cross validating with StratifiedKFold(n_splits=5, random_state=None, shuffle=False), n_jobs=-1
2025-03-08 14:10:47,009:WARNING:D:\Anaconda\envs\python_311_env\Lib\site-packages\sklearn\metrics\_classification.py:1509: UndefinedMetricWarning: Precision is ill-defined and being set to 0.0 due to no predicted samples. Use `zero_division` parameter to control this behavior.
  _warn_prf(average, modifier, f"{metric.capitalize()} is", len(result))

2025-03-08 14:10:47,014:WARNING:D:\Anaconda\envs\python_311_env\Lib\site-packages\sklearn\metrics\_classification.py:1509: UndefinedMetricWarning: Precision is ill-defined and being set to 0.0 due to no predicted samples. Use `zero_division` parameter to control this behavior.
  _warn_prf(average, modifier, f"{metric.capitalize()} is", len(result))

2025-03-08 14:10:47,113:WARNING:D:\Anaconda\envs\python_311_env\Lib\site-packages\sklearn\metrics\_classification.py:1509: UndefinedMetricWarning: Precision is ill-defined and being set to 0.0 due to no predicted samples. Use `zero_division` parameter to control this behavior.
  _warn_prf(average, modifier, f"{metric.capitalize()} is", len(result))

2025-03-08 14:10:47,227:WARNING:D:\Anaconda\envs\python_311_env\Lib\site-packages\sklearn\metrics\_classification.py:1509: UndefinedMetricWarning: Precision is ill-defined and being set to 0.0 due to no predicted samples. Use `zero_division` parameter to control this behavior.
  _warn_prf(average, modifier, f"{metric.capitalize()} is", len(result))

2025-03-08 14:10:47,241:INFO:Calculating mean and std
2025-03-08 14:10:47,242:INFO:Creating metrics dataframe
2025-03-08 14:10:47,243:INFO:Uploading results into container
2025-03-08 14:10:47,244:INFO:Uploading model into container now
2025-03-08 14:10:47,244:INFO:_master_model_container: 5
2025-03-08 14:10:47,244:INFO:_display_container: 2
2025-03-08 14:10:47,245:INFO:SGDClassifier(alpha=0.0001, average=False, class_weight=None,
              early_stopping=False, epsilon=0.1, eta0=0.001, fit_intercept=True,
              l1_ratio=0.15, learning_rate='optimal', loss='hinge',
              max_iter=1000, n_iter_no_change=5, n_jobs=-1, penalty='l2',
              power_t=0.5, random_state=412, shuffle=True, tol=0.001,
              validation_fraction=0.1, verbose=0, warm_start=False)
2025-03-08 14:10:47,245:INFO:create_model() successfully completed......................................
2025-03-08 14:10:47,323:INFO:SubProcess create_model() end ==================================
2025-03-08 14:10:47,323:INFO:Creating metrics dataframe
2025-03-08 14:10:47,329:INFO:Initializing Ridge Classifier
2025-03-08 14:10:47,329:INFO:Total runtime is 0.556594427426656 minutes
2025-03-08 14:10:47,332:INFO:SubProcess create_model() called ==================================
2025-03-08 14:10:47,332:INFO:Initializing create_model()
2025-03-08 14:10:47,332:INFO:create_model(self=<pycaret.classification.oop.ClassificationExperiment object at 0x00000204000CF4D0>, estimator=ridge, fold=StratifiedKFold(n_splits=5, random_state=None, shuffle=False), round=4, cross_validation=True, predict=True, fit_kwargs={}, groups=None, refit=False, probability_threshold=None, experiment_custom_tags=None, verbose=False, system=False, add_to_model_list=True, metrics=None, display=<pycaret.internal.display.display.CommonDisplay object at 0x000002040084F890>, model_only=True, return_train_score=False, error_score=0.0, kwargs={})
2025-03-08 14:10:47,332:INFO:Checking exceptions
2025-03-08 14:10:47,332:INFO:Importing libraries
2025-03-08 14:10:47,332:INFO:Copying training dataset
2025-03-08 14:10:47,358:INFO:Defining folds
2025-03-08 14:10:47,358:INFO:Declaring metric variables
2025-03-08 14:10:47,361:INFO:Importing untrained model
2025-03-08 14:10:47,363:INFO:Ridge Classifier Imported successfully
2025-03-08 14:10:47,367:INFO:Starting cross validation
2025-03-08 14:10:47,369:INFO:Cross validating with StratifiedKFold(n_splits=5, random_state=None, shuffle=False), n_jobs=-1
2025-03-08 14:10:48,214:WARNING:D:\Anaconda\envs\python_311_env\Lib\site-packages\sklearn\metrics\_classification.py:1509: UndefinedMetricWarning: Precision is ill-defined and being set to 0.0 due to no predicted samples. Use `zero_division` parameter to control this behavior.
  _warn_prf(average, modifier, f"{metric.capitalize()} is", len(result))

2025-03-08 14:10:48,229:WARNING:D:\Anaconda\envs\python_311_env\Lib\site-packages\sklearn\metrics\_classification.py:1509: UndefinedMetricWarning: Precision is ill-defined and being set to 0.0 due to no predicted samples. Use `zero_division` parameter to control this behavior.
  _warn_prf(average, modifier, f"{metric.capitalize()} is", len(result))

2025-03-08 14:10:48,231:WARNING:D:\Anaconda\envs\python_311_env\Lib\site-packages\sklearn\metrics\_classification.py:1509: UndefinedMetricWarning: Precision is ill-defined and being set to 0.0 due to no predicted samples. Use `zero_division` parameter to control this behavior.
  _warn_prf(average, modifier, f"{metric.capitalize()} is", len(result))

2025-03-08 14:10:48,236:WARNING:D:\Anaconda\envs\python_311_env\Lib\site-packages\sklearn\metrics\_classification.py:1509: UndefinedMetricWarning: Precision is ill-defined and being set to 0.0 due to no predicted samples. Use `zero_division` parameter to control this behavior.
  _warn_prf(average, modifier, f"{metric.capitalize()} is", len(result))

2025-03-08 14:10:48,242:WARNING:D:\Anaconda\envs\python_311_env\Lib\site-packages\sklearn\metrics\_classification.py:1509: UndefinedMetricWarning: Precision is ill-defined and being set to 0.0 due to no predicted samples. Use `zero_division` parameter to control this behavior.
  _warn_prf(average, modifier, f"{metric.capitalize()} is", len(result))

2025-03-08 14:10:48,267:INFO:Calculating mean and std
2025-03-08 14:10:48,268:INFO:Creating metrics dataframe
2025-03-08 14:10:48,270:INFO:Uploading results into container
2025-03-08 14:10:48,270:INFO:Uploading model into container now
2025-03-08 14:10:48,270:INFO:_master_model_container: 6
2025-03-08 14:10:48,271:INFO:_display_container: 2
2025-03-08 14:10:48,271:INFO:RidgeClassifier(alpha=1.0, class_weight=None, copy_X=True, fit_intercept=True,
                max_iter=None, positive=False, random_state=412, solver='auto',
                tol=0.0001)
2025-03-08 14:10:48,271:INFO:create_model() successfully completed......................................
2025-03-08 14:10:48,360:INFO:SubProcess create_model() end ==================================
2025-03-08 14:10:48,360:INFO:Creating metrics dataframe
2025-03-08 14:10:48,367:INFO:Initializing Random Forest Classifier
2025-03-08 14:10:48,367:INFO:Total runtime is 0.5739017566045125 minutes
2025-03-08 14:10:48,370:INFO:SubProcess create_model() called ==================================
2025-03-08 14:10:48,371:INFO:Initializing create_model()
2025-03-08 14:10:48,371:INFO:create_model(self=<pycaret.classification.oop.ClassificationExperiment object at 0x00000204000CF4D0>, estimator=rf, fold=StratifiedKFold(n_splits=5, random_state=None, shuffle=False), round=4, cross_validation=True, predict=True, fit_kwargs={}, groups=None, refit=False, probability_threshold=None, experiment_custom_tags=None, verbose=False, system=False, add_to_model_list=True, metrics=None, display=<pycaret.internal.display.display.CommonDisplay object at 0x000002040084F890>, model_only=True, return_train_score=False, error_score=0.0, kwargs={})
2025-03-08 14:10:48,371:INFO:Checking exceptions
2025-03-08 14:10:48,371:INFO:Importing libraries
2025-03-08 14:10:48,371:INFO:Copying training dataset
2025-03-08 14:10:48,404:INFO:Defining folds
2025-03-08 14:10:48,404:INFO:Declaring metric variables
2025-03-08 14:10:48,407:INFO:Importing untrained model
2025-03-08 14:10:48,410:INFO:Random Forest Classifier Imported successfully
2025-03-08 14:10:48,414:INFO:Starting cross validation
2025-03-08 14:10:48,416:INFO:Cross validating with StratifiedKFold(n_splits=5, random_state=None, shuffle=False), n_jobs=-1
2025-03-08 14:10:54,907:INFO:Calculating mean and std
2025-03-08 14:10:54,908:INFO:Creating metrics dataframe
2025-03-08 14:10:54,910:INFO:Uploading results into container
2025-03-08 14:10:54,910:INFO:Uploading model into container now
2025-03-08 14:10:54,910:INFO:_master_model_container: 7
2025-03-08 14:10:54,910:INFO:_display_container: 2
2025-03-08 14:10:54,911:INFO:RandomForestClassifier(bootstrap=True, ccp_alpha=0.0, class_weight=None,
                       criterion='gini', max_depth=None, max_features='sqrt',
                       max_leaf_nodes=None, max_samples=None,
                       min_impurity_decrease=0.0, min_samples_leaf=1,
                       min_samples_split=2, min_weight_fraction_leaf=0.0,
                       monotonic_cst=None, n_estimators=100, n_jobs=-1,
                       oob_score=False, random_state=412, verbose=0,
                       warm_start=False)
2025-03-08 14:10:54,911:INFO:create_model() successfully completed......................................
2025-03-08 14:10:54,993:INFO:SubProcess create_model() end ==================================
2025-03-08 14:10:54,993:INFO:Creating metrics dataframe
2025-03-08 14:10:54,999:INFO:Initializing Quadratic Discriminant Analysis
2025-03-08 14:10:54,999:INFO:Total runtime is 0.6844364404678345 minutes
2025-03-08 14:10:55,002:INFO:SubProcess create_model() called ==================================
2025-03-08 14:10:55,002:INFO:Initializing create_model()
2025-03-08 14:10:55,002:INFO:create_model(self=<pycaret.classification.oop.ClassificationExperiment object at 0x00000204000CF4D0>, estimator=qda, fold=StratifiedKFold(n_splits=5, random_state=None, shuffle=False), round=4, cross_validation=True, predict=True, fit_kwargs={}, groups=None, refit=False, probability_threshold=None, experiment_custom_tags=None, verbose=False, system=False, add_to_model_list=True, metrics=None, display=<pycaret.internal.display.display.CommonDisplay object at 0x000002040084F890>, model_only=True, return_train_score=False, error_score=0.0, kwargs={})
2025-03-08 14:10:55,002:INFO:Checking exceptions
2025-03-08 14:10:55,002:INFO:Importing libraries
2025-03-08 14:10:55,003:INFO:Copying training dataset
2025-03-08 14:10:55,028:INFO:Defining folds
2025-03-08 14:10:55,029:INFO:Declaring metric variables
2025-03-08 14:10:55,031:INFO:Importing untrained model
2025-03-08 14:10:55,033:INFO:Quadratic Discriminant Analysis Imported successfully
2025-03-08 14:10:55,038:INFO:Starting cross validation
2025-03-08 14:10:55,040:INFO:Cross validating with StratifiedKFold(n_splits=5, random_state=None, shuffle=False), n_jobs=-1
2025-03-08 14:10:55,761:WARNING:D:\Anaconda\envs\python_311_env\Lib\site-packages\sklearn\discriminant_analysis.py:935: UserWarning: Variables are collinear
  warnings.warn("Variables are collinear")

2025-03-08 14:10:55,881:WARNING:D:\Anaconda\envs\python_311_env\Lib\site-packages\sklearn\discriminant_analysis.py:935: UserWarning: Variables are collinear
  warnings.warn("Variables are collinear")

2025-03-08 14:10:55,881:WARNING:D:\Anaconda\envs\python_311_env\Lib\site-packages\sklearn\discriminant_analysis.py:935: UserWarning: Variables are collinear
  warnings.warn("Variables are collinear")

2025-03-08 14:10:55,915:WARNING:D:\Anaconda\envs\python_311_env\Lib\site-packages\sklearn\discriminant_analysis.py:935: UserWarning: Variables are collinear
  warnings.warn("Variables are collinear")

2025-03-08 14:10:55,917:WARNING:D:\Anaconda\envs\python_311_env\Lib\site-packages\sklearn\discriminant_analysis.py:935: UserWarning: Variables are collinear
  warnings.warn("Variables are collinear")

2025-03-08 14:10:56,074:INFO:Calculating mean and std
2025-03-08 14:10:56,075:INFO:Creating metrics dataframe
2025-03-08 14:10:56,076:INFO:Uploading results into container
2025-03-08 14:10:56,077:INFO:Uploading model into container now
2025-03-08 14:10:56,077:INFO:_master_model_container: 8
2025-03-08 14:10:56,077:INFO:_display_container: 2
2025-03-08 14:10:56,077:INFO:QuadraticDiscriminantAnalysis(priors=None, reg_param=0.0,
                              store_covariance=False, tol=0.0001)
2025-03-08 14:10:56,078:INFO:create_model() successfully completed......................................
2025-03-08 14:10:56,157:INFO:SubProcess create_model() end ==================================
2025-03-08 14:10:56,157:INFO:Creating metrics dataframe
2025-03-08 14:10:56,164:INFO:Initializing Ada Boost Classifier
2025-03-08 14:10:56,164:INFO:Total runtime is 0.7038368622461955 minutes
2025-03-08 14:10:56,167:INFO:SubProcess create_model() called ==================================
2025-03-08 14:10:56,167:INFO:Initializing create_model()
2025-03-08 14:10:56,168:INFO:create_model(self=<pycaret.classification.oop.ClassificationExperiment object at 0x00000204000CF4D0>, estimator=ada, fold=StratifiedKFold(n_splits=5, random_state=None, shuffle=False), round=4, cross_validation=True, predict=True, fit_kwargs={}, groups=None, refit=False, probability_threshold=None, experiment_custom_tags=None, verbose=False, system=False, add_to_model_list=True, metrics=None, display=<pycaret.internal.display.display.CommonDisplay object at 0x000002040084F890>, model_only=True, return_train_score=False, error_score=0.0, kwargs={})
2025-03-08 14:10:56,168:INFO:Checking exceptions
2025-03-08 14:10:56,168:INFO:Importing libraries
2025-03-08 14:10:56,168:INFO:Copying training dataset
2025-03-08 14:10:56,213:INFO:Defining folds
2025-03-08 14:10:56,213:INFO:Declaring metric variables
2025-03-08 14:10:56,216:INFO:Importing untrained model
2025-03-08 14:10:56,218:INFO:Ada Boost Classifier Imported successfully
2025-03-08 14:10:56,223:INFO:Starting cross validation
2025-03-08 14:10:56,225:INFO:Cross validating with StratifiedKFold(n_splits=5, random_state=None, shuffle=False), n_jobs=-1
2025-03-08 14:10:56,832:WARNING:D:\Anaconda\envs\python_311_env\Lib\site-packages\sklearn\ensemble\_weight_boosting.py:519: FutureWarning: The SAMME.R algorithm (the default) is deprecated and will be removed in 1.6. Use the SAMME algorithm to circumvent this warning.
  warnings.warn(

2025-03-08 14:10:56,841:WARNING:D:\Anaconda\envs\python_311_env\Lib\site-packages\sklearn\ensemble\_weight_boosting.py:519: FutureWarning: The SAMME.R algorithm (the default) is deprecated and will be removed in 1.6. Use the SAMME algorithm to circumvent this warning.
  warnings.warn(

2025-03-08 14:10:56,844:WARNING:D:\Anaconda\envs\python_311_env\Lib\site-packages\sklearn\ensemble\_weight_boosting.py:519: FutureWarning: The SAMME.R algorithm (the default) is deprecated and will be removed in 1.6. Use the SAMME algorithm to circumvent this warning.
  warnings.warn(

2025-03-08 14:10:56,846:WARNING:D:\Anaconda\envs\python_311_env\Lib\site-packages\sklearn\ensemble\_weight_boosting.py:519: FutureWarning: The SAMME.R algorithm (the default) is deprecated and will be removed in 1.6. Use the SAMME algorithm to circumvent this warning.
  warnings.warn(

2025-03-08 14:10:56,860:WARNING:D:\Anaconda\envs\python_311_env\Lib\site-packages\sklearn\ensemble\_weight_boosting.py:519: FutureWarning: The SAMME.R algorithm (the default) is deprecated and will be removed in 1.6. Use the SAMME algorithm to circumvent this warning.
  warnings.warn(

2025-03-08 14:11:00,053:WARNING:D:\Anaconda\envs\python_311_env\Lib\site-packages\sklearn\metrics\_classification.py:1509: UndefinedMetricWarning: Precision is ill-defined and being set to 0.0 due to no predicted samples. Use `zero_division` parameter to control this behavior.
  _warn_prf(average, modifier, f"{metric.capitalize()} is", len(result))

2025-03-08 14:11:00,077:WARNING:D:\Anaconda\envs\python_311_env\Lib\site-packages\sklearn\metrics\_classification.py:1509: UndefinedMetricWarning: Precision is ill-defined and being set to 0.0 due to no predicted samples. Use `zero_division` parameter to control this behavior.
  _warn_prf(average, modifier, f"{metric.capitalize()} is", len(result))

2025-03-08 14:11:00,089:INFO:Calculating mean and std
2025-03-08 14:11:00,090:INFO:Creating metrics dataframe
2025-03-08 14:11:00,091:INFO:Uploading results into container
2025-03-08 14:11:00,092:INFO:Uploading model into container now
2025-03-08 14:11:00,092:INFO:_master_model_container: 9
2025-03-08 14:11:00,092:INFO:_display_container: 2
2025-03-08 14:11:00,092:INFO:AdaBoostClassifier(algorithm='SAMME.R', estimator=None, learning_rate=1.0,
                   n_estimators=50, random_state=412)
2025-03-08 14:11:00,092:INFO:create_model() successfully completed......................................
2025-03-08 14:11:00,175:INFO:SubProcess create_model() end ==================================
2025-03-08 14:11:00,175:INFO:Creating metrics dataframe
2025-03-08 14:11:00,182:INFO:Initializing Gradient Boosting Classifier
2025-03-08 14:11:00,182:INFO:Total runtime is 0.7708110411961873 minutes
2025-03-08 14:11:00,184:INFO:SubProcess create_model() called ==================================
2025-03-08 14:11:00,184:INFO:Initializing create_model()
2025-03-08 14:11:00,184:INFO:create_model(self=<pycaret.classification.oop.ClassificationExperiment object at 0x00000204000CF4D0>, estimator=gbc, fold=StratifiedKFold(n_splits=5, random_state=None, shuffle=False), round=4, cross_validation=True, predict=True, fit_kwargs={}, groups=None, refit=False, probability_threshold=None, experiment_custom_tags=None, verbose=False, system=False, add_to_model_list=True, metrics=None, display=<pycaret.internal.display.display.CommonDisplay object at 0x000002040084F890>, model_only=True, return_train_score=False, error_score=0.0, kwargs={})
2025-03-08 14:11:00,185:INFO:Checking exceptions
2025-03-08 14:11:00,185:INFO:Importing libraries
2025-03-08 14:11:00,185:INFO:Copying training dataset
2025-03-08 14:11:00,212:INFO:Defining folds
2025-03-08 14:11:00,213:INFO:Declaring metric variables
2025-03-08 14:11:00,215:INFO:Importing untrained model
2025-03-08 14:11:00,218:INFO:Gradient Boosting Classifier Imported successfully
2025-03-08 14:11:00,223:INFO:Starting cross validation
2025-03-08 14:11:00,225:INFO:Cross validating with StratifiedKFold(n_splits=5, random_state=None, shuffle=False), n_jobs=-1
2025-03-08 14:11:09,569:INFO:Calculating mean and std
2025-03-08 14:11:09,570:INFO:Creating metrics dataframe
2025-03-08 14:11:09,572:INFO:Uploading results into container
2025-03-08 14:11:09,572:INFO:Uploading model into container now
2025-03-08 14:11:09,572:INFO:_master_model_container: 10
2025-03-08 14:11:09,572:INFO:_display_container: 2
2025-03-08 14:11:09,573:INFO:GradientBoostingClassifier(ccp_alpha=0.0, criterion='friedman_mse', init=None,
                           learning_rate=0.1, loss='log_loss', max_depth=3,
                           max_features=None, max_leaf_nodes=None,
                           min_impurity_decrease=0.0, min_samples_leaf=1,
                           min_samples_split=2, min_weight_fraction_leaf=0.0,
                           n_estimators=100, n_iter_no_change=None,
                           random_state=412, subsample=1.0, tol=0.0001,
                           validation_fraction=0.1, verbose=0,
                           warm_start=False)
2025-03-08 14:11:09,573:INFO:create_model() successfully completed......................................
2025-03-08 14:11:09,662:INFO:SubProcess create_model() end ==================================
2025-03-08 14:11:09,662:INFO:Creating metrics dataframe
2025-03-08 14:11:09,670:INFO:Initializing Linear Discriminant Analysis
2025-03-08 14:11:09,670:INFO:Total runtime is 0.9289471824963886 minutes
2025-03-08 14:11:09,674:INFO:SubProcess create_model() called ==================================
2025-03-08 14:11:09,674:INFO:Initializing create_model()
2025-03-08 14:11:09,674:INFO:create_model(self=<pycaret.classification.oop.ClassificationExperiment object at 0x00000204000CF4D0>, estimator=lda, fold=StratifiedKFold(n_splits=5, random_state=None, shuffle=False), round=4, cross_validation=True, predict=True, fit_kwargs={}, groups=None, refit=False, probability_threshold=None, experiment_custom_tags=None, verbose=False, system=False, add_to_model_list=True, metrics=None, display=<pycaret.internal.display.display.CommonDisplay object at 0x000002040084F890>, model_only=True, return_train_score=False, error_score=0.0, kwargs={})
2025-03-08 14:11:09,674:INFO:Checking exceptions
2025-03-08 14:11:09,674:INFO:Importing libraries
2025-03-08 14:11:09,674:INFO:Copying training dataset
2025-03-08 14:11:09,706:INFO:Defining folds
2025-03-08 14:11:09,706:INFO:Declaring metric variables
2025-03-08 14:11:09,710:INFO:Importing untrained model
2025-03-08 14:11:09,713:INFO:Linear Discriminant Analysis Imported successfully
2025-03-08 14:11:09,718:INFO:Starting cross validation
2025-03-08 14:11:09,720:INFO:Cross validating with StratifiedKFold(n_splits=5, random_state=None, shuffle=False), n_jobs=-1
2025-03-08 14:11:10,835:WARNING:D:\Anaconda\envs\python_311_env\Lib\site-packages\sklearn\metrics\_classification.py:1509: UndefinedMetricWarning: Precision is ill-defined and being set to 0.0 due to no predicted samples. Use `zero_division` parameter to control this behavior.
  _warn_prf(average, modifier, f"{metric.capitalize()} is", len(result))

2025-03-08 14:11:10,869:WARNING:D:\Anaconda\envs\python_311_env\Lib\site-packages\sklearn\metrics\_classification.py:1509: UndefinedMetricWarning: Precision is ill-defined and being set to 0.0 due to no predicted samples. Use `zero_division` parameter to control this behavior.
  _warn_prf(average, modifier, f"{metric.capitalize()} is", len(result))

2025-03-08 14:11:10,888:WARNING:D:\Anaconda\envs\python_311_env\Lib\site-packages\sklearn\metrics\_classification.py:1509: UndefinedMetricWarning: Precision is ill-defined and being set to 0.0 due to no predicted samples. Use `zero_division` parameter to control this behavior.
  _warn_prf(average, modifier, f"{metric.capitalize()} is", len(result))

2025-03-08 14:11:10,889:WARNING:D:\Anaconda\envs\python_311_env\Lib\site-packages\sklearn\metrics\_classification.py:1509: UndefinedMetricWarning: Precision is ill-defined and being set to 0.0 due to no predicted samples. Use `zero_division` parameter to control this behavior.
  _warn_prf(average, modifier, f"{metric.capitalize()} is", len(result))

2025-03-08 14:11:10,890:WARNING:D:\Anaconda\envs\python_311_env\Lib\site-packages\sklearn\metrics\_classification.py:1509: UndefinedMetricWarning: Precision is ill-defined and being set to 0.0 due to no predicted samples. Use `zero_division` parameter to control this behavior.
  _warn_prf(average, modifier, f"{metric.capitalize()} is", len(result))

2025-03-08 14:11:10,913:INFO:Calculating mean and std
2025-03-08 14:11:10,914:INFO:Creating metrics dataframe
2025-03-08 14:11:10,916:INFO:Uploading results into container
2025-03-08 14:11:10,916:INFO:Uploading model into container now
2025-03-08 14:11:10,916:INFO:_master_model_container: 11
2025-03-08 14:11:10,916:INFO:_display_container: 2
2025-03-08 14:11:10,917:INFO:LinearDiscriminantAnalysis(covariance_estimator=None, n_components=None,
                           priors=None, shrinkage=None, solver='svd',
                           store_covariance=False, tol=0.0001)
2025-03-08 14:11:10,917:INFO:create_model() successfully completed......................................
2025-03-08 14:11:11,002:INFO:SubProcess create_model() end ==================================
2025-03-08 14:11:11,002:INFO:Creating metrics dataframe
2025-03-08 14:11:11,009:INFO:Initializing Extra Trees Classifier
2025-03-08 14:11:11,010:INFO:Total runtime is 0.9512704968452452 minutes
2025-03-08 14:11:11,012:INFO:SubProcess create_model() called ==================================
2025-03-08 14:11:11,012:INFO:Initializing create_model()
2025-03-08 14:11:11,012:INFO:create_model(self=<pycaret.classification.oop.ClassificationExperiment object at 0x00000204000CF4D0>, estimator=et, fold=StratifiedKFold(n_splits=5, random_state=None, shuffle=False), round=4, cross_validation=True, predict=True, fit_kwargs={}, groups=None, refit=False, probability_threshold=None, experiment_custom_tags=None, verbose=False, system=False, add_to_model_list=True, metrics=None, display=<pycaret.internal.display.display.CommonDisplay object at 0x000002040084F890>, model_only=True, return_train_score=False, error_score=0.0, kwargs={})
2025-03-08 14:11:11,012:INFO:Checking exceptions
2025-03-08 14:11:11,012:INFO:Importing libraries
2025-03-08 14:11:11,012:INFO:Copying training dataset
2025-03-08 14:11:11,042:INFO:Defining folds
2025-03-08 14:11:11,042:INFO:Declaring metric variables
2025-03-08 14:11:11,044:INFO:Importing untrained model
2025-03-08 14:11:11,047:INFO:Extra Trees Classifier Imported successfully
2025-03-08 14:11:11,051:INFO:Starting cross validation
2025-03-08 14:11:11,053:INFO:Cross validating with StratifiedKFold(n_splits=5, random_state=None, shuffle=False), n_jobs=-1
2025-03-08 14:11:17,537:INFO:Calculating mean and std
2025-03-08 14:11:17,538:INFO:Creating metrics dataframe
2025-03-08 14:11:17,540:INFO:Uploading results into container
2025-03-08 14:11:17,541:INFO:Uploading model into container now
2025-03-08 14:11:17,541:INFO:_master_model_container: 12
2025-03-08 14:11:17,542:INFO:_display_container: 2
2025-03-08 14:11:17,542:INFO:ExtraTreesClassifier(bootstrap=False, ccp_alpha=0.0, class_weight=None,
                     criterion='gini', max_depth=None, max_features='sqrt',
                     max_leaf_nodes=None, max_samples=None,
                     min_impurity_decrease=0.0, min_samples_leaf=1,
                     min_samples_split=2, min_weight_fraction_leaf=0.0,
                     monotonic_cst=None, n_estimators=100, n_jobs=-1,
                     oob_score=False, random_state=412, verbose=0,
                     warm_start=False)
2025-03-08 14:11:17,542:INFO:create_model() successfully completed......................................
2025-03-08 14:11:17,636:INFO:SubProcess create_model() end ==================================
2025-03-08 14:11:17,637:INFO:Creating metrics dataframe
2025-03-08 14:11:17,645:INFO:Initializing Light Gradient Boosting Machine
2025-03-08 14:11:17,645:INFO:Total runtime is 1.061869446436564 minutes
2025-03-08 14:11:17,648:INFO:SubProcess create_model() called ==================================
2025-03-08 14:11:17,648:INFO:Initializing create_model()
2025-03-08 14:11:17,648:INFO:create_model(self=<pycaret.classification.oop.ClassificationExperiment object at 0x00000204000CF4D0>, estimator=lightgbm, fold=StratifiedKFold(n_splits=5, random_state=None, shuffle=False), round=4, cross_validation=True, predict=True, fit_kwargs={}, groups=None, refit=False, probability_threshold=None, experiment_custom_tags=None, verbose=False, system=False, add_to_model_list=True, metrics=None, display=<pycaret.internal.display.display.CommonDisplay object at 0x000002040084F890>, model_only=True, return_train_score=False, error_score=0.0, kwargs={})
2025-03-08 14:11:17,648:INFO:Checking exceptions
2025-03-08 14:11:17,648:INFO:Importing libraries
2025-03-08 14:11:17,648:INFO:Copying training dataset
2025-03-08 14:11:17,682:INFO:Defining folds
2025-03-08 14:11:17,682:INFO:Declaring metric variables
2025-03-08 14:11:17,685:INFO:Importing untrained model
2025-03-08 14:11:17,688:INFO:Light Gradient Boosting Machine Imported successfully
2025-03-08 14:11:17,693:INFO:Starting cross validation
2025-03-08 14:11:17,695:INFO:Cross validating with StratifiedKFold(n_splits=5, random_state=None, shuffle=False), n_jobs=-1
2025-03-08 14:11:19,085:INFO:Calculating mean and std
2025-03-08 14:11:19,086:INFO:Creating metrics dataframe
2025-03-08 14:11:19,088:INFO:Uploading results into container
2025-03-08 14:11:19,088:INFO:Uploading model into container now
2025-03-08 14:11:19,089:INFO:_master_model_container: 13
2025-03-08 14:11:19,089:INFO:_display_container: 2
2025-03-08 14:11:19,090:INFO:LGBMClassifier(boosting_type='gbdt', class_weight=None, colsample_bytree=1.0,
               importance_type='split', learning_rate=0.1, max_depth=-1,
               min_child_samples=20, min_child_weight=0.001, min_split_gain=0.0,
               n_estimators=100, n_jobs=-1, num_leaves=31, objective=None,
               random_state=412, reg_alpha=0.0, reg_lambda=0.0, subsample=1.0,
               subsample_for_bin=200000, subsample_freq=0)
2025-03-08 14:11:19,090:INFO:create_model() successfully completed......................................
2025-03-08 14:11:19,191:INFO:SubProcess create_model() end ==================================
2025-03-08 14:11:19,191:INFO:Creating metrics dataframe
2025-03-08 14:11:19,198:INFO:Initializing Dummy Classifier
2025-03-08 14:11:19,198:INFO:Total runtime is 1.087753117084503 minutes
2025-03-08 14:11:19,201:INFO:SubProcess create_model() called ==================================
2025-03-08 14:11:19,201:INFO:Initializing create_model()
2025-03-08 14:11:19,201:INFO:create_model(self=<pycaret.classification.oop.ClassificationExperiment object at 0x00000204000CF4D0>, estimator=dummy, fold=StratifiedKFold(n_splits=5, random_state=None, shuffle=False), round=4, cross_validation=True, predict=True, fit_kwargs={}, groups=None, refit=False, probability_threshold=None, experiment_custom_tags=None, verbose=False, system=False, add_to_model_list=True, metrics=None, display=<pycaret.internal.display.display.CommonDisplay object at 0x000002040084F890>, model_only=True, return_train_score=False, error_score=0.0, kwargs={})
2025-03-08 14:11:19,201:INFO:Checking exceptions
2025-03-08 14:11:19,201:INFO:Importing libraries
2025-03-08 14:11:19,201:INFO:Copying training dataset
2025-03-08 14:11:19,229:INFO:Defining folds
2025-03-08 14:11:19,229:INFO:Declaring metric variables
2025-03-08 14:11:19,232:INFO:Importing untrained model
2025-03-08 14:11:19,234:INFO:Dummy Classifier Imported successfully
2025-03-08 14:11:19,239:INFO:Starting cross validation
2025-03-08 14:11:19,241:INFO:Cross validating with StratifiedKFold(n_splits=5, random_state=None, shuffle=False), n_jobs=-1
2025-03-08 14:11:19,860:WARNING:D:\Anaconda\envs\python_311_env\Lib\site-packages\sklearn\metrics\_classification.py:1509: UndefinedMetricWarning: Precision is ill-defined and being set to 0.0 due to no predicted samples. Use `zero_division` parameter to control this behavior.
  _warn_prf(average, modifier, f"{metric.capitalize()} is", len(result))

2025-03-08 14:11:19,931:WARNING:D:\Anaconda\envs\python_311_env\Lib\site-packages\sklearn\metrics\_classification.py:1509: UndefinedMetricWarning: Precision is ill-defined and being set to 0.0 due to no predicted samples. Use `zero_division` parameter to control this behavior.
  _warn_prf(average, modifier, f"{metric.capitalize()} is", len(result))

2025-03-08 14:11:19,932:WARNING:D:\Anaconda\envs\python_311_env\Lib\site-packages\sklearn\metrics\_classification.py:1509: UndefinedMetricWarning: Precision is ill-defined and being set to 0.0 due to no predicted samples. Use `zero_division` parameter to control this behavior.
  _warn_prf(average, modifier, f"{metric.capitalize()} is", len(result))

2025-03-08 14:11:19,935:WARNING:D:\Anaconda\envs\python_311_env\Lib\site-packages\sklearn\metrics\_classification.py:1509: UndefinedMetricWarning: Precision is ill-defined and being set to 0.0 due to no predicted samples. Use `zero_division` parameter to control this behavior.
  _warn_prf(average, modifier, f"{metric.capitalize()} is", len(result))

2025-03-08 14:11:19,943:WARNING:D:\Anaconda\envs\python_311_env\Lib\site-packages\sklearn\metrics\_classification.py:1509: UndefinedMetricWarning: Precision is ill-defined and being set to 0.0 due to no predicted samples. Use `zero_division` parameter to control this behavior.
  _warn_prf(average, modifier, f"{metric.capitalize()} is", len(result))

2025-03-08 14:11:19,963:INFO:Calculating mean and std
2025-03-08 14:11:19,964:INFO:Creating metrics dataframe
2025-03-08 14:11:19,965:INFO:Uploading results into container
2025-03-08 14:11:19,966:INFO:Uploading model into container now
2025-03-08 14:11:19,966:INFO:_master_model_container: 14
2025-03-08 14:11:19,966:INFO:_display_container: 2
2025-03-08 14:11:19,966:INFO:DummyClassifier(constant=None, random_state=412, strategy='prior')
2025-03-08 14:11:19,967:INFO:create_model() successfully completed......................................
2025-03-08 14:11:20,054:INFO:SubProcess create_model() end ==================================
2025-03-08 14:11:20,054:INFO:Creating metrics dataframe
2025-03-08 14:11:20,063:WARNING:D:\Anaconda\envs\python_311_env\Lib\site-packages\pycaret\internal\pycaret_experiment\supervised_experiment.py:339: FutureWarning: Styler.applymap has been deprecated. Use Styler.map instead.
  .applymap(highlight_cols, subset=["TT (Sec)"])

2025-03-08 14:11:20,069:INFO:Initializing create_model()
2025-03-08 14:11:20,070:INFO:create_model(self=<pycaret.classification.oop.ClassificationExperiment object at 0x00000204000CF4D0>, estimator=LogisticRegression(C=1.0, class_weight=None, dual=False, fit_intercept=True,
                   intercept_scaling=1, l1_ratio=None, max_iter=1000,
                   multi_class='auto', n_jobs=None, penalty='l2',
                   random_state=412, solver='lbfgs', tol=0.0001, verbose=0,
                   warm_start=False), fold=StratifiedKFold(n_splits=5, random_state=None, shuffle=False), round=4, cross_validation=False, predict=False, fit_kwargs={}, groups=None, refit=True, probability_threshold=None, experiment_custom_tags=None, verbose=False, system=False, add_to_model_list=True, metrics=None, display=None, model_only=True, return_train_score=False, error_score=0.0, kwargs={})
2025-03-08 14:11:20,070:INFO:Checking exceptions
2025-03-08 14:11:20,071:INFO:Importing libraries
2025-03-08 14:11:20,071:INFO:Copying training dataset
2025-03-08 14:11:20,097:INFO:Defining folds
2025-03-08 14:11:20,097:INFO:Declaring metric variables
2025-03-08 14:11:20,097:INFO:Importing untrained model
2025-03-08 14:11:20,097:INFO:Declaring custom model
2025-03-08 14:11:20,098:INFO:Logistic Regression Imported successfully
2025-03-08 14:11:20,099:INFO:Cross validation set to False
2025-03-08 14:11:20,099:INFO:Fitting Model
2025-03-08 14:11:23,845:WARNING:D:\Anaconda\envs\python_311_env\Lib\site-packages\sklearn\linear_model\_logistic.py:469: ConvergenceWarning: lbfgs failed to converge (status=1):
STOP: TOTAL NO. of ITERATIONS REACHED LIMIT.

Increase the number of iterations (max_iter) or scale the data as shown in:
    https://scikit-learn.org/stable/modules/preprocessing.html
Please also refer to the documentation for alternative solver options:
    https://scikit-learn.org/stable/modules/linear_model.html#logistic-regression
  n_iter_i = _check_optimize_result(

2025-03-08 14:11:23,847:INFO:LogisticRegression(C=1.0, class_weight=None, dual=False, fit_intercept=True,
                   intercept_scaling=1, l1_ratio=None, max_iter=1000,
                   multi_class='auto', n_jobs=None, penalty='l2',
                   random_state=412, solver='lbfgs', tol=0.0001, verbose=0,
                   warm_start=False)
2025-03-08 14:11:23,847:INFO:create_model() successfully completed......................................
2025-03-08 14:11:23,947:INFO:_master_model_container: 14
2025-03-08 14:11:23,947:INFO:_display_container: 2
2025-03-08 14:11:23,948:INFO:LogisticRegression(C=1.0, class_weight=None, dual=False, fit_intercept=True,
                   intercept_scaling=1, l1_ratio=None, max_iter=1000,
                   multi_class='auto', n_jobs=None, penalty='l2',
                   random_state=412, solver='lbfgs', tol=0.0001, verbose=0,
                   warm_start=False)
2025-03-08 14:11:23,948:INFO:compare_models() successfully completed......................................
2025-03-08 14:11:23,957:INFO:Initializing tune_model()
2025-03-08 14:11:23,957:INFO:tune_model(self=<pycaret.classification.oop.ClassificationExperiment object at 0x00000204000CF4D0>, estimator=LogisticRegression(C=1.0, class_weight=None, dual=False, fit_intercept=True,
                   intercept_scaling=1, l1_ratio=None, max_iter=1000,
                   multi_class='auto', n_jobs=None, penalty='l2',
                   random_state=412, solver='lbfgs', tol=0.0001, verbose=0,
                   warm_start=False), fold=5, round=4, n_iter=10, custom_grid=None, optimize=Accuracy, custom_scorer=None, search_library=scikit-learn, search_algorithm=None, early_stopping=False, early_stopping_max_iters=10, choose_better=True, fit_kwargs=None, groups=None, return_tuner=False, verbose=True, tuner_verbose=True, return_train_score=False, kwargs={})
2025-03-08 14:11:23,957:INFO:Checking exceptions
2025-03-08 14:11:23,978:INFO:Copying training dataset
2025-03-08 14:11:23,996:INFO:Checking base model
2025-03-08 14:11:23,996:INFO:Base model : Logistic Regression
2025-03-08 14:11:23,999:INFO:Declaring metric variables
2025-03-08 14:11:24,002:INFO:Defining Hyperparameters
2025-03-08 14:11:24,082:INFO:Tuning with n_jobs=-1
2025-03-08 14:11:24,082:INFO:Initializing RandomizedSearchCV
2025-03-08 14:11:46,028:WARNING:D:\Anaconda\envs\python_311_env\Lib\site-packages\sklearn\linear_model\_logistic.py:469: ConvergenceWarning: lbfgs failed to converge (status=1):
STOP: TOTAL NO. of ITERATIONS REACHED LIMIT.

Increase the number of iterations (max_iter) or scale the data as shown in:
    https://scikit-learn.org/stable/modules/preprocessing.html
Please also refer to the documentation for alternative solver options:
    https://scikit-learn.org/stable/modules/linear_model.html#logistic-regression
  n_iter_i = _check_optimize_result(

2025-03-08 14:11:47,492:WARNING:D:\Anaconda\envs\python_311_env\Lib\site-packages\sklearn\linear_model\_logistic.py:469: ConvergenceWarning: lbfgs failed to converge (status=1):
STOP: TOTAL NO. of ITERATIONS REACHED LIMIT.

Increase the number of iterations (max_iter) or scale the data as shown in:
    https://scikit-learn.org/stable/modules/preprocessing.html
Please also refer to the documentation for alternative solver options:
    https://scikit-learn.org/stable/modules/linear_model.html#logistic-regression
  n_iter_i = _check_optimize_result(

2025-03-08 14:11:47,734:WARNING:D:\Anaconda\envs\python_311_env\Lib\site-packages\sklearn\linear_model\_logistic.py:469: ConvergenceWarning: lbfgs failed to converge (status=1):
STOP: TOTAL NO. of ITERATIONS REACHED LIMIT.

Increase the number of iterations (max_iter) or scale the data as shown in:
    https://scikit-learn.org/stable/modules/preprocessing.html
Please also refer to the documentation for alternative solver options:
    https://scikit-learn.org/stable/modules/linear_model.html#logistic-regression
  n_iter_i = _check_optimize_result(

2025-03-08 14:11:47,737:WARNING:D:\Anaconda\envs\python_311_env\Lib\site-packages\sklearn\linear_model\_logistic.py:469: ConvergenceWarning: lbfgs failed to converge (status=1):
STOP: TOTAL NO. of ITERATIONS REACHED LIMIT.

Increase the number of iterations (max_iter) or scale the data as shown in:
    https://scikit-learn.org/stable/modules/preprocessing.html
Please also refer to the documentation for alternative solver options:
    https://scikit-learn.org/stable/modules/linear_model.html#logistic-regression
  n_iter_i = _check_optimize_result(

2025-03-08 14:11:47,826:WARNING:D:\Anaconda\envs\python_311_env\Lib\site-packages\sklearn\linear_model\_logistic.py:469: ConvergenceWarning: lbfgs failed to converge (status=1):
STOP: TOTAL NO. of ITERATIONS REACHED LIMIT.

Increase the number of iterations (max_iter) or scale the data as shown in:
    https://scikit-learn.org/stable/modules/preprocessing.html
Please also refer to the documentation for alternative solver options:
    https://scikit-learn.org/stable/modules/linear_model.html#logistic-regression
  n_iter_i = _check_optimize_result(

2025-03-08 14:11:47,894:WARNING:D:\Anaconda\envs\python_311_env\Lib\site-packages\sklearn\linear_model\_logistic.py:469: ConvergenceWarning: lbfgs failed to converge (status=1):
STOP: TOTAL NO. of ITERATIONS REACHED LIMIT.

Increase the number of iterations (max_iter) or scale the data as shown in:
    https://scikit-learn.org/stable/modules/preprocessing.html
Please also refer to the documentation for alternative solver options:
    https://scikit-learn.org/stable/modules/linear_model.html#logistic-regression
  n_iter_i = _check_optimize_result(

2025-03-08 14:11:48,194:WARNING:D:\Anaconda\envs\python_311_env\Lib\site-packages\sklearn\linear_model\_logistic.py:469: ConvergenceWarning: lbfgs failed to converge (status=1):
STOP: TOTAL NO. of ITERATIONS REACHED LIMIT.

Increase the number of iterations (max_iter) or scale the data as shown in:
    https://scikit-learn.org/stable/modules/preprocessing.html
Please also refer to the documentation for alternative solver options:
    https://scikit-learn.org/stable/modules/linear_model.html#logistic-regression
  n_iter_i = _check_optimize_result(

2025-03-08 14:11:49,097:WARNING:D:\Anaconda\envs\python_311_env\Lib\site-packages\sklearn\linear_model\_logistic.py:469: ConvergenceWarning: lbfgs failed to converge (status=1):
STOP: TOTAL NO. of ITERATIONS REACHED LIMIT.

Increase the number of iterations (max_iter) or scale the data as shown in:
    https://scikit-learn.org/stable/modules/preprocessing.html
Please also refer to the documentation for alternative solver options:
    https://scikit-learn.org/stable/modules/linear_model.html#logistic-regression
  n_iter_i = _check_optimize_result(

2025-03-08 14:11:49,366:WARNING:D:\Anaconda\envs\python_311_env\Lib\site-packages\sklearn\linear_model\_logistic.py:469: ConvergenceWarning: lbfgs failed to converge (status=1):
STOP: TOTAL NO. of ITERATIONS REACHED LIMIT.

Increase the number of iterations (max_iter) or scale the data as shown in:
    https://scikit-learn.org/stable/modules/preprocessing.html
Please also refer to the documentation for alternative solver options:
    https://scikit-learn.org/stable/modules/linear_model.html#logistic-regression
  n_iter_i = _check_optimize_result(

2025-03-08 14:11:49,495:WARNING:D:\Anaconda\envs\python_311_env\Lib\site-packages\sklearn\linear_model\_logistic.py:469: ConvergenceWarning: lbfgs failed to converge (status=1):
STOP: TOTAL NO. of ITERATIONS REACHED LIMIT.

Increase the number of iterations (max_iter) or scale the data as shown in:
    https://scikit-learn.org/stable/modules/preprocessing.html
Please also refer to the documentation for alternative solver options:
    https://scikit-learn.org/stable/modules/linear_model.html#logistic-regression
  n_iter_i = _check_optimize_result(

2025-03-08 14:11:50,622:WARNING:D:\Anaconda\envs\python_311_env\Lib\site-packages\sklearn\linear_model\_logistic.py:469: ConvergenceWarning: lbfgs failed to converge (status=1):
STOP: TOTAL NO. of ITERATIONS REACHED LIMIT.

Increase the number of iterations (max_iter) or scale the data as shown in:
    https://scikit-learn.org/stable/modules/preprocessing.html
Please also refer to the documentation for alternative solver options:
    https://scikit-learn.org/stable/modules/linear_model.html#logistic-regression
  n_iter_i = _check_optimize_result(

2025-03-08 14:11:51,556:WARNING:D:\Anaconda\envs\python_311_env\Lib\site-packages\sklearn\linear_model\_logistic.py:469: ConvergenceWarning: lbfgs failed to converge (status=1):
STOP: TOTAL NO. of ITERATIONS REACHED LIMIT.

Increase the number of iterations (max_iter) or scale the data as shown in:
    https://scikit-learn.org/stable/modules/preprocessing.html
Please also refer to the documentation for alternative solver options:
    https://scikit-learn.org/stable/modules/linear_model.html#logistic-regression
  n_iter_i = _check_optimize_result(

2025-03-08 14:12:08,723:WARNING:D:\Anaconda\envs\python_311_env\Lib\site-packages\sklearn\linear_model\_logistic.py:469: ConvergenceWarning: lbfgs failed to converge (status=1):
STOP: TOTAL NO. of ITERATIONS REACHED LIMIT.

Increase the number of iterations (max_iter) or scale the data as shown in:
    https://scikit-learn.org/stable/modules/preprocessing.html
Please also refer to the documentation for alternative solver options:
    https://scikit-learn.org/stable/modules/linear_model.html#logistic-regression
  n_iter_i = _check_optimize_result(

2025-03-08 14:12:09,339:WARNING:D:\Anaconda\envs\python_311_env\Lib\site-packages\sklearn\linear_model\_logistic.py:469: ConvergenceWarning: lbfgs failed to converge (status=1):
STOP: TOTAL NO. of ITERATIONS REACHED LIMIT.

Increase the number of iterations (max_iter) or scale the data as shown in:
    https://scikit-learn.org/stable/modules/preprocessing.html
Please also refer to the documentation for alternative solver options:
    https://scikit-learn.org/stable/modules/linear_model.html#logistic-regression
  n_iter_i = _check_optimize_result(

2025-03-08 14:12:11,695:WARNING:D:\Anaconda\envs\python_311_env\Lib\site-packages\sklearn\linear_model\_logistic.py:469: ConvergenceWarning: lbfgs failed to converge (status=1):
STOP: TOTAL NO. of ITERATIONS REACHED LIMIT.

Increase the number of iterations (max_iter) or scale the data as shown in:
    https://scikit-learn.org/stable/modules/preprocessing.html
Please also refer to the documentation for alternative solver options:
    https://scikit-learn.org/stable/modules/linear_model.html#logistic-regression
  n_iter_i = _check_optimize_result(

2025-03-08 14:12:13,340:WARNING:D:\Anaconda\envs\python_311_env\Lib\site-packages\sklearn\linear_model\_logistic.py:469: ConvergenceWarning: lbfgs failed to converge (status=1):
STOP: TOTAL NO. of ITERATIONS REACHED LIMIT.

Increase the number of iterations (max_iter) or scale the data as shown in:
    https://scikit-learn.org/stable/modules/preprocessing.html
Please also refer to the documentation for alternative solver options:
    https://scikit-learn.org/stable/modules/linear_model.html#logistic-regression
  n_iter_i = _check_optimize_result(

2025-03-08 14:12:13,595:WARNING:D:\Anaconda\envs\python_311_env\Lib\site-packages\sklearn\linear_model\_logistic.py:469: ConvergenceWarning: lbfgs failed to converge (status=1):
STOP: TOTAL NO. of ITERATIONS REACHED LIMIT.

Increase the number of iterations (max_iter) or scale the data as shown in:
    https://scikit-learn.org/stable/modules/preprocessing.html
Please also refer to the documentation for alternative solver options:
    https://scikit-learn.org/stable/modules/linear_model.html#logistic-regression
  n_iter_i = _check_optimize_result(

2025-03-08 14:12:13,605:WARNING:D:\Anaconda\envs\python_311_env\Lib\site-packages\sklearn\linear_model\_logistic.py:469: ConvergenceWarning: lbfgs failed to converge (status=1):
STOP: TOTAL NO. of ITERATIONS REACHED LIMIT.

Increase the number of iterations (max_iter) or scale the data as shown in:
    https://scikit-learn.org/stable/modules/preprocessing.html
Please also refer to the documentation for alternative solver options:
    https://scikit-learn.org/stable/modules/linear_model.html#logistic-regression
  n_iter_i = _check_optimize_result(

2025-03-08 14:12:14,611:WARNING:D:\Anaconda\envs\python_311_env\Lib\site-packages\sklearn\linear_model\_logistic.py:469: ConvergenceWarning: lbfgs failed to converge (status=1):
STOP: TOTAL NO. of ITERATIONS REACHED LIMIT.

Increase the number of iterations (max_iter) or scale the data as shown in:
    https://scikit-learn.org/stable/modules/preprocessing.html
Please also refer to the documentation for alternative solver options:
    https://scikit-learn.org/stable/modules/linear_model.html#logistic-regression
  n_iter_i = _check_optimize_result(

2025-03-08 14:12:14,777:WARNING:D:\Anaconda\envs\python_311_env\Lib\site-packages\sklearn\linear_model\_logistic.py:469: ConvergenceWarning: lbfgs failed to converge (status=1):
STOP: TOTAL NO. of ITERATIONS REACHED LIMIT.

Increase the number of iterations (max_iter) or scale the data as shown in:
    https://scikit-learn.org/stable/modules/preprocessing.html
Please also refer to the documentation for alternative solver options:
    https://scikit-learn.org/stable/modules/linear_model.html#logistic-regression
  n_iter_i = _check_optimize_result(

2025-03-08 14:12:14,960:WARNING:D:\Anaconda\envs\python_311_env\Lib\site-packages\sklearn\linear_model\_logistic.py:469: ConvergenceWarning: lbfgs failed to converge (status=1):
STOP: TOTAL NO. of ITERATIONS REACHED LIMIT.

Increase the number of iterations (max_iter) or scale the data as shown in:
    https://scikit-learn.org/stable/modules/preprocessing.html
Please also refer to the documentation for alternative solver options:
    https://scikit-learn.org/stable/modules/linear_model.html#logistic-regression
  n_iter_i = _check_optimize_result(

2025-03-08 14:12:15,359:WARNING:D:\Anaconda\envs\python_311_env\Lib\site-packages\sklearn\linear_model\_logistic.py:469: ConvergenceWarning: lbfgs failed to converge (status=1):
STOP: TOTAL NO. of ITERATIONS REACHED LIMIT.

Increase the number of iterations (max_iter) or scale the data as shown in:
    https://scikit-learn.org/stable/modules/preprocessing.html
Please also refer to the documentation for alternative solver options:
    https://scikit-learn.org/stable/modules/linear_model.html#logistic-regression
  n_iter_i = _check_optimize_result(

2025-03-08 14:12:18,423:WARNING:D:\Anaconda\envs\python_311_env\Lib\site-packages\sklearn\linear_model\_logistic.py:469: ConvergenceWarning: lbfgs failed to converge (status=1):
STOP: TOTAL NO. of ITERATIONS REACHED LIMIT.

Increase the number of iterations (max_iter) or scale the data as shown in:
    https://scikit-learn.org/stable/modules/preprocessing.html
Please also refer to the documentation for alternative solver options:
    https://scikit-learn.org/stable/modules/linear_model.html#logistic-regression
  n_iter_i = _check_optimize_result(

2025-03-08 14:12:32,909:WARNING:D:\Anaconda\envs\python_311_env\Lib\site-packages\sklearn\linear_model\_logistic.py:469: ConvergenceWarning: lbfgs failed to converge (status=1):
STOP: TOTAL NO. of ITERATIONS REACHED LIMIT.

Increase the number of iterations (max_iter) or scale the data as shown in:
    https://scikit-learn.org/stable/modules/preprocessing.html
Please also refer to the documentation for alternative solver options:
    https://scikit-learn.org/stable/modules/linear_model.html#logistic-regression
  n_iter_i = _check_optimize_result(

2025-03-08 14:12:35,930:WARNING:D:\Anaconda\envs\python_311_env\Lib\site-packages\sklearn\linear_model\_logistic.py:469: ConvergenceWarning: lbfgs failed to converge (status=1):
STOP: TOTAL NO. of ITERATIONS REACHED LIMIT.

Increase the number of iterations (max_iter) or scale the data as shown in:
    https://scikit-learn.org/stable/modules/preprocessing.html
Please also refer to the documentation for alternative solver options:
    https://scikit-learn.org/stable/modules/linear_model.html#logistic-regression
  n_iter_i = _check_optimize_result(

2025-03-08 14:12:36,721:WARNING:D:\Anaconda\envs\python_311_env\Lib\site-packages\sklearn\linear_model\_logistic.py:469: ConvergenceWarning: lbfgs failed to converge (status=1):
STOP: TOTAL NO. of ITERATIONS REACHED LIMIT.

Increase the number of iterations (max_iter) or scale the data as shown in:
    https://scikit-learn.org/stable/modules/preprocessing.html
Please also refer to the documentation for alternative solver options:
    https://scikit-learn.org/stable/modules/linear_model.html#logistic-regression
  n_iter_i = _check_optimize_result(

2025-03-08 14:12:37,455:WARNING:D:\Anaconda\envs\python_311_env\Lib\site-packages\sklearn\linear_model\_logistic.py:469: ConvergenceWarning: lbfgs failed to converge (status=1):
STOP: TOTAL NO. of ITERATIONS REACHED LIMIT.

Increase the number of iterations (max_iter) or scale the data as shown in:
    https://scikit-learn.org/stable/modules/preprocessing.html
Please also refer to the documentation for alternative solver options:
    https://scikit-learn.org/stable/modules/linear_model.html#logistic-regression
  n_iter_i = _check_optimize_result(

2025-03-08 14:12:37,706:WARNING:D:\Anaconda\envs\python_311_env\Lib\site-packages\sklearn\linear_model\_logistic.py:469: ConvergenceWarning: lbfgs failed to converge (status=1):
STOP: TOTAL NO. of ITERATIONS REACHED LIMIT.

Increase the number of iterations (max_iter) or scale the data as shown in:
    https://scikit-learn.org/stable/modules/preprocessing.html
Please also refer to the documentation for alternative solver options:
    https://scikit-learn.org/stable/modules/linear_model.html#logistic-regression
  n_iter_i = _check_optimize_result(

2025-03-08 14:12:38,272:WARNING:D:\Anaconda\envs\python_311_env\Lib\site-packages\sklearn\linear_model\_logistic.py:469: ConvergenceWarning: lbfgs failed to converge (status=1):
STOP: TOTAL NO. of ITERATIONS REACHED LIMIT.

Increase the number of iterations (max_iter) or scale the data as shown in:
    https://scikit-learn.org/stable/modules/preprocessing.html
Please also refer to the documentation for alternative solver options:
    https://scikit-learn.org/stable/modules/linear_model.html#logistic-regression
  n_iter_i = _check_optimize_result(

2025-03-08 14:12:38,441:WARNING:D:\Anaconda\envs\python_311_env\Lib\site-packages\sklearn\linear_model\_logistic.py:469: ConvergenceWarning: lbfgs failed to converge (status=1):
STOP: TOTAL NO. of ITERATIONS REACHED LIMIT.

Increase the number of iterations (max_iter) or scale the data as shown in:
    https://scikit-learn.org/stable/modules/preprocessing.html
Please also refer to the documentation for alternative solver options:
    https://scikit-learn.org/stable/modules/linear_model.html#logistic-regression
  n_iter_i = _check_optimize_result(

2025-03-08 14:12:40,307:WARNING:D:\Anaconda\envs\python_311_env\Lib\site-packages\sklearn\linear_model\_logistic.py:469: ConvergenceWarning: lbfgs failed to converge (status=1):
STOP: TOTAL NO. of ITERATIONS REACHED LIMIT.

Increase the number of iterations (max_iter) or scale the data as shown in:
    https://scikit-learn.org/stable/modules/preprocessing.html
Please also refer to the documentation for alternative solver options:
    https://scikit-learn.org/stable/modules/linear_model.html#logistic-regression
  n_iter_i = _check_optimize_result(

2025-03-08 14:12:41,171:WARNING:D:\Anaconda\envs\python_311_env\Lib\site-packages\sklearn\linear_model\_logistic.py:469: ConvergenceWarning: lbfgs failed to converge (status=1):
STOP: TOTAL NO. of ITERATIONS REACHED LIMIT.

Increase the number of iterations (max_iter) or scale the data as shown in:
    https://scikit-learn.org/stable/modules/preprocessing.html
Please also refer to the documentation for alternative solver options:
    https://scikit-learn.org/stable/modules/linear_model.html#logistic-regression
  n_iter_i = _check_optimize_result(

2025-03-08 14:12:41,350:WARNING:D:\Anaconda\envs\python_311_env\Lib\site-packages\sklearn\linear_model\_logistic.py:469: ConvergenceWarning: lbfgs failed to converge (status=1):
STOP: TOTAL NO. of ITERATIONS REACHED LIMIT.

Increase the number of iterations (max_iter) or scale the data as shown in:
    https://scikit-learn.org/stable/modules/preprocessing.html
Please also refer to the documentation for alternative solver options:
    https://scikit-learn.org/stable/modules/linear_model.html#logistic-regression
  n_iter_i = _check_optimize_result(

2025-03-08 14:12:42,790:WARNING:D:\Anaconda\envs\python_311_env\Lib\site-packages\sklearn\linear_model\_logistic.py:469: ConvergenceWarning: lbfgs failed to converge (status=1):
STOP: TOTAL NO. of ITERATIONS REACHED LIMIT.

Increase the number of iterations (max_iter) or scale the data as shown in:
    https://scikit-learn.org/stable/modules/preprocessing.html
Please also refer to the documentation for alternative solver options:
    https://scikit-learn.org/stable/modules/linear_model.html#logistic-regression
  n_iter_i = _check_optimize_result(

2025-03-08 14:12:44,151:WARNING:D:\Anaconda\envs\python_311_env\Lib\site-packages\sklearn\linear_model\_logistic.py:469: ConvergenceWarning: lbfgs failed to converge (status=1):
STOP: TOTAL NO. of ITERATIONS REACHED LIMIT.

Increase the number of iterations (max_iter) or scale the data as shown in:
    https://scikit-learn.org/stable/modules/preprocessing.html
Please also refer to the documentation for alternative solver options:
    https://scikit-learn.org/stable/modules/linear_model.html#logistic-regression
  n_iter_i = _check_optimize_result(

2025-03-08 14:12:58,467:WARNING:D:\Anaconda\envs\python_311_env\Lib\site-packages\sklearn\linear_model\_logistic.py:469: ConvergenceWarning: lbfgs failed to converge (status=1):
STOP: TOTAL NO. of ITERATIONS REACHED LIMIT.

Increase the number of iterations (max_iter) or scale the data as shown in:
    https://scikit-learn.org/stable/modules/preprocessing.html
Please also refer to the documentation for alternative solver options:
    https://scikit-learn.org/stable/modules/linear_model.html#logistic-regression
  n_iter_i = _check_optimize_result(

2025-03-08 14:13:00,309:WARNING:D:\Anaconda\envs\python_311_env\Lib\site-packages\sklearn\linear_model\_logistic.py:469: ConvergenceWarning: lbfgs failed to converge (status=1):
STOP: TOTAL NO. of ITERATIONS REACHED LIMIT.

Increase the number of iterations (max_iter) or scale the data as shown in:
    https://scikit-learn.org/stable/modules/preprocessing.html
Please also refer to the documentation for alternative solver options:
    https://scikit-learn.org/stable/modules/linear_model.html#logistic-regression
  n_iter_i = _check_optimize_result(

2025-03-08 14:13:01,037:WARNING:D:\Anaconda\envs\python_311_env\Lib\site-packages\sklearn\linear_model\_logistic.py:469: ConvergenceWarning: lbfgs failed to converge (status=1):
STOP: TOTAL NO. of ITERATIONS REACHED LIMIT.

Increase the number of iterations (max_iter) or scale the data as shown in:
    https://scikit-learn.org/stable/modules/preprocessing.html
Please also refer to the documentation for alternative solver options:
    https://scikit-learn.org/stable/modules/linear_model.html#logistic-regression
  n_iter_i = _check_optimize_result(

2025-03-08 14:13:01,393:WARNING:D:\Anaconda\envs\python_311_env\Lib\site-packages\sklearn\linear_model\_logistic.py:469: ConvergenceWarning: lbfgs failed to converge (status=1):
STOP: TOTAL NO. of ITERATIONS REACHED LIMIT.

Increase the number of iterations (max_iter) or scale the data as shown in:
    https://scikit-learn.org/stable/modules/preprocessing.html
Please also refer to the documentation for alternative solver options:
    https://scikit-learn.org/stable/modules/linear_model.html#logistic-regression
  n_iter_i = _check_optimize_result(

2025-03-08 14:13:01,919:WARNING:D:\Anaconda\envs\python_311_env\Lib\site-packages\sklearn\linear_model\_logistic.py:469: ConvergenceWarning: lbfgs failed to converge (status=1):
STOP: TOTAL NO. of ITERATIONS REACHED LIMIT.

Increase the number of iterations (max_iter) or scale the data as shown in:
    https://scikit-learn.org/stable/modules/preprocessing.html
Please also refer to the documentation for alternative solver options:
    https://scikit-learn.org/stable/modules/linear_model.html#logistic-regression
  n_iter_i = _check_optimize_result(

2025-03-08 14:13:03,118:WARNING:D:\Anaconda\envs\python_311_env\Lib\site-packages\sklearn\linear_model\_logistic.py:469: ConvergenceWarning: lbfgs failed to converge (status=1):
STOP: TOTAL NO. of ITERATIONS REACHED LIMIT.

Increase the number of iterations (max_iter) or scale the data as shown in:
    https://scikit-learn.org/stable/modules/preprocessing.html
Please also refer to the documentation for alternative solver options:
    https://scikit-learn.org/stable/modules/linear_model.html#logistic-regression
  n_iter_i = _check_optimize_result(

2025-03-08 14:13:04,025:WARNING:D:\Anaconda\envs\python_311_env\Lib\site-packages\sklearn\linear_model\_logistic.py:469: ConvergenceWarning: lbfgs failed to converge (status=1):
STOP: TOTAL NO. of ITERATIONS REACHED LIMIT.

Increase the number of iterations (max_iter) or scale the data as shown in:
    https://scikit-learn.org/stable/modules/preprocessing.html
Please also refer to the documentation for alternative solver options:
    https://scikit-learn.org/stable/modules/linear_model.html#logistic-regression
  n_iter_i = _check_optimize_result(

2025-03-08 14:13:04,380:WARNING:D:\Anaconda\envs\python_311_env\Lib\site-packages\sklearn\linear_model\_logistic.py:469: ConvergenceWarning: lbfgs failed to converge (status=1):
STOP: TOTAL NO. of ITERATIONS REACHED LIMIT.

Increase the number of iterations (max_iter) or scale the data as shown in:
    https://scikit-learn.org/stable/modules/preprocessing.html
Please also refer to the documentation for alternative solver options:
    https://scikit-learn.org/stable/modules/linear_model.html#logistic-regression
  n_iter_i = _check_optimize_result(

2025-03-08 14:13:04,858:WARNING:D:\Anaconda\envs\python_311_env\Lib\site-packages\sklearn\linear_model\_logistic.py:469: ConvergenceWarning: lbfgs failed to converge (status=1):
STOP: TOTAL NO. of ITERATIONS REACHED LIMIT.

Increase the number of iterations (max_iter) or scale the data as shown in:
    https://scikit-learn.org/stable/modules/preprocessing.html
Please also refer to the documentation for alternative solver options:
    https://scikit-learn.org/stable/modules/linear_model.html#logistic-regression
  n_iter_i = _check_optimize_result(

2025-03-08 14:13:04,953:WARNING:D:\Anaconda\envs\python_311_env\Lib\site-packages\sklearn\linear_model\_logistic.py:469: ConvergenceWarning: lbfgs failed to converge (status=1):
STOP: TOTAL NO. of ITERATIONS REACHED LIMIT.

Increase the number of iterations (max_iter) or scale the data as shown in:
    https://scikit-learn.org/stable/modules/preprocessing.html
Please also refer to the documentation for alternative solver options:
    https://scikit-learn.org/stable/modules/linear_model.html#logistic-regression
  n_iter_i = _check_optimize_result(

2025-03-08 14:13:05,015:WARNING:D:\Anaconda\envs\python_311_env\Lib\site-packages\sklearn\linear_model\_logistic.py:469: ConvergenceWarning: lbfgs failed to converge (status=1):
STOP: TOTAL NO. of ITERATIONS REACHED LIMIT.

Increase the number of iterations (max_iter) or scale the data as shown in:
    https://scikit-learn.org/stable/modules/preprocessing.html
Please also refer to the documentation for alternative solver options:
    https://scikit-learn.org/stable/modules/linear_model.html#logistic-regression
  n_iter_i = _check_optimize_result(

2025-03-08 14:13:05,631:WARNING:D:\Anaconda\envs\python_311_env\Lib\site-packages\sklearn\linear_model\_logistic.py:469: ConvergenceWarning: lbfgs failed to converge (status=1):
STOP: TOTAL NO. of ITERATIONS REACHED LIMIT.

Increase the number of iterations (max_iter) or scale the data as shown in:
    https://scikit-learn.org/stable/modules/preprocessing.html
Please also refer to the documentation for alternative solver options:
    https://scikit-learn.org/stable/modules/linear_model.html#logistic-regression
  n_iter_i = _check_optimize_result(

2025-03-08 14:13:07,947:WARNING:D:\Anaconda\envs\python_311_env\Lib\site-packages\sklearn\linear_model\_logistic.py:469: ConvergenceWarning: lbfgs failed to converge (status=1):
STOP: TOTAL NO. of ITERATIONS REACHED LIMIT.

Increase the number of iterations (max_iter) or scale the data as shown in:
    https://scikit-learn.org/stable/modules/preprocessing.html
Please also refer to the documentation for alternative solver options:
    https://scikit-learn.org/stable/modules/linear_model.html#logistic-regression
  n_iter_i = _check_optimize_result(

2025-03-08 14:13:08,181:WARNING:D:\Anaconda\envs\python_311_env\Lib\site-packages\sklearn\linear_model\_logistic.py:469: ConvergenceWarning: lbfgs failed to converge (status=1):
STOP: TOTAL NO. of ITERATIONS REACHED LIMIT.

Increase the number of iterations (max_iter) or scale the data as shown in:
    https://scikit-learn.org/stable/modules/preprocessing.html
Please also refer to the documentation for alternative solver options:
    https://scikit-learn.org/stable/modules/linear_model.html#logistic-regression
  n_iter_i = _check_optimize_result(

2025-03-08 14:13:08,260:INFO:best_params: {'actual_estimator__class_weight': {}, 'actual_estimator__C': 4.531000000000001}
2025-03-08 14:13:08,261:INFO:Hyperparameter search completed
2025-03-08 14:13:08,261:INFO:SubProcess create_model() called ==================================
2025-03-08 14:13:08,261:INFO:Initializing create_model()
2025-03-08 14:13:08,261:INFO:create_model(self=<pycaret.classification.oop.ClassificationExperiment object at 0x00000204000CF4D0>, estimator=LogisticRegression(C=1.0, class_weight=None, dual=False, fit_intercept=True,
                   intercept_scaling=1, l1_ratio=None, max_iter=1000,
                   multi_class='auto', n_jobs=None, penalty='l2',
                   random_state=412, solver='lbfgs', tol=0.0001, verbose=0,
                   warm_start=False), fold=StratifiedKFold(n_splits=5, random_state=None, shuffle=False), round=4, cross_validation=True, predict=True, fit_kwargs={}, groups=None, refit=True, probability_threshold=None, experiment_custom_tags=None, verbose=True, system=False, add_to_model_list=True, metrics=None, display=<pycaret.internal.display.display.CommonDisplay object at 0x00000204161C7850>, model_only=True, return_train_score=False, error_score=0.0, kwargs={'class_weight': {}, 'C': 4.531000000000001})
2025-03-08 14:13:08,261:INFO:Checking exceptions
2025-03-08 14:13:08,262:INFO:Importing libraries
2025-03-08 14:13:08,262:INFO:Copying training dataset
2025-03-08 14:13:08,289:INFO:Defining folds
2025-03-08 14:13:08,289:INFO:Declaring metric variables
2025-03-08 14:13:08,291:INFO:Importing untrained model
2025-03-08 14:13:08,292:INFO:Declaring custom model
2025-03-08 14:13:08,294:INFO:Logistic Regression Imported successfully
2025-03-08 14:13:08,299:INFO:Starting cross validation
2025-03-08 14:13:08,301:INFO:Cross validating with StratifiedKFold(n_splits=5, random_state=None, shuffle=False), n_jobs=-1
2025-03-08 14:13:17,038:WARNING:D:\Anaconda\envs\python_311_env\Lib\site-packages\sklearn\linear_model\_logistic.py:469: ConvergenceWarning: lbfgs failed to converge (status=1):
STOP: TOTAL NO. of ITERATIONS REACHED LIMIT.

Increase the number of iterations (max_iter) or scale the data as shown in:
    https://scikit-learn.org/stable/modules/preprocessing.html
Please also refer to the documentation for alternative solver options:
    https://scikit-learn.org/stable/modules/linear_model.html#logistic-regression
  n_iter_i = _check_optimize_result(

2025-03-08 14:13:17,183:WARNING:D:\Anaconda\envs\python_311_env\Lib\site-packages\sklearn\metrics\_classification.py:1509: UndefinedMetricWarning: Precision is ill-defined and being set to 0.0 due to no predicted samples. Use `zero_division` parameter to control this behavior.
  _warn_prf(average, modifier, f"{metric.capitalize()} is", len(result))

2025-03-08 14:13:17,184:WARNING:D:\Anaconda\envs\python_311_env\Lib\site-packages\sklearn\linear_model\_logistic.py:469: ConvergenceWarning: lbfgs failed to converge (status=1):
STOP: TOTAL NO. of ITERATIONS REACHED LIMIT.

Increase the number of iterations (max_iter) or scale the data as shown in:
    https://scikit-learn.org/stable/modules/preprocessing.html
Please also refer to the documentation for alternative solver options:
    https://scikit-learn.org/stable/modules/linear_model.html#logistic-regression
  n_iter_i = _check_optimize_result(

2025-03-08 14:13:17,219:WARNING:D:\Anaconda\envs\python_311_env\Lib\site-packages\sklearn\linear_model\_logistic.py:469: ConvergenceWarning: lbfgs failed to converge (status=1):
STOP: TOTAL NO. of ITERATIONS REACHED LIMIT.

Increase the number of iterations (max_iter) or scale the data as shown in:
    https://scikit-learn.org/stable/modules/preprocessing.html
Please also refer to the documentation for alternative solver options:
    https://scikit-learn.org/stable/modules/linear_model.html#logistic-regression
  n_iter_i = _check_optimize_result(

2025-03-08 14:13:17,225:WARNING:D:\Anaconda\envs\python_311_env\Lib\site-packages\sklearn\linear_model\_logistic.py:469: ConvergenceWarning: lbfgs failed to converge (status=1):
STOP: TOTAL NO. of ITERATIONS REACHED LIMIT.

Increase the number of iterations (max_iter) or scale the data as shown in:
    https://scikit-learn.org/stable/modules/preprocessing.html
Please also refer to the documentation for alternative solver options:
    https://scikit-learn.org/stable/modules/linear_model.html#logistic-regression
  n_iter_i = _check_optimize_result(

2025-03-08 14:13:17,289:WARNING:D:\Anaconda\envs\python_311_env\Lib\site-packages\sklearn\metrics\_classification.py:1509: UndefinedMetricWarning: Precision is ill-defined and being set to 0.0 due to no predicted samples. Use `zero_division` parameter to control this behavior.
  _warn_prf(average, modifier, f"{metric.capitalize()} is", len(result))

2025-03-08 14:13:17,313:WARNING:D:\Anaconda\envs\python_311_env\Lib\site-packages\sklearn\linear_model\_logistic.py:469: ConvergenceWarning: lbfgs failed to converge (status=1):
STOP: TOTAL NO. of ITERATIONS REACHED LIMIT.

Increase the number of iterations (max_iter) or scale the data as shown in:
    https://scikit-learn.org/stable/modules/preprocessing.html
Please also refer to the documentation for alternative solver options:
    https://scikit-learn.org/stable/modules/linear_model.html#logistic-regression
  n_iter_i = _check_optimize_result(

2025-03-08 14:13:17,319:WARNING:D:\Anaconda\envs\python_311_env\Lib\site-packages\sklearn\metrics\_classification.py:1509: UndefinedMetricWarning: Precision is ill-defined and being set to 0.0 due to no predicted samples. Use `zero_division` parameter to control this behavior.
  _warn_prf(average, modifier, f"{metric.capitalize()} is", len(result))

2025-03-08 14:13:17,320:WARNING:D:\Anaconda\envs\python_311_env\Lib\site-packages\sklearn\metrics\_classification.py:1509: UndefinedMetricWarning: Precision is ill-defined and being set to 0.0 due to no predicted samples. Use `zero_division` parameter to control this behavior.
  _warn_prf(average, modifier, f"{metric.capitalize()} is", len(result))

2025-03-08 14:13:17,390:WARNING:D:\Anaconda\envs\python_311_env\Lib\site-packages\sklearn\metrics\_classification.py:1509: UndefinedMetricWarning: Precision is ill-defined and being set to 0.0 due to no predicted samples. Use `zero_division` parameter to control this behavior.
  _warn_prf(average, modifier, f"{metric.capitalize()} is", len(result))

2025-03-08 14:13:17,404:INFO:Calculating mean and std
2025-03-08 14:13:17,405:INFO:Creating metrics dataframe
2025-03-08 14:13:17,408:INFO:Finalizing model
2025-03-08 14:13:21,570:WARNING:D:\Anaconda\envs\python_311_env\Lib\site-packages\sklearn\linear_model\_logistic.py:469: ConvergenceWarning: lbfgs failed to converge (status=1):
STOP: TOTAL NO. of ITERATIONS REACHED LIMIT.

Increase the number of iterations (max_iter) or scale the data as shown in:
    https://scikit-learn.org/stable/modules/preprocessing.html
Please also refer to the documentation for alternative solver options:
    https://scikit-learn.org/stable/modules/linear_model.html#logistic-regression
  n_iter_i = _check_optimize_result(

2025-03-08 14:13:21,575:INFO:Uploading results into container
2025-03-08 14:13:21,575:INFO:Uploading model into container now
2025-03-08 14:13:21,576:INFO:_master_model_container: 15
2025-03-08 14:13:21,576:INFO:_display_container: 3
2025-03-08 14:13:21,576:INFO:LogisticRegression(C=4.531000000000001, class_weight={}, dual=False,
                   fit_intercept=True, intercept_scaling=1, l1_ratio=None,
                   max_iter=1000, multi_class='auto', n_jobs=None, penalty='l2',
                   random_state=412, solver='lbfgs', tol=0.0001, verbose=0,
                   warm_start=False)
2025-03-08 14:13:21,576:INFO:create_model() successfully completed......................................
2025-03-08 14:13:21,659:INFO:SubProcess create_model() end ==================================
2025-03-08 14:13:21,659:INFO:choose_better activated
2025-03-08 14:13:21,662:INFO:SubProcess create_model() called ==================================
2025-03-08 14:13:21,662:INFO:Initializing create_model()
2025-03-08 14:13:21,662:INFO:create_model(self=<pycaret.classification.oop.ClassificationExperiment object at 0x00000204000CF4D0>, estimator=LogisticRegression(C=1.0, class_weight=None, dual=False, fit_intercept=True,
                   intercept_scaling=1, l1_ratio=None, max_iter=1000,
                   multi_class='auto', n_jobs=None, penalty='l2',
                   random_state=412, solver='lbfgs', tol=0.0001, verbose=0,
                   warm_start=False), fold=StratifiedKFold(n_splits=5, random_state=None, shuffle=False), round=4, cross_validation=True, predict=True, fit_kwargs={}, groups=None, refit=True, probability_threshold=None, experiment_custom_tags=None, verbose=False, system=False, add_to_model_list=True, metrics=None, display=None, model_only=True, return_train_score=False, error_score=0.0, kwargs={})
2025-03-08 14:13:21,662:INFO:Checking exceptions
2025-03-08 14:13:21,664:INFO:Importing libraries
2025-03-08 14:13:21,664:INFO:Copying training dataset
2025-03-08 14:13:21,689:INFO:Defining folds
2025-03-08 14:13:21,690:INFO:Declaring metric variables
2025-03-08 14:13:21,690:INFO:Importing untrained model
2025-03-08 14:13:21,690:INFO:Declaring custom model
2025-03-08 14:13:21,690:INFO:Logistic Regression Imported successfully
2025-03-08 14:13:21,690:INFO:Starting cross validation
2025-03-08 14:13:21,692:INFO:Cross validating with StratifiedKFold(n_splits=5, random_state=None, shuffle=False), n_jobs=-1
2025-03-08 14:13:30,158:WARNING:D:\Anaconda\envs\python_311_env\Lib\site-packages\sklearn\linear_model\_logistic.py:469: ConvergenceWarning: lbfgs failed to converge (status=1):
STOP: TOTAL NO. of ITERATIONS REACHED LIMIT.

Increase the number of iterations (max_iter) or scale the data as shown in:
    https://scikit-learn.org/stable/modules/preprocessing.html
Please also refer to the documentation for alternative solver options:
    https://scikit-learn.org/stable/modules/linear_model.html#logistic-regression
  n_iter_i = _check_optimize_result(

2025-03-08 14:13:30,194:WARNING:D:\Anaconda\envs\python_311_env\Lib\site-packages\sklearn\linear_model\_logistic.py:469: ConvergenceWarning: lbfgs failed to converge (status=1):
STOP: TOTAL NO. of ITERATIONS REACHED LIMIT.

Increase the number of iterations (max_iter) or scale the data as shown in:
    https://scikit-learn.org/stable/modules/preprocessing.html
Please also refer to the documentation for alternative solver options:
    https://scikit-learn.org/stable/modules/linear_model.html#logistic-regression
  n_iter_i = _check_optimize_result(

2025-03-08 14:13:30,239:WARNING:D:\Anaconda\envs\python_311_env\Lib\site-packages\sklearn\linear_model\_logistic.py:469: ConvergenceWarning: lbfgs failed to converge (status=1):
STOP: TOTAL NO. of ITERATIONS REACHED LIMIT.

Increase the number of iterations (max_iter) or scale the data as shown in:
    https://scikit-learn.org/stable/modules/preprocessing.html
Please also refer to the documentation for alternative solver options:
    https://scikit-learn.org/stable/modules/linear_model.html#logistic-regression
  n_iter_i = _check_optimize_result(

2025-03-08 14:13:30,254:WARNING:D:\Anaconda\envs\python_311_env\Lib\site-packages\sklearn\linear_model\_logistic.py:469: ConvergenceWarning: lbfgs failed to converge (status=1):
STOP: TOTAL NO. of ITERATIONS REACHED LIMIT.

Increase the number of iterations (max_iter) or scale the data as shown in:
    https://scikit-learn.org/stable/modules/preprocessing.html
Please also refer to the documentation for alternative solver options:
    https://scikit-learn.org/stable/modules/linear_model.html#logistic-regression
  n_iter_i = _check_optimize_result(

2025-03-08 14:13:30,265:WARNING:D:\Anaconda\envs\python_311_env\Lib\site-packages\sklearn\linear_model\_logistic.py:469: ConvergenceWarning: lbfgs failed to converge (status=1):
STOP: TOTAL NO. of ITERATIONS REACHED LIMIT.

Increase the number of iterations (max_iter) or scale the data as shown in:
    https://scikit-learn.org/stable/modules/preprocessing.html
Please also refer to the documentation for alternative solver options:
    https://scikit-learn.org/stable/modules/linear_model.html#logistic-regression
  n_iter_i = _check_optimize_result(

2025-03-08 14:13:30,272:WARNING:D:\Anaconda\envs\python_311_env\Lib\site-packages\sklearn\metrics\_classification.py:1509: UndefinedMetricWarning: Precision is ill-defined and being set to 0.0 due to no predicted samples. Use `zero_division` parameter to control this behavior.
  _warn_prf(average, modifier, f"{metric.capitalize()} is", len(result))

2025-03-08 14:13:30,303:WARNING:D:\Anaconda\envs\python_311_env\Lib\site-packages\sklearn\metrics\_classification.py:1509: UndefinedMetricWarning: Precision is ill-defined and being set to 0.0 due to no predicted samples. Use `zero_division` parameter to control this behavior.
  _warn_prf(average, modifier, f"{metric.capitalize()} is", len(result))

2025-03-08 14:13:30,342:WARNING:D:\Anaconda\envs\python_311_env\Lib\site-packages\sklearn\metrics\_classification.py:1509: UndefinedMetricWarning: Precision is ill-defined and being set to 0.0 due to no predicted samples. Use `zero_division` parameter to control this behavior.
  _warn_prf(average, modifier, f"{metric.capitalize()} is", len(result))

2025-03-08 14:13:30,347:WARNING:D:\Anaconda\envs\python_311_env\Lib\site-packages\sklearn\metrics\_classification.py:1509: UndefinedMetricWarning: Precision is ill-defined and being set to 0.0 due to no predicted samples. Use `zero_division` parameter to control this behavior.
  _warn_prf(average, modifier, f"{metric.capitalize()} is", len(result))

2025-03-08 14:13:30,355:WARNING:D:\Anaconda\envs\python_311_env\Lib\site-packages\sklearn\metrics\_classification.py:1509: UndefinedMetricWarning: Precision is ill-defined and being set to 0.0 due to no predicted samples. Use `zero_division` parameter to control this behavior.
  _warn_prf(average, modifier, f"{metric.capitalize()} is", len(result))

2025-03-08 14:13:30,371:INFO:Calculating mean and std
2025-03-08 14:13:30,371:INFO:Creating metrics dataframe
2025-03-08 14:13:30,373:INFO:Finalizing model
2025-03-08 14:13:34,401:WARNING:D:\Anaconda\envs\python_311_env\Lib\site-packages\sklearn\linear_model\_logistic.py:469: ConvergenceWarning: lbfgs failed to converge (status=1):
STOP: TOTAL NO. of ITERATIONS REACHED LIMIT.

Increase the number of iterations (max_iter) or scale the data as shown in:
    https://scikit-learn.org/stable/modules/preprocessing.html
Please also refer to the documentation for alternative solver options:
    https://scikit-learn.org/stable/modules/linear_model.html#logistic-regression
  n_iter_i = _check_optimize_result(

2025-03-08 14:13:34,403:INFO:Uploading results into container
2025-03-08 14:13:34,404:INFO:Uploading model into container now
2025-03-08 14:13:34,404:INFO:_master_model_container: 16
2025-03-08 14:13:34,404:INFO:_display_container: 4
2025-03-08 14:13:34,404:INFO:LogisticRegression(C=1.0, class_weight=None, dual=False, fit_intercept=True,
                   intercept_scaling=1, l1_ratio=None, max_iter=1000,
                   multi_class='auto', n_jobs=None, penalty='l2',
                   random_state=412, solver='lbfgs', tol=0.0001, verbose=0,
                   warm_start=False)
2025-03-08 14:13:34,404:INFO:create_model() successfully completed......................................
2025-03-08 14:13:34,486:INFO:SubProcess create_model() end ==================================
2025-03-08 14:13:34,486:INFO:LogisticRegression(C=1.0, class_weight=None, dual=False, fit_intercept=True,
                   intercept_scaling=1, l1_ratio=None, max_iter=1000,
                   multi_class='auto', n_jobs=None, penalty='l2',
                   random_state=412, solver='lbfgs', tol=0.0001, verbose=0,
                   warm_start=False) result for Accuracy is 0.9388
2025-03-08 14:13:34,487:INFO:LogisticRegression(C=4.531000000000001, class_weight={}, dual=False,
                   fit_intercept=True, intercept_scaling=1, l1_ratio=None,
                   max_iter=1000, multi_class='auto', n_jobs=None, penalty='l2',
                   random_state=412, solver='lbfgs', tol=0.0001, verbose=0,
                   warm_start=False) result for Accuracy is 0.9388
2025-03-08 14:13:34,487:INFO:LogisticRegression(C=1.0, class_weight=None, dual=False, fit_intercept=True,
                   intercept_scaling=1, l1_ratio=None, max_iter=1000,
                   multi_class='auto', n_jobs=None, penalty='l2',
                   random_state=412, solver='lbfgs', tol=0.0001, verbose=0,
                   warm_start=False) is best model
2025-03-08 14:13:34,487:INFO:choose_better completed
2025-03-08 14:13:34,487:INFO:Original model was better than the tuned model, hence it will be returned. NOTE: The display metrics are for the tuned model (not the original one).
2025-03-08 14:13:34,495:INFO:_master_model_container: 16
2025-03-08 14:13:34,495:INFO:_display_container: 3
2025-03-08 14:13:34,495:INFO:LogisticRegression(C=1.0, class_weight=None, dual=False, fit_intercept=True,
                   intercept_scaling=1, l1_ratio=None, max_iter=1000,
                   multi_class='auto', n_jobs=None, penalty='l2',
                   random_state=412, solver='lbfgs', tol=0.0001, verbose=0,
                   warm_start=False)
2025-03-08 14:13:34,495:INFO:tune_model() successfully completed......................................
2025-03-08 14:14:19,310:INFO:Initializing plot_model()
2025-03-08 14:14:19,310:INFO:plot_model(self=<pycaret.classification.oop.ClassificationExperiment object at 0x00000204000CF4D0>, estimator=LogisticRegression(C=1.0, class_weight=None, dual=False, fit_intercept=True,
                   intercept_scaling=1, l1_ratio=None, max_iter=1000,
                   multi_class='auto', n_jobs=None, penalty='l2',
                   random_state=412, solver='lbfgs', tol=0.0001, verbose=0,
                   warm_start=False), plot=auc, scale=1, save=False, fold=None, fit_kwargs=None, plot_kwargs=None, groups=None, feature_name=None, label=False, verbose=True, system=True, display=None, display_format=None)
2025-03-08 14:14:19,310:INFO:Checking exceptions
2025-03-08 14:14:19,322:INFO:Preloading libraries
2025-03-08 14:14:19,322:INFO:Copying training dataset
2025-03-08 14:14:19,322:INFO:Plot type: auc
2025-03-08 14:14:19,493:INFO:Fitting Model
2025-03-08 14:14:19,495:WARNING:D:\Anaconda\envs\python_311_env\Lib\site-packages\sklearn\base.py:493: UserWarning: X does not have valid feature names, but LogisticRegression was fitted with feature names
  warnings.warn(

2025-03-08 14:14:19,496:INFO:Scoring test/hold-out set
2025-03-08 14:14:19,678:INFO:Visual Rendered Successfully
2025-03-08 14:14:19,757:INFO:plot_model() successfully completed......................................
2025-03-08 14:15:07,942:INFO:Initializing plot_model()
2025-03-08 14:15:07,942:INFO:plot_model(self=<pycaret.classification.oop.ClassificationExperiment object at 0x00000204000CF4D0>, estimator=LogisticRegression(C=1.0, class_weight=None, dual=False, fit_intercept=True,
                   intercept_scaling=1, l1_ratio=None, max_iter=1000,
                   multi_class='auto', n_jobs=None, penalty='l2',
                   random_state=412, solver='lbfgs', tol=0.0001, verbose=0,
                   warm_start=False), plot=pr, scale=1, save=False, fold=None, fit_kwargs=None, plot_kwargs=None, groups=None, feature_name=None, label=False, verbose=True, system=True, display=None, display_format=None)
2025-03-08 14:15:07,942:INFO:Checking exceptions
2025-03-08 14:15:07,954:INFO:Preloading libraries
2025-03-08 14:15:07,954:INFO:Copying training dataset
2025-03-08 14:15:07,954:INFO:Plot type: pr
2025-03-08 14:15:08,124:INFO:Fitting Model
2025-03-08 14:15:08,125:WARNING:D:\Anaconda\envs\python_311_env\Lib\site-packages\sklearn\base.py:493: UserWarning: X does not have valid feature names, but LogisticRegression was fitted with feature names
  warnings.warn(

2025-03-08 14:15:08,126:INFO:Scoring test/hold-out set
2025-03-08 14:15:08,285:INFO:Visual Rendered Successfully
2025-03-08 14:15:08,364:INFO:plot_model() successfully completed......................................
2025-03-08 14:15:35,733:INFO:Initializing plot_model()
2025-03-08 14:15:35,733:INFO:plot_model(self=<pycaret.classification.oop.ClassificationExperiment object at 0x00000204000CF4D0>, estimator=LogisticRegression(C=1.0, class_weight=None, dual=False, fit_intercept=True,
                   intercept_scaling=1, l1_ratio=None, max_iter=1000,
                   multi_class='auto', n_jobs=None, penalty='l2',
                   random_state=412, solver='lbfgs', tol=0.0001, verbose=0,
                   warm_start=False), plot=feature, scale=1, save=False, fold=None, fit_kwargs=None, plot_kwargs=None, groups=None, feature_name=None, label=False, verbose=True, system=True, display=None, display_format=None)
2025-03-08 14:15:35,733:INFO:Checking exceptions
2025-03-08 14:15:35,745:INFO:Preloading libraries
2025-03-08 14:15:35,745:INFO:Copying training dataset
2025-03-08 14:15:35,745:INFO:Plot type: feature
2025-03-08 14:15:35,965:INFO:Visual Rendered Successfully
2025-03-08 14:15:36,044:INFO:plot_model() successfully completed......................................
2025-03-08 14:16:16,694:INFO:Initializing plot_model()
2025-03-08 14:16:16,694:INFO:plot_model(self=<pycaret.classification.oop.ClassificationExperiment object at 0x00000204000CF4D0>, estimator=LogisticRegression(C=1.0, class_weight=None, dual=False, fit_intercept=True,
                   intercept_scaling=1, l1_ratio=None, max_iter=1000,
                   multi_class='auto', n_jobs=None, penalty='l2',
                   random_state=412, solver='lbfgs', tol=0.0001, verbose=0,
                   warm_start=False), plot=confusion_matrix, scale=1, save=False, fold=None, fit_kwargs=None, plot_kwargs=None, groups=None, feature_name=None, label=False, verbose=True, system=True, display=None, display_format=None)
2025-03-08 14:16:16,695:INFO:Checking exceptions
2025-03-08 14:16:16,705:INFO:Preloading libraries
2025-03-08 14:16:16,705:INFO:Copying training dataset
2025-03-08 14:16:16,705:INFO:Plot type: confusion_matrix
2025-03-08 14:16:16,874:INFO:Fitting Model
2025-03-08 14:16:16,875:WARNING:D:\Anaconda\envs\python_311_env\Lib\site-packages\sklearn\base.py:493: UserWarning: X does not have valid feature names, but LogisticRegression was fitted with feature names
  warnings.warn(

2025-03-08 14:16:16,876:INFO:Scoring test/hold-out set
2025-03-08 14:16:16,965:INFO:Visual Rendered Successfully
2025-03-08 14:16:17,045:INFO:plot_model() successfully completed......................................
2025-03-08 14:16:44,935:INFO:Initializing evaluate_model()
2025-03-08 14:16:44,935:INFO:evaluate_model(self=<pycaret.classification.oop.ClassificationExperiment object at 0x00000204000CF4D0>, estimator=LogisticRegression(C=1.0, class_weight=None, dual=False, fit_intercept=True,
                   intercept_scaling=1, l1_ratio=None, max_iter=1000,
                   multi_class='auto', n_jobs=None, penalty='l2',
                   random_state=412, solver='lbfgs', tol=0.0001, verbose=0,
                   warm_start=False), fold=None, fit_kwargs=None, plot_kwargs=None, feature_name=None, groups=None)
2025-03-08 14:16:44,969:INFO:Initializing plot_model()
2025-03-08 14:16:44,969:INFO:plot_model(self=<pycaret.classification.oop.ClassificationExperiment object at 0x00000204000CF4D0>, estimator=LogisticRegression(C=1.0, class_weight=None, dual=False, fit_intercept=True,
                   intercept_scaling=1, l1_ratio=None, max_iter=1000,
                   multi_class='auto', n_jobs=None, penalty='l2',
                   random_state=412, solver='lbfgs', tol=0.0001, verbose=0,
                   warm_start=False), plot=pipeline, scale=1, save=False, fold=StratifiedKFold(n_splits=10, random_state=None, shuffle=False), fit_kwargs={}, plot_kwargs=None, groups=None, feature_name=None, label=False, verbose=False, system=True, display=None, display_format=None)
2025-03-08 14:16:44,969:INFO:Checking exceptions
2025-03-08 14:16:44,978:INFO:Preloading libraries
2025-03-08 14:16:44,978:INFO:Copying training dataset
2025-03-08 14:16:44,978:INFO:Plot type: pipeline
2025-03-08 14:16:45,301:INFO:Visual Rendered Successfully
2025-03-08 14:16:45,381:INFO:plot_model() successfully completed......................................
2025-03-08 14:16:48,265:INFO:Initializing plot_model()
2025-03-08 14:16:48,265:INFO:plot_model(self=<pycaret.classification.oop.ClassificationExperiment object at 0x00000204000CF4D0>, estimator=LogisticRegression(C=1.0, class_weight=None, dual=False, fit_intercept=True,
                   intercept_scaling=1, l1_ratio=None, max_iter=1000,
                   multi_class='auto', n_jobs=None, penalty='l2',
                   random_state=412, solver='lbfgs', tol=0.0001, verbose=0,
                   warm_start=False), plot=confusion_matrix, scale=1, save=False, fold=StratifiedKFold(n_splits=10, random_state=None, shuffle=False), fit_kwargs={}, plot_kwargs=None, groups=None, feature_name=None, label=False, verbose=False, system=True, display=None, display_format=None)
2025-03-08 14:16:48,266:INFO:Checking exceptions
2025-03-08 14:16:48,275:INFO:Preloading libraries
2025-03-08 14:16:48,276:INFO:Copying training dataset
2025-03-08 14:16:48,276:INFO:Plot type: confusion_matrix
2025-03-08 14:16:48,440:INFO:Fitting Model
2025-03-08 14:16:48,441:WARNING:D:\Anaconda\envs\python_311_env\Lib\site-packages\sklearn\base.py:493: UserWarning: X does not have valid feature names, but LogisticRegression was fitted with feature names
  warnings.warn(

2025-03-08 14:16:48,442:INFO:Scoring test/hold-out set
2025-03-08 14:16:48,528:INFO:Visual Rendered Successfully
2025-03-08 14:16:48,609:INFO:plot_model() successfully completed......................................
2025-03-08 14:16:57,762:INFO:Initializing plot_model()
2025-03-08 14:16:57,762:INFO:plot_model(self=<pycaret.classification.oop.ClassificationExperiment object at 0x00000204000CF4D0>, estimator=LogisticRegression(C=1.0, class_weight=None, dual=False, fit_intercept=True,
                   intercept_scaling=1, l1_ratio=None, max_iter=1000,
                   multi_class='auto', n_jobs=None, penalty='l2',
                   random_state=412, solver='lbfgs', tol=0.0001, verbose=0,
                   warm_start=False), plot=pipeline, scale=1, save=False, fold=StratifiedKFold(n_splits=10, random_state=None, shuffle=False), fit_kwargs={}, plot_kwargs=None, groups=None, feature_name=None, label=False, verbose=False, system=True, display=None, display_format=None)
2025-03-08 14:16:57,762:INFO:Checking exceptions
2025-03-08 14:16:57,772:INFO:Preloading libraries
2025-03-08 14:16:57,772:INFO:Copying training dataset
2025-03-08 14:16:57,772:INFO:Plot type: pipeline
2025-03-08 14:16:57,852:INFO:Visual Rendered Successfully
2025-03-08 14:16:57,933:INFO:plot_model() successfully completed......................................
2025-03-08 14:17:11,065:INFO:Initializing plot_model()
2025-03-08 14:17:11,066:INFO:plot_model(self=<pycaret.classification.oop.ClassificationExperiment object at 0x00000204000CF4D0>, estimator=LogisticRegression(C=1.0, class_weight=None, dual=False, fit_intercept=True,
                   intercept_scaling=1, l1_ratio=None, max_iter=1000,
                   multi_class='auto', n_jobs=None, penalty='l2',
                   random_state=412, solver='lbfgs', tol=0.0001, verbose=0,
                   warm_start=False), plot=error, scale=1, save=False, fold=StratifiedKFold(n_splits=10, random_state=None, shuffle=False), fit_kwargs={}, plot_kwargs=None, groups=None, feature_name=None, label=False, verbose=False, system=True, display=None, display_format=None)
2025-03-08 14:17:11,066:INFO:Checking exceptions
2025-03-08 14:17:11,075:INFO:Preloading libraries
2025-03-08 14:17:11,075:INFO:Copying training dataset
2025-03-08 14:17:11,075:INFO:Plot type: error
2025-03-08 14:17:11,240:INFO:Fitting Model
2025-03-08 14:17:11,240:WARNING:D:\Anaconda\envs\python_311_env\Lib\site-packages\sklearn\base.py:493: UserWarning: X does not have valid feature names, but LogisticRegression was fitted with feature names
  warnings.warn(

2025-03-08 14:17:11,241:INFO:Scoring test/hold-out set
2025-03-08 14:17:11,386:INFO:Visual Rendered Successfully
2025-03-08 14:17:11,467:INFO:plot_model() successfully completed......................................
2025-03-08 14:17:17,722:INFO:Initializing plot_model()
2025-03-08 14:17:17,722:INFO:plot_model(self=<pycaret.classification.oop.ClassificationExperiment object at 0x00000204000CF4D0>, estimator=LogisticRegression(C=1.0, class_weight=None, dual=False, fit_intercept=True,
                   intercept_scaling=1, l1_ratio=None, max_iter=1000,
                   multi_class='auto', n_jobs=None, penalty='l2',
                   random_state=412, solver='lbfgs', tol=0.0001, verbose=0,
                   warm_start=False), plot=vc, scale=1, save=False, fold=StratifiedKFold(n_splits=10, random_state=None, shuffle=False), fit_kwargs={}, plot_kwargs=None, groups=None, feature_name=None, label=False, verbose=False, system=True, display=None, display_format=None)
2025-03-08 14:17:17,722:INFO:Checking exceptions
2025-03-08 14:17:17,730:INFO:Preloading libraries
2025-03-08 14:17:17,731:INFO:Copying training dataset
2025-03-08 14:17:17,731:INFO:Plot type: vc
2025-03-08 14:17:17,731:INFO:Determining param_name
2025-03-08 14:17:17,731:INFO:param_name: l1_ratio
2025-03-08 14:17:17,971:INFO:Fitting Model
2025-03-08 14:17:17,989:WARNING:D:\Anaconda\envs\python_311_env\Lib\site-packages\sklearn\linear_model\_logistic.py:1175: UserWarning: l1_ratio parameter is only used when penalty is 'elasticnet'. Got (penalty=l2)
  warnings.warn(

2025-03-08 14:17:20,920:WARNING:D:\Anaconda\envs\python_311_env\Lib\site-packages\sklearn\linear_model\_logistic.py:469: ConvergenceWarning: lbfgs failed to converge (status=1):
STOP: TOTAL NO. of ITERATIONS REACHED LIMIT.

Increase the number of iterations (max_iter) or scale the data as shown in:
    https://scikit-learn.org/stable/modules/preprocessing.html
Please also refer to the documentation for alternative solver options:
    https://scikit-learn.org/stable/modules/linear_model.html#logistic-regression
  n_iter_i = _check_optimize_result(

2025-03-08 14:17:20,941:WARNING:D:\Anaconda\envs\python_311_env\Lib\site-packages\sklearn\linear_model\_logistic.py:1175: UserWarning: l1_ratio parameter is only used when penalty is 'elasticnet'. Got (penalty=l2)
  warnings.warn(

2025-03-08 14:17:23,866:WARNING:D:\Anaconda\envs\python_311_env\Lib\site-packages\sklearn\linear_model\_logistic.py:469: ConvergenceWarning: lbfgs failed to converge (status=1):
STOP: TOTAL NO. of ITERATIONS REACHED LIMIT.

Increase the number of iterations (max_iter) or scale the data as shown in:
    https://scikit-learn.org/stable/modules/preprocessing.html
Please also refer to the documentation for alternative solver options:
    https://scikit-learn.org/stable/modules/linear_model.html#logistic-regression
  n_iter_i = _check_optimize_result(

2025-03-08 14:17:23,887:WARNING:D:\Anaconda\envs\python_311_env\Lib\site-packages\sklearn\linear_model\_logistic.py:1175: UserWarning: l1_ratio parameter is only used when penalty is 'elasticnet'. Got (penalty=l2)
  warnings.warn(

2025-03-08 14:17:26,725:WARNING:D:\Anaconda\envs\python_311_env\Lib\site-packages\sklearn\linear_model\_logistic.py:469: ConvergenceWarning: lbfgs failed to converge (status=1):
STOP: TOTAL NO. of ITERATIONS REACHED LIMIT.

Increase the number of iterations (max_iter) or scale the data as shown in:
    https://scikit-learn.org/stable/modules/preprocessing.html
Please also refer to the documentation for alternative solver options:
    https://scikit-learn.org/stable/modules/linear_model.html#logistic-regression
  n_iter_i = _check_optimize_result(

2025-03-08 14:17:26,748:WARNING:D:\Anaconda\envs\python_311_env\Lib\site-packages\sklearn\linear_model\_logistic.py:1175: UserWarning: l1_ratio parameter is only used when penalty is 'elasticnet'. Got (penalty=l2)
  warnings.warn(

2025-03-08 14:17:29,676:WARNING:D:\Anaconda\envs\python_311_env\Lib\site-packages\sklearn\linear_model\_logistic.py:469: ConvergenceWarning: lbfgs failed to converge (status=1):
STOP: TOTAL NO. of ITERATIONS REACHED LIMIT.

Increase the number of iterations (max_iter) or scale the data as shown in:
    https://scikit-learn.org/stable/modules/preprocessing.html
Please also refer to the documentation for alternative solver options:
    https://scikit-learn.org/stable/modules/linear_model.html#logistic-regression
  n_iter_i = _check_optimize_result(

2025-03-08 14:17:29,697:WARNING:D:\Anaconda\envs\python_311_env\Lib\site-packages\sklearn\linear_model\_logistic.py:1175: UserWarning: l1_ratio parameter is only used when penalty is 'elasticnet'. Got (penalty=l2)
  warnings.warn(

2025-03-08 14:17:32,661:WARNING:D:\Anaconda\envs\python_311_env\Lib\site-packages\sklearn\linear_model\_logistic.py:469: ConvergenceWarning: lbfgs failed to converge (status=1):
STOP: TOTAL NO. of ITERATIONS REACHED LIMIT.

Increase the number of iterations (max_iter) or scale the data as shown in:
    https://scikit-learn.org/stable/modules/preprocessing.html
Please also refer to the documentation for alternative solver options:
    https://scikit-learn.org/stable/modules/linear_model.html#logistic-regression
  n_iter_i = _check_optimize_result(

2025-03-08 14:17:32,683:WARNING:D:\Anaconda\envs\python_311_env\Lib\site-packages\sklearn\linear_model\_logistic.py:1175: UserWarning: l1_ratio parameter is only used when penalty is 'elasticnet'. Got (penalty=l2)
  warnings.warn(

2025-03-08 14:17:35,605:WARNING:D:\Anaconda\envs\python_311_env\Lib\site-packages\sklearn\linear_model\_logistic.py:469: ConvergenceWarning: lbfgs failed to converge (status=1):
STOP: TOTAL NO. of ITERATIONS REACHED LIMIT.

Increase the number of iterations (max_iter) or scale the data as shown in:
    https://scikit-learn.org/stable/modules/preprocessing.html
Please also refer to the documentation for alternative solver options:
    https://scikit-learn.org/stable/modules/linear_model.html#logistic-regression
  n_iter_i = _check_optimize_result(

2025-03-08 14:17:35,627:WARNING:D:\Anaconda\envs\python_311_env\Lib\site-packages\sklearn\linear_model\_logistic.py:1175: UserWarning: l1_ratio parameter is only used when penalty is 'elasticnet'. Got (penalty=l2)
  warnings.warn(

2025-03-08 14:17:38,715:WARNING:D:\Anaconda\envs\python_311_env\Lib\site-packages\sklearn\linear_model\_logistic.py:469: ConvergenceWarning: lbfgs failed to converge (status=1):
STOP: TOTAL NO. of ITERATIONS REACHED LIMIT.

Increase the number of iterations (max_iter) or scale the data as shown in:
    https://scikit-learn.org/stable/modules/preprocessing.html
Please also refer to the documentation for alternative solver options:
    https://scikit-learn.org/stable/modules/linear_model.html#logistic-regression
  n_iter_i = _check_optimize_result(

2025-03-08 14:17:38,738:WARNING:D:\Anaconda\envs\python_311_env\Lib\site-packages\sklearn\linear_model\_logistic.py:1175: UserWarning: l1_ratio parameter is only used when penalty is 'elasticnet'. Got (penalty=l2)
  warnings.warn(

2025-03-08 14:17:41,912:WARNING:D:\Anaconda\envs\python_311_env\Lib\site-packages\sklearn\linear_model\_logistic.py:469: ConvergenceWarning: lbfgs failed to converge (status=1):
STOP: TOTAL NO. of ITERATIONS REACHED LIMIT.

Increase the number of iterations (max_iter) or scale the data as shown in:
    https://scikit-learn.org/stable/modules/preprocessing.html
Please also refer to the documentation for alternative solver options:
    https://scikit-learn.org/stable/modules/linear_model.html#logistic-regression
  n_iter_i = _check_optimize_result(

2025-03-08 14:17:41,932:WARNING:D:\Anaconda\envs\python_311_env\Lib\site-packages\sklearn\linear_model\_logistic.py:1175: UserWarning: l1_ratio parameter is only used when penalty is 'elasticnet'. Got (penalty=l2)
  warnings.warn(

2025-03-08 14:17:44,848:WARNING:D:\Anaconda\envs\python_311_env\Lib\site-packages\sklearn\linear_model\_logistic.py:469: ConvergenceWarning: lbfgs failed to converge (status=1):
STOP: TOTAL NO. of ITERATIONS REACHED LIMIT.

Increase the number of iterations (max_iter) or scale the data as shown in:
    https://scikit-learn.org/stable/modules/preprocessing.html
Please also refer to the documentation for alternative solver options:
    https://scikit-learn.org/stable/modules/linear_model.html#logistic-regression
  n_iter_i = _check_optimize_result(

2025-03-08 14:17:44,870:WARNING:D:\Anaconda\envs\python_311_env\Lib\site-packages\sklearn\linear_model\_logistic.py:1175: UserWarning: l1_ratio parameter is only used when penalty is 'elasticnet'. Got (penalty=l2)
  warnings.warn(

2025-03-08 14:17:47,843:WARNING:D:\Anaconda\envs\python_311_env\Lib\site-packages\sklearn\linear_model\_logistic.py:469: ConvergenceWarning: lbfgs failed to converge (status=1):
STOP: TOTAL NO. of ITERATIONS REACHED LIMIT.

Increase the number of iterations (max_iter) or scale the data as shown in:
    https://scikit-learn.org/stable/modules/preprocessing.html
Please also refer to the documentation for alternative solver options:
    https://scikit-learn.org/stable/modules/linear_model.html#logistic-regression
  n_iter_i = _check_optimize_result(

2025-03-08 14:17:47,863:WARNING:D:\Anaconda\envs\python_311_env\Lib\site-packages\sklearn\linear_model\_logistic.py:1175: UserWarning: l1_ratio parameter is only used when penalty is 'elasticnet'. Got (penalty=l2)
  warnings.warn(

2025-03-08 14:17:50,798:WARNING:D:\Anaconda\envs\python_311_env\Lib\site-packages\sklearn\linear_model\_logistic.py:469: ConvergenceWarning: lbfgs failed to converge (status=1):
STOP: TOTAL NO. of ITERATIONS REACHED LIMIT.

Increase the number of iterations (max_iter) or scale the data as shown in:
    https://scikit-learn.org/stable/modules/preprocessing.html
Please also refer to the documentation for alternative solver options:
    https://scikit-learn.org/stable/modules/linear_model.html#logistic-regression
  n_iter_i = _check_optimize_result(

2025-03-08 14:17:50,819:WARNING:D:\Anaconda\envs\python_311_env\Lib\site-packages\sklearn\linear_model\_logistic.py:1175: UserWarning: l1_ratio parameter is only used when penalty is 'elasticnet'. Got (penalty=l2)
  warnings.warn(

2025-03-08 14:17:53,870:WARNING:D:\Anaconda\envs\python_311_env\Lib\site-packages\sklearn\linear_model\_logistic.py:469: ConvergenceWarning: lbfgs failed to converge (status=1):
STOP: TOTAL NO. of ITERATIONS REACHED LIMIT.

Increase the number of iterations (max_iter) or scale the data as shown in:
    https://scikit-learn.org/stable/modules/preprocessing.html
Please also refer to the documentation for alternative solver options:
    https://scikit-learn.org/stable/modules/linear_model.html#logistic-regression
  n_iter_i = _check_optimize_result(

2025-03-08 14:17:53,891:WARNING:D:\Anaconda\envs\python_311_env\Lib\site-packages\sklearn\linear_model\_logistic.py:1175: UserWarning: l1_ratio parameter is only used when penalty is 'elasticnet'. Got (penalty=l2)
  warnings.warn(

2025-03-08 14:17:56,752:WARNING:D:\Anaconda\envs\python_311_env\Lib\site-packages\sklearn\linear_model\_logistic.py:469: ConvergenceWarning: lbfgs failed to converge (status=1):
STOP: TOTAL NO. of ITERATIONS REACHED LIMIT.

Increase the number of iterations (max_iter) or scale the data as shown in:
    https://scikit-learn.org/stable/modules/preprocessing.html
Please also refer to the documentation for alternative solver options:
    https://scikit-learn.org/stable/modules/linear_model.html#logistic-regression
  n_iter_i = _check_optimize_result(

2025-03-08 14:17:56,773:WARNING:D:\Anaconda\envs\python_311_env\Lib\site-packages\sklearn\linear_model\_logistic.py:1175: UserWarning: l1_ratio parameter is only used when penalty is 'elasticnet'. Got (penalty=l2)
  warnings.warn(

2025-03-08 14:17:59,639:WARNING:D:\Anaconda\envs\python_311_env\Lib\site-packages\sklearn\linear_model\_logistic.py:469: ConvergenceWarning: lbfgs failed to converge (status=1):
STOP: TOTAL NO. of ITERATIONS REACHED LIMIT.

Increase the number of iterations (max_iter) or scale the data as shown in:
    https://scikit-learn.org/stable/modules/preprocessing.html
Please also refer to the documentation for alternative solver options:
    https://scikit-learn.org/stable/modules/linear_model.html#logistic-regression
  n_iter_i = _check_optimize_result(

2025-03-08 14:17:59,660:WARNING:D:\Anaconda\envs\python_311_env\Lib\site-packages\sklearn\linear_model\_logistic.py:1175: UserWarning: l1_ratio parameter is only used when penalty is 'elasticnet'. Got (penalty=l2)
  warnings.warn(

2025-03-08 14:18:02,597:WARNING:D:\Anaconda\envs\python_311_env\Lib\site-packages\sklearn\linear_model\_logistic.py:469: ConvergenceWarning: lbfgs failed to converge (status=1):
STOP: TOTAL NO. of ITERATIONS REACHED LIMIT.

Increase the number of iterations (max_iter) or scale the data as shown in:
    https://scikit-learn.org/stable/modules/preprocessing.html
Please also refer to the documentation for alternative solver options:
    https://scikit-learn.org/stable/modules/linear_model.html#logistic-regression
  n_iter_i = _check_optimize_result(

2025-03-08 14:18:02,618:WARNING:D:\Anaconda\envs\python_311_env\Lib\site-packages\sklearn\linear_model\_logistic.py:1175: UserWarning: l1_ratio parameter is only used when penalty is 'elasticnet'. Got (penalty=l2)
  warnings.warn(

2025-03-08 14:18:05,502:WARNING:D:\Anaconda\envs\python_311_env\Lib\site-packages\sklearn\linear_model\_logistic.py:469: ConvergenceWarning: lbfgs failed to converge (status=1):
STOP: TOTAL NO. of ITERATIONS REACHED LIMIT.

Increase the number of iterations (max_iter) or scale the data as shown in:
    https://scikit-learn.org/stable/modules/preprocessing.html
Please also refer to the documentation for alternative solver options:
    https://scikit-learn.org/stable/modules/linear_model.html#logistic-regression
  n_iter_i = _check_optimize_result(

2025-03-08 14:18:05,524:WARNING:D:\Anaconda\envs\python_311_env\Lib\site-packages\sklearn\linear_model\_logistic.py:1175: UserWarning: l1_ratio parameter is only used when penalty is 'elasticnet'. Got (penalty=l2)
  warnings.warn(

2025-03-08 14:18:08,593:WARNING:D:\Anaconda\envs\python_311_env\Lib\site-packages\sklearn\linear_model\_logistic.py:469: ConvergenceWarning: lbfgs failed to converge (status=1):
STOP: TOTAL NO. of ITERATIONS REACHED LIMIT.

Increase the number of iterations (max_iter) or scale the data as shown in:
    https://scikit-learn.org/stable/modules/preprocessing.html
Please also refer to the documentation for alternative solver options:
    https://scikit-learn.org/stable/modules/linear_model.html#logistic-regression
  n_iter_i = _check_optimize_result(

2025-03-08 14:18:08,615:WARNING:D:\Anaconda\envs\python_311_env\Lib\site-packages\sklearn\linear_model\_logistic.py:1175: UserWarning: l1_ratio parameter is only used when penalty is 'elasticnet'. Got (penalty=l2)
  warnings.warn(

2025-03-08 14:18:11,795:WARNING:D:\Anaconda\envs\python_311_env\Lib\site-packages\sklearn\linear_model\_logistic.py:469: ConvergenceWarning: lbfgs failed to converge (status=1):
STOP: TOTAL NO. of ITERATIONS REACHED LIMIT.

Increase the number of iterations (max_iter) or scale the data as shown in:
    https://scikit-learn.org/stable/modules/preprocessing.html
Please also refer to the documentation for alternative solver options:
    https://scikit-learn.org/stable/modules/linear_model.html#logistic-regression
  n_iter_i = _check_optimize_result(

2025-03-08 14:18:11,816:WARNING:D:\Anaconda\envs\python_311_env\Lib\site-packages\sklearn\linear_model\_logistic.py:1175: UserWarning: l1_ratio parameter is only used when penalty is 'elasticnet'. Got (penalty=l2)
  warnings.warn(

2025-03-08 14:18:14,669:WARNING:D:\Anaconda\envs\python_311_env\Lib\site-packages\sklearn\linear_model\_logistic.py:469: ConvergenceWarning: lbfgs failed to converge (status=1):
STOP: TOTAL NO. of ITERATIONS REACHED LIMIT.

Increase the number of iterations (max_iter) or scale the data as shown in:
    https://scikit-learn.org/stable/modules/preprocessing.html
Please also refer to the documentation for alternative solver options:
    https://scikit-learn.org/stable/modules/linear_model.html#logistic-regression
  n_iter_i = _check_optimize_result(

2025-03-08 14:18:14,690:WARNING:D:\Anaconda\envs\python_311_env\Lib\site-packages\sklearn\linear_model\_logistic.py:1175: UserWarning: l1_ratio parameter is only used when penalty is 'elasticnet'. Got (penalty=l2)
  warnings.warn(

2025-03-08 14:18:17,652:WARNING:D:\Anaconda\envs\python_311_env\Lib\site-packages\sklearn\linear_model\_logistic.py:469: ConvergenceWarning: lbfgs failed to converge (status=1):
STOP: TOTAL NO. of ITERATIONS REACHED LIMIT.

Increase the number of iterations (max_iter) or scale the data as shown in:
    https://scikit-learn.org/stable/modules/preprocessing.html
Please also refer to the documentation for alternative solver options:
    https://scikit-learn.org/stable/modules/linear_model.html#logistic-regression
  n_iter_i = _check_optimize_result(

2025-03-08 14:18:17,674:WARNING:D:\Anaconda\envs\python_311_env\Lib\site-packages\sklearn\linear_model\_logistic.py:1175: UserWarning: l1_ratio parameter is only used when penalty is 'elasticnet'. Got (penalty=l2)
  warnings.warn(

2025-03-08 14:18:20,680:WARNING:D:\Anaconda\envs\python_311_env\Lib\site-packages\sklearn\linear_model\_logistic.py:469: ConvergenceWarning: lbfgs failed to converge (status=1):
STOP: TOTAL NO. of ITERATIONS REACHED LIMIT.

Increase the number of iterations (max_iter) or scale the data as shown in:
    https://scikit-learn.org/stable/modules/preprocessing.html
Please also refer to the documentation for alternative solver options:
    https://scikit-learn.org/stable/modules/linear_model.html#logistic-regression
  n_iter_i = _check_optimize_result(

2025-03-08 14:18:20,701:WARNING:D:\Anaconda\envs\python_311_env\Lib\site-packages\sklearn\linear_model\_logistic.py:1175: UserWarning: l1_ratio parameter is only used when penalty is 'elasticnet'. Got (penalty=l2)
  warnings.warn(

2025-03-08 14:18:23,591:WARNING:D:\Anaconda\envs\python_311_env\Lib\site-packages\sklearn\linear_model\_logistic.py:469: ConvergenceWarning: lbfgs failed to converge (status=1):
STOP: TOTAL NO. of ITERATIONS REACHED LIMIT.

Increase the number of iterations (max_iter) or scale the data as shown in:
    https://scikit-learn.org/stable/modules/preprocessing.html
Please also refer to the documentation for alternative solver options:
    https://scikit-learn.org/stable/modules/linear_model.html#logistic-regression
  n_iter_i = _check_optimize_result(

2025-03-08 14:18:23,612:WARNING:D:\Anaconda\envs\python_311_env\Lib\site-packages\sklearn\linear_model\_logistic.py:1175: UserWarning: l1_ratio parameter is only used when penalty is 'elasticnet'. Got (penalty=l2)
  warnings.warn(

2025-03-08 14:18:26,501:WARNING:D:\Anaconda\envs\python_311_env\Lib\site-packages\sklearn\linear_model\_logistic.py:469: ConvergenceWarning: lbfgs failed to converge (status=1):
STOP: TOTAL NO. of ITERATIONS REACHED LIMIT.

Increase the number of iterations (max_iter) or scale the data as shown in:
    https://scikit-learn.org/stable/modules/preprocessing.html
Please also refer to the documentation for alternative solver options:
    https://scikit-learn.org/stable/modules/linear_model.html#logistic-regression
  n_iter_i = _check_optimize_result(

2025-03-08 14:18:26,522:WARNING:D:\Anaconda\envs\python_311_env\Lib\site-packages\sklearn\linear_model\_logistic.py:1175: UserWarning: l1_ratio parameter is only used when penalty is 'elasticnet'. Got (penalty=l2)
  warnings.warn(

2025-03-08 14:18:29,412:WARNING:D:\Anaconda\envs\python_311_env\Lib\site-packages\sklearn\linear_model\_logistic.py:469: ConvergenceWarning: lbfgs failed to converge (status=1):
STOP: TOTAL NO. of ITERATIONS REACHED LIMIT.

Increase the number of iterations (max_iter) or scale the data as shown in:
    https://scikit-learn.org/stable/modules/preprocessing.html
Please also refer to the documentation for alternative solver options:
    https://scikit-learn.org/stable/modules/linear_model.html#logistic-regression
  n_iter_i = _check_optimize_result(

2025-03-08 14:18:29,433:WARNING:D:\Anaconda\envs\python_311_env\Lib\site-packages\sklearn\linear_model\_logistic.py:1175: UserWarning: l1_ratio parameter is only used when penalty is 'elasticnet'. Got (penalty=l2)
  warnings.warn(

2025-03-08 14:18:32,630:WARNING:D:\Anaconda\envs\python_311_env\Lib\site-packages\sklearn\linear_model\_logistic.py:469: ConvergenceWarning: lbfgs failed to converge (status=1):
STOP: TOTAL NO. of ITERATIONS REACHED LIMIT.

Increase the number of iterations (max_iter) or scale the data as shown in:
    https://scikit-learn.org/stable/modules/preprocessing.html
Please also refer to the documentation for alternative solver options:
    https://scikit-learn.org/stable/modules/linear_model.html#logistic-regression
  n_iter_i = _check_optimize_result(

2025-03-08 14:18:32,651:WARNING:D:\Anaconda\envs\python_311_env\Lib\site-packages\sklearn\linear_model\_logistic.py:1175: UserWarning: l1_ratio parameter is only used when penalty is 'elasticnet'. Got (penalty=l2)
  warnings.warn(

2025-03-08 14:18:35,561:WARNING:D:\Anaconda\envs\python_311_env\Lib\site-packages\sklearn\linear_model\_logistic.py:469: ConvergenceWarning: lbfgs failed to converge (status=1):
STOP: TOTAL NO. of ITERATIONS REACHED LIMIT.

Increase the number of iterations (max_iter) or scale the data as shown in:
    https://scikit-learn.org/stable/modules/preprocessing.html
Please also refer to the documentation for alternative solver options:
    https://scikit-learn.org/stable/modules/linear_model.html#logistic-regression
  n_iter_i = _check_optimize_result(

2025-03-08 14:18:35,582:WARNING:D:\Anaconda\envs\python_311_env\Lib\site-packages\sklearn\linear_model\_logistic.py:1175: UserWarning: l1_ratio parameter is only used when penalty is 'elasticnet'. Got (penalty=l2)
  warnings.warn(

2025-03-08 14:18:38,482:WARNING:D:\Anaconda\envs\python_311_env\Lib\site-packages\sklearn\linear_model\_logistic.py:469: ConvergenceWarning: lbfgs failed to converge (status=1):
STOP: TOTAL NO. of ITERATIONS REACHED LIMIT.

Increase the number of iterations (max_iter) or scale the data as shown in:
    https://scikit-learn.org/stable/modules/preprocessing.html
Please also refer to the documentation for alternative solver options:
    https://scikit-learn.org/stable/modules/linear_model.html#logistic-regression
  n_iter_i = _check_optimize_result(

2025-03-08 14:18:38,503:WARNING:D:\Anaconda\envs\python_311_env\Lib\site-packages\sklearn\linear_model\_logistic.py:1175: UserWarning: l1_ratio parameter is only used when penalty is 'elasticnet'. Got (penalty=l2)
  warnings.warn(

2025-03-08 14:18:41,363:WARNING:D:\Anaconda\envs\python_311_env\Lib\site-packages\sklearn\linear_model\_logistic.py:469: ConvergenceWarning: lbfgs failed to converge (status=1):
STOP: TOTAL NO. of ITERATIONS REACHED LIMIT.

Increase the number of iterations (max_iter) or scale the data as shown in:
    https://scikit-learn.org/stable/modules/preprocessing.html
Please also refer to the documentation for alternative solver options:
    https://scikit-learn.org/stable/modules/linear_model.html#logistic-regression
  n_iter_i = _check_optimize_result(

2025-03-08 14:18:41,384:WARNING:D:\Anaconda\envs\python_311_env\Lib\site-packages\sklearn\linear_model\_logistic.py:1175: UserWarning: l1_ratio parameter is only used when penalty is 'elasticnet'. Got (penalty=l2)
  warnings.warn(

2025-03-08 14:18:44,262:WARNING:D:\Anaconda\envs\python_311_env\Lib\site-packages\sklearn\linear_model\_logistic.py:469: ConvergenceWarning: lbfgs failed to converge (status=1):
STOP: TOTAL NO. of ITERATIONS REACHED LIMIT.

Increase the number of iterations (max_iter) or scale the data as shown in:
    https://scikit-learn.org/stable/modules/preprocessing.html
Please also refer to the documentation for alternative solver options:
    https://scikit-learn.org/stable/modules/linear_model.html#logistic-regression
  n_iter_i = _check_optimize_result(

2025-03-08 14:18:44,283:WARNING:D:\Anaconda\envs\python_311_env\Lib\site-packages\sklearn\linear_model\_logistic.py:1175: UserWarning: l1_ratio parameter is only used when penalty is 'elasticnet'. Got (penalty=l2)
  warnings.warn(

2025-03-08 14:18:47,563:WARNING:D:\Anaconda\envs\python_311_env\Lib\site-packages\sklearn\linear_model\_logistic.py:469: ConvergenceWarning: lbfgs failed to converge (status=1):
STOP: TOTAL NO. of ITERATIONS REACHED LIMIT.

Increase the number of iterations (max_iter) or scale the data as shown in:
    https://scikit-learn.org/stable/modules/preprocessing.html
Please also refer to the documentation for alternative solver options:
    https://scikit-learn.org/stable/modules/linear_model.html#logistic-regression
  n_iter_i = _check_optimize_result(

2025-03-08 14:18:47,585:WARNING:D:\Anaconda\envs\python_311_env\Lib\site-packages\sklearn\linear_model\_logistic.py:1175: UserWarning: l1_ratio parameter is only used when penalty is 'elasticnet'. Got (penalty=l2)
  warnings.warn(

2025-03-08 14:18:50,629:WARNING:D:\Anaconda\envs\python_311_env\Lib\site-packages\sklearn\linear_model\_logistic.py:469: ConvergenceWarning: lbfgs failed to converge (status=1):
STOP: TOTAL NO. of ITERATIONS REACHED LIMIT.

Increase the number of iterations (max_iter) or scale the data as shown in:
    https://scikit-learn.org/stable/modules/preprocessing.html
Please also refer to the documentation for alternative solver options:
    https://scikit-learn.org/stable/modules/linear_model.html#logistic-regression
  n_iter_i = _check_optimize_result(

2025-03-08 14:18:50,650:WARNING:D:\Anaconda\envs\python_311_env\Lib\site-packages\sklearn\linear_model\_logistic.py:1175: UserWarning: l1_ratio parameter is only used when penalty is 'elasticnet'. Got (penalty=l2)
  warnings.warn(

2025-03-08 14:18:53,493:WARNING:D:\Anaconda\envs\python_311_env\Lib\site-packages\sklearn\linear_model\_logistic.py:469: ConvergenceWarning: lbfgs failed to converge (status=1):
STOP: TOTAL NO. of ITERATIONS REACHED LIMIT.

Increase the number of iterations (max_iter) or scale the data as shown in:
    https://scikit-learn.org/stable/modules/preprocessing.html
Please also refer to the documentation for alternative solver options:
    https://scikit-learn.org/stable/modules/linear_model.html#logistic-regression
  n_iter_i = _check_optimize_result(

2025-03-08 14:18:53,514:WARNING:D:\Anaconda\envs\python_311_env\Lib\site-packages\sklearn\linear_model\_logistic.py:1175: UserWarning: l1_ratio parameter is only used when penalty is 'elasticnet'. Got (penalty=l2)
  warnings.warn(

2025-03-08 14:18:56,399:WARNING:D:\Anaconda\envs\python_311_env\Lib\site-packages\sklearn\linear_model\_logistic.py:469: ConvergenceWarning: lbfgs failed to converge (status=1):
STOP: TOTAL NO. of ITERATIONS REACHED LIMIT.

Increase the number of iterations (max_iter) or scale the data as shown in:
    https://scikit-learn.org/stable/modules/preprocessing.html
Please also refer to the documentation for alternative solver options:
    https://scikit-learn.org/stable/modules/linear_model.html#logistic-regression
  n_iter_i = _check_optimize_result(

2025-03-08 14:18:56,420:WARNING:D:\Anaconda\envs\python_311_env\Lib\site-packages\sklearn\linear_model\_logistic.py:1175: UserWarning: l1_ratio parameter is only used when penalty is 'elasticnet'. Got (penalty=l2)
  warnings.warn(

2025-03-08 14:18:59,271:WARNING:D:\Anaconda\envs\python_311_env\Lib\site-packages\sklearn\linear_model\_logistic.py:469: ConvergenceWarning: lbfgs failed to converge (status=1):
STOP: TOTAL NO. of ITERATIONS REACHED LIMIT.

Increase the number of iterations (max_iter) or scale the data as shown in:
    https://scikit-learn.org/stable/modules/preprocessing.html
Please also refer to the documentation for alternative solver options:
    https://scikit-learn.org/stable/modules/linear_model.html#logistic-regression
  n_iter_i = _check_optimize_result(

2025-03-08 14:18:59,292:WARNING:D:\Anaconda\envs\python_311_env\Lib\site-packages\sklearn\linear_model\_logistic.py:1175: UserWarning: l1_ratio parameter is only used when penalty is 'elasticnet'. Got (penalty=l2)
  warnings.warn(

2025-03-08 14:19:02,241:WARNING:D:\Anaconda\envs\python_311_env\Lib\site-packages\sklearn\linear_model\_logistic.py:469: ConvergenceWarning: lbfgs failed to converge (status=1):
STOP: TOTAL NO. of ITERATIONS REACHED LIMIT.

Increase the number of iterations (max_iter) or scale the data as shown in:
    https://scikit-learn.org/stable/modules/preprocessing.html
Please also refer to the documentation for alternative solver options:
    https://scikit-learn.org/stable/modules/linear_model.html#logistic-regression
  n_iter_i = _check_optimize_result(

2025-03-08 14:19:02,262:WARNING:D:\Anaconda\envs\python_311_env\Lib\site-packages\sklearn\linear_model\_logistic.py:1175: UserWarning: l1_ratio parameter is only used when penalty is 'elasticnet'. Got (penalty=l2)
  warnings.warn(

2025-03-08 14:19:05,093:WARNING:D:\Anaconda\envs\python_311_env\Lib\site-packages\sklearn\linear_model\_logistic.py:469: ConvergenceWarning: lbfgs failed to converge (status=1):
STOP: TOTAL NO. of ITERATIONS REACHED LIMIT.

Increase the number of iterations (max_iter) or scale the data as shown in:
    https://scikit-learn.org/stable/modules/preprocessing.html
Please also refer to the documentation for alternative solver options:
    https://scikit-learn.org/stable/modules/linear_model.html#logistic-regression
  n_iter_i = _check_optimize_result(

2025-03-08 14:19:05,114:WARNING:D:\Anaconda\envs\python_311_env\Lib\site-packages\sklearn\linear_model\_logistic.py:1175: UserWarning: l1_ratio parameter is only used when penalty is 'elasticnet'. Got (penalty=l2)
  warnings.warn(

2025-03-08 14:19:07,959:WARNING:D:\Anaconda\envs\python_311_env\Lib\site-packages\sklearn\linear_model\_logistic.py:469: ConvergenceWarning: lbfgs failed to converge (status=1):
STOP: TOTAL NO. of ITERATIONS REACHED LIMIT.

Increase the number of iterations (max_iter) or scale the data as shown in:
    https://scikit-learn.org/stable/modules/preprocessing.html
Please also refer to the documentation for alternative solver options:
    https://scikit-learn.org/stable/modules/linear_model.html#logistic-regression
  n_iter_i = _check_optimize_result(

2025-03-08 14:19:07,980:WARNING:D:\Anaconda\envs\python_311_env\Lib\site-packages\sklearn\linear_model\_logistic.py:1175: UserWarning: l1_ratio parameter is only used when penalty is 'elasticnet'. Got (penalty=l2)
  warnings.warn(

2025-03-08 14:19:10,819:WARNING:D:\Anaconda\envs\python_311_env\Lib\site-packages\sklearn\linear_model\_logistic.py:469: ConvergenceWarning: lbfgs failed to converge (status=1):
STOP: TOTAL NO. of ITERATIONS REACHED LIMIT.

Increase the number of iterations (max_iter) or scale the data as shown in:
    https://scikit-learn.org/stable/modules/preprocessing.html
Please also refer to the documentation for alternative solver options:
    https://scikit-learn.org/stable/modules/linear_model.html#logistic-regression
  n_iter_i = _check_optimize_result(

2025-03-08 14:19:10,840:WARNING:D:\Anaconda\envs\python_311_env\Lib\site-packages\sklearn\linear_model\_logistic.py:1175: UserWarning: l1_ratio parameter is only used when penalty is 'elasticnet'. Got (penalty=l2)
  warnings.warn(

2025-03-08 14:19:13,692:WARNING:D:\Anaconda\envs\python_311_env\Lib\site-packages\sklearn\linear_model\_logistic.py:469: ConvergenceWarning: lbfgs failed to converge (status=1):
STOP: TOTAL NO. of ITERATIONS REACHED LIMIT.

Increase the number of iterations (max_iter) or scale the data as shown in:
    https://scikit-learn.org/stable/modules/preprocessing.html
Please also refer to the documentation for alternative solver options:
    https://scikit-learn.org/stable/modules/linear_model.html#logistic-regression
  n_iter_i = _check_optimize_result(

2025-03-08 14:19:13,713:WARNING:D:\Anaconda\envs\python_311_env\Lib\site-packages\sklearn\linear_model\_logistic.py:1175: UserWarning: l1_ratio parameter is only used when penalty is 'elasticnet'. Got (penalty=l2)
  warnings.warn(

2025-03-08 14:19:16,610:WARNING:D:\Anaconda\envs\python_311_env\Lib\site-packages\sklearn\linear_model\_logistic.py:469: ConvergenceWarning: lbfgs failed to converge (status=1):
STOP: TOTAL NO. of ITERATIONS REACHED LIMIT.

Increase the number of iterations (max_iter) or scale the data as shown in:
    https://scikit-learn.org/stable/modules/preprocessing.html
Please also refer to the documentation for alternative solver options:
    https://scikit-learn.org/stable/modules/linear_model.html#logistic-regression
  n_iter_i = _check_optimize_result(

2025-03-08 14:19:16,631:WARNING:D:\Anaconda\envs\python_311_env\Lib\site-packages\sklearn\linear_model\_logistic.py:1175: UserWarning: l1_ratio parameter is only used when penalty is 'elasticnet'. Got (penalty=l2)
  warnings.warn(

2025-03-08 14:19:19,620:WARNING:D:\Anaconda\envs\python_311_env\Lib\site-packages\sklearn\linear_model\_logistic.py:469: ConvergenceWarning: lbfgs failed to converge (status=1):
STOP: TOTAL NO. of ITERATIONS REACHED LIMIT.

Increase the number of iterations (max_iter) or scale the data as shown in:
    https://scikit-learn.org/stable/modules/preprocessing.html
Please also refer to the documentation for alternative solver options:
    https://scikit-learn.org/stable/modules/linear_model.html#logistic-regression
  n_iter_i = _check_optimize_result(

2025-03-08 14:19:19,641:WARNING:D:\Anaconda\envs\python_311_env\Lib\site-packages\sklearn\linear_model\_logistic.py:1175: UserWarning: l1_ratio parameter is only used when penalty is 'elasticnet'. Got (penalty=l2)
  warnings.warn(

2025-03-08 14:19:22,499:WARNING:D:\Anaconda\envs\python_311_env\Lib\site-packages\sklearn\linear_model\_logistic.py:469: ConvergenceWarning: lbfgs failed to converge (status=1):
STOP: TOTAL NO. of ITERATIONS REACHED LIMIT.

Increase the number of iterations (max_iter) or scale the data as shown in:
    https://scikit-learn.org/stable/modules/preprocessing.html
Please also refer to the documentation for alternative solver options:
    https://scikit-learn.org/stable/modules/linear_model.html#logistic-regression
  n_iter_i = _check_optimize_result(

2025-03-08 14:19:22,519:WARNING:D:\Anaconda\envs\python_311_env\Lib\site-packages\sklearn\linear_model\_logistic.py:1175: UserWarning: l1_ratio parameter is only used when penalty is 'elasticnet'. Got (penalty=l2)
  warnings.warn(

2025-03-08 14:19:25,382:WARNING:D:\Anaconda\envs\python_311_env\Lib\site-packages\sklearn\linear_model\_logistic.py:469: ConvergenceWarning: lbfgs failed to converge (status=1):
STOP: TOTAL NO. of ITERATIONS REACHED LIMIT.

Increase the number of iterations (max_iter) or scale the data as shown in:
    https://scikit-learn.org/stable/modules/preprocessing.html
Please also refer to the documentation for alternative solver options:
    https://scikit-learn.org/stable/modules/linear_model.html#logistic-regression
  n_iter_i = _check_optimize_result(

2025-03-08 14:19:25,403:WARNING:D:\Anaconda\envs\python_311_env\Lib\site-packages\sklearn\linear_model\_logistic.py:1175: UserWarning: l1_ratio parameter is only used when penalty is 'elasticnet'. Got (penalty=l2)
  warnings.warn(

2025-03-08 14:19:28,302:WARNING:D:\Anaconda\envs\python_311_env\Lib\site-packages\sklearn\linear_model\_logistic.py:469: ConvergenceWarning: lbfgs failed to converge (status=1):
STOP: TOTAL NO. of ITERATIONS REACHED LIMIT.

Increase the number of iterations (max_iter) or scale the data as shown in:
    https://scikit-learn.org/stable/modules/preprocessing.html
Please also refer to the documentation for alternative solver options:
    https://scikit-learn.org/stable/modules/linear_model.html#logistic-regression
  n_iter_i = _check_optimize_result(

2025-03-08 14:19:28,322:WARNING:D:\Anaconda\envs\python_311_env\Lib\site-packages\sklearn\linear_model\_logistic.py:1175: UserWarning: l1_ratio parameter is only used when penalty is 'elasticnet'. Got (penalty=l2)
  warnings.warn(

2025-03-08 14:19:31,200:WARNING:D:\Anaconda\envs\python_311_env\Lib\site-packages\sklearn\linear_model\_logistic.py:469: ConvergenceWarning: lbfgs failed to converge (status=1):
STOP: TOTAL NO. of ITERATIONS REACHED LIMIT.

Increase the number of iterations (max_iter) or scale the data as shown in:
    https://scikit-learn.org/stable/modules/preprocessing.html
Please also refer to the documentation for alternative solver options:
    https://scikit-learn.org/stable/modules/linear_model.html#logistic-regression
  n_iter_i = _check_optimize_result(

2025-03-08 14:19:31,222:WARNING:D:\Anaconda\envs\python_311_env\Lib\site-packages\sklearn\linear_model\_logistic.py:1175: UserWarning: l1_ratio parameter is only used when penalty is 'elasticnet'. Got (penalty=l2)
  warnings.warn(

2025-03-08 14:19:34,272:WARNING:D:\Anaconda\envs\python_311_env\Lib\site-packages\sklearn\linear_model\_logistic.py:469: ConvergenceWarning: lbfgs failed to converge (status=1):
STOP: TOTAL NO. of ITERATIONS REACHED LIMIT.

Increase the number of iterations (max_iter) or scale the data as shown in:
    https://scikit-learn.org/stable/modules/preprocessing.html
Please also refer to the documentation for alternative solver options:
    https://scikit-learn.org/stable/modules/linear_model.html#logistic-regression
  n_iter_i = _check_optimize_result(

2025-03-08 14:19:34,293:WARNING:D:\Anaconda\envs\python_311_env\Lib\site-packages\sklearn\linear_model\_logistic.py:1175: UserWarning: l1_ratio parameter is only used when penalty is 'elasticnet'. Got (penalty=l2)
  warnings.warn(

2025-03-08 14:19:37,174:WARNING:D:\Anaconda\envs\python_311_env\Lib\site-packages\sklearn\linear_model\_logistic.py:469: ConvergenceWarning: lbfgs failed to converge (status=1):
STOP: TOTAL NO. of ITERATIONS REACHED LIMIT.

Increase the number of iterations (max_iter) or scale the data as shown in:
    https://scikit-learn.org/stable/modules/preprocessing.html
Please also refer to the documentation for alternative solver options:
    https://scikit-learn.org/stable/modules/linear_model.html#logistic-regression
  n_iter_i = _check_optimize_result(

2025-03-08 14:19:37,195:WARNING:D:\Anaconda\envs\python_311_env\Lib\site-packages\sklearn\linear_model\_logistic.py:1175: UserWarning: l1_ratio parameter is only used when penalty is 'elasticnet'. Got (penalty=l2)
  warnings.warn(

2025-03-08 14:19:40,050:WARNING:D:\Anaconda\envs\python_311_env\Lib\site-packages\sklearn\linear_model\_logistic.py:469: ConvergenceWarning: lbfgs failed to converge (status=1):
STOP: TOTAL NO. of ITERATIONS REACHED LIMIT.

Increase the number of iterations (max_iter) or scale the data as shown in:
    https://scikit-learn.org/stable/modules/preprocessing.html
Please also refer to the documentation for alternative solver options:
    https://scikit-learn.org/stable/modules/linear_model.html#logistic-regression
  n_iter_i = _check_optimize_result(

2025-03-08 14:19:40,071:WARNING:D:\Anaconda\envs\python_311_env\Lib\site-packages\sklearn\linear_model\_logistic.py:1175: UserWarning: l1_ratio parameter is only used when penalty is 'elasticnet'. Got (penalty=l2)
  warnings.warn(

2025-03-08 14:19:43,024:WARNING:D:\Anaconda\envs\python_311_env\Lib\site-packages\sklearn\linear_model\_logistic.py:469: ConvergenceWarning: lbfgs failed to converge (status=1):
STOP: TOTAL NO. of ITERATIONS REACHED LIMIT.

Increase the number of iterations (max_iter) or scale the data as shown in:
    https://scikit-learn.org/stable/modules/preprocessing.html
Please also refer to the documentation for alternative solver options:
    https://scikit-learn.org/stable/modules/linear_model.html#logistic-regression
  n_iter_i = _check_optimize_result(

2025-03-08 14:19:43,045:WARNING:D:\Anaconda\envs\python_311_env\Lib\site-packages\sklearn\linear_model\_logistic.py:1175: UserWarning: l1_ratio parameter is only used when penalty is 'elasticnet'. Got (penalty=l2)
  warnings.warn(

2025-03-08 14:19:45,924:WARNING:D:\Anaconda\envs\python_311_env\Lib\site-packages\sklearn\linear_model\_logistic.py:469: ConvergenceWarning: lbfgs failed to converge (status=1):
STOP: TOTAL NO. of ITERATIONS REACHED LIMIT.

Increase the number of iterations (max_iter) or scale the data as shown in:
    https://scikit-learn.org/stable/modules/preprocessing.html
Please also refer to the documentation for alternative solver options:
    https://scikit-learn.org/stable/modules/linear_model.html#logistic-regression
  n_iter_i = _check_optimize_result(

2025-03-08 14:19:45,945:WARNING:D:\Anaconda\envs\python_311_env\Lib\site-packages\sklearn\linear_model\_logistic.py:1175: UserWarning: l1_ratio parameter is only used when penalty is 'elasticnet'. Got (penalty=l2)
  warnings.warn(

2025-03-08 14:19:48,875:WARNING:D:\Anaconda\envs\python_311_env\Lib\site-packages\sklearn\linear_model\_logistic.py:469: ConvergenceWarning: lbfgs failed to converge (status=1):
STOP: TOTAL NO. of ITERATIONS REACHED LIMIT.

Increase the number of iterations (max_iter) or scale the data as shown in:
    https://scikit-learn.org/stable/modules/preprocessing.html
Please also refer to the documentation for alternative solver options:
    https://scikit-learn.org/stable/modules/linear_model.html#logistic-regression
  n_iter_i = _check_optimize_result(

2025-03-08 14:19:48,896:WARNING:D:\Anaconda\envs\python_311_env\Lib\site-packages\sklearn\linear_model\_logistic.py:1175: UserWarning: l1_ratio parameter is only used when penalty is 'elasticnet'. Got (penalty=l2)
  warnings.warn(

2025-03-08 14:19:51,749:WARNING:D:\Anaconda\envs\python_311_env\Lib\site-packages\sklearn\linear_model\_logistic.py:469: ConvergenceWarning: lbfgs failed to converge (status=1):
STOP: TOTAL NO. of ITERATIONS REACHED LIMIT.

Increase the number of iterations (max_iter) or scale the data as shown in:
    https://scikit-learn.org/stable/modules/preprocessing.html
Please also refer to the documentation for alternative solver options:
    https://scikit-learn.org/stable/modules/linear_model.html#logistic-regression
  n_iter_i = _check_optimize_result(

2025-03-08 14:19:51,770:WARNING:D:\Anaconda\envs\python_311_env\Lib\site-packages\sklearn\linear_model\_logistic.py:1175: UserWarning: l1_ratio parameter is only used when penalty is 'elasticnet'. Got (penalty=l2)
  warnings.warn(

2025-03-08 14:19:54,603:WARNING:D:\Anaconda\envs\python_311_env\Lib\site-packages\sklearn\linear_model\_logistic.py:469: ConvergenceWarning: lbfgs failed to converge (status=1):
STOP: TOTAL NO. of ITERATIONS REACHED LIMIT.

Increase the number of iterations (max_iter) or scale the data as shown in:
    https://scikit-learn.org/stable/modules/preprocessing.html
Please also refer to the documentation for alternative solver options:
    https://scikit-learn.org/stable/modules/linear_model.html#logistic-regression
  n_iter_i = _check_optimize_result(

2025-03-08 14:19:54,624:WARNING:D:\Anaconda\envs\python_311_env\Lib\site-packages\sklearn\linear_model\_logistic.py:1175: UserWarning: l1_ratio parameter is only used when penalty is 'elasticnet'. Got (penalty=l2)
  warnings.warn(

2025-03-08 14:19:57,513:WARNING:D:\Anaconda\envs\python_311_env\Lib\site-packages\sklearn\linear_model\_logistic.py:469: ConvergenceWarning: lbfgs failed to converge (status=1):
STOP: TOTAL NO. of ITERATIONS REACHED LIMIT.

Increase the number of iterations (max_iter) or scale the data as shown in:
    https://scikit-learn.org/stable/modules/preprocessing.html
Please also refer to the documentation for alternative solver options:
    https://scikit-learn.org/stable/modules/linear_model.html#logistic-regression
  n_iter_i = _check_optimize_result(

2025-03-08 14:19:57,535:WARNING:D:\Anaconda\envs\python_311_env\Lib\site-packages\sklearn\linear_model\_logistic.py:1175: UserWarning: l1_ratio parameter is only used when penalty is 'elasticnet'. Got (penalty=l2)
  warnings.warn(

2025-03-08 14:20:00,416:WARNING:D:\Anaconda\envs\python_311_env\Lib\site-packages\sklearn\linear_model\_logistic.py:469: ConvergenceWarning: lbfgs failed to converge (status=1):
STOP: TOTAL NO. of ITERATIONS REACHED LIMIT.

Increase the number of iterations (max_iter) or scale the data as shown in:
    https://scikit-learn.org/stable/modules/preprocessing.html
Please also refer to the documentation for alternative solver options:
    https://scikit-learn.org/stable/modules/linear_model.html#logistic-regression
  n_iter_i = _check_optimize_result(

2025-03-08 14:20:00,438:WARNING:D:\Anaconda\envs\python_311_env\Lib\site-packages\sklearn\linear_model\_logistic.py:1175: UserWarning: l1_ratio parameter is only used when penalty is 'elasticnet'. Got (penalty=l2)
  warnings.warn(

2025-03-08 14:20:03,349:WARNING:D:\Anaconda\envs\python_311_env\Lib\site-packages\sklearn\linear_model\_logistic.py:469: ConvergenceWarning: lbfgs failed to converge (status=1):
STOP: TOTAL NO. of ITERATIONS REACHED LIMIT.

Increase the number of iterations (max_iter) or scale the data as shown in:
    https://scikit-learn.org/stable/modules/preprocessing.html
Please also refer to the documentation for alternative solver options:
    https://scikit-learn.org/stable/modules/linear_model.html#logistic-regression
  n_iter_i = _check_optimize_result(

2025-03-08 14:20:03,371:WARNING:D:\Anaconda\envs\python_311_env\Lib\site-packages\sklearn\linear_model\_logistic.py:1175: UserWarning: l1_ratio parameter is only used when penalty is 'elasticnet'. Got (penalty=l2)
  warnings.warn(

2025-03-08 14:20:06,389:WARNING:D:\Anaconda\envs\python_311_env\Lib\site-packages\sklearn\linear_model\_logistic.py:469: ConvergenceWarning: lbfgs failed to converge (status=1):
STOP: TOTAL NO. of ITERATIONS REACHED LIMIT.

Increase the number of iterations (max_iter) or scale the data as shown in:
    https://scikit-learn.org/stable/modules/preprocessing.html
Please also refer to the documentation for alternative solver options:
    https://scikit-learn.org/stable/modules/linear_model.html#logistic-regression
  n_iter_i = _check_optimize_result(

2025-03-08 14:20:06,410:WARNING:D:\Anaconda\envs\python_311_env\Lib\site-packages\sklearn\linear_model\_logistic.py:1175: UserWarning: l1_ratio parameter is only used when penalty is 'elasticnet'. Got (penalty=l2)
  warnings.warn(

2025-03-08 14:20:09,398:WARNING:D:\Anaconda\envs\python_311_env\Lib\site-packages\sklearn\linear_model\_logistic.py:469: ConvergenceWarning: lbfgs failed to converge (status=1):
STOP: TOTAL NO. of ITERATIONS REACHED LIMIT.

Increase the number of iterations (max_iter) or scale the data as shown in:
    https://scikit-learn.org/stable/modules/preprocessing.html
Please also refer to the documentation for alternative solver options:
    https://scikit-learn.org/stable/modules/linear_model.html#logistic-regression
  n_iter_i = _check_optimize_result(

2025-03-08 14:20:09,419:WARNING:D:\Anaconda\envs\python_311_env\Lib\site-packages\sklearn\linear_model\_logistic.py:1175: UserWarning: l1_ratio parameter is only used when penalty is 'elasticnet'. Got (penalty=l2)
  warnings.warn(

2025-03-08 14:20:12,277:WARNING:D:\Anaconda\envs\python_311_env\Lib\site-packages\sklearn\linear_model\_logistic.py:469: ConvergenceWarning: lbfgs failed to converge (status=1):
STOP: TOTAL NO. of ITERATIONS REACHED LIMIT.

Increase the number of iterations (max_iter) or scale the data as shown in:
    https://scikit-learn.org/stable/modules/preprocessing.html
Please also refer to the documentation for alternative solver options:
    https://scikit-learn.org/stable/modules/linear_model.html#logistic-regression
  n_iter_i = _check_optimize_result(

2025-03-08 14:20:12,299:WARNING:D:\Anaconda\envs\python_311_env\Lib\site-packages\sklearn\linear_model\_logistic.py:1175: UserWarning: l1_ratio parameter is only used when penalty is 'elasticnet'. Got (penalty=l2)
  warnings.warn(

2025-03-08 14:20:15,161:WARNING:D:\Anaconda\envs\python_311_env\Lib\site-packages\sklearn\linear_model\_logistic.py:469: ConvergenceWarning: lbfgs failed to converge (status=1):
STOP: TOTAL NO. of ITERATIONS REACHED LIMIT.

Increase the number of iterations (max_iter) or scale the data as shown in:
    https://scikit-learn.org/stable/modules/preprocessing.html
Please also refer to the documentation for alternative solver options:
    https://scikit-learn.org/stable/modules/linear_model.html#logistic-regression
  n_iter_i = _check_optimize_result(

2025-03-08 14:20:15,182:WARNING:D:\Anaconda\envs\python_311_env\Lib\site-packages\sklearn\linear_model\_logistic.py:1175: UserWarning: l1_ratio parameter is only used when penalty is 'elasticnet'. Got (penalty=l2)
  warnings.warn(

2025-03-08 14:20:18,125:WARNING:D:\Anaconda\envs\python_311_env\Lib\site-packages\sklearn\linear_model\_logistic.py:469: ConvergenceWarning: lbfgs failed to converge (status=1):
STOP: TOTAL NO. of ITERATIONS REACHED LIMIT.

Increase the number of iterations (max_iter) or scale the data as shown in:
    https://scikit-learn.org/stable/modules/preprocessing.html
Please also refer to the documentation for alternative solver options:
    https://scikit-learn.org/stable/modules/linear_model.html#logistic-regression
  n_iter_i = _check_optimize_result(

2025-03-08 14:20:18,146:WARNING:D:\Anaconda\envs\python_311_env\Lib\site-packages\sklearn\linear_model\_logistic.py:1175: UserWarning: l1_ratio parameter is only used when penalty is 'elasticnet'. Got (penalty=l2)
  warnings.warn(

2025-03-08 14:20:20,996:WARNING:D:\Anaconda\envs\python_311_env\Lib\site-packages\sklearn\linear_model\_logistic.py:469: ConvergenceWarning: lbfgs failed to converge (status=1):
STOP: TOTAL NO. of ITERATIONS REACHED LIMIT.

Increase the number of iterations (max_iter) or scale the data as shown in:
    https://scikit-learn.org/stable/modules/preprocessing.html
Please also refer to the documentation for alternative solver options:
    https://scikit-learn.org/stable/modules/linear_model.html#logistic-regression
  n_iter_i = _check_optimize_result(

2025-03-08 14:20:21,017:WARNING:D:\Anaconda\envs\python_311_env\Lib\site-packages\sklearn\linear_model\_logistic.py:1175: UserWarning: l1_ratio parameter is only used when penalty is 'elasticnet'. Got (penalty=l2)
  warnings.warn(

2025-03-08 14:20:23,891:WARNING:D:\Anaconda\envs\python_311_env\Lib\site-packages\sklearn\linear_model\_logistic.py:469: ConvergenceWarning: lbfgs failed to converge (status=1):
STOP: TOTAL NO. of ITERATIONS REACHED LIMIT.

Increase the number of iterations (max_iter) or scale the data as shown in:
    https://scikit-learn.org/stable/modules/preprocessing.html
Please also refer to the documentation for alternative solver options:
    https://scikit-learn.org/stable/modules/linear_model.html#logistic-regression
  n_iter_i = _check_optimize_result(

2025-03-08 14:20:23,912:WARNING:D:\Anaconda\envs\python_311_env\Lib\site-packages\sklearn\linear_model\_logistic.py:1175: UserWarning: l1_ratio parameter is only used when penalty is 'elasticnet'. Got (penalty=l2)
  warnings.warn(

2025-03-08 14:20:27,267:WARNING:D:\Anaconda\envs\python_311_env\Lib\site-packages\joblib\_memmapping_reducer.py:598: UserWarning: Failed to delete temporary folder: C:\Users\GUILHE~1\AppData\Local\Temp\joblib_memmapping_folder_12484_bcf408c1e8244051b3275fcf886c965e_163bcb30b7ae41a18b8c8ed690c96e03
  warnings.warn("Failed to delete temporary folder: {}"

2025-03-08 14:20:27,267:WARNING:D:\Anaconda\envs\python_311_env\Lib\site-packages\joblib\_memmapping_reducer.py:598: UserWarning: Failed to delete temporary folder: C:\Users\GUILHE~1\AppData\Local\Temp\joblib_memmapping_folder_12484_fe5a0e2878a348f18c244a8e08c09ed0_67257c680eb444b6a7f890bf31807479
  warnings.warn("Failed to delete temporary folder: {}"

2025-03-08 14:20:27,267:WARNING:D:\Anaconda\envs\python_311_env\Lib\site-packages\joblib\_memmapping_reducer.py:598: UserWarning: Failed to delete temporary folder: C:\Users\GUILHE~1\AppData\Local\Temp\joblib_memmapping_folder_12484_bcf408c1e8244051b3275fcf886c965e_1d89a3a33bf7431ea54bb21582124e99
  warnings.warn("Failed to delete temporary folder: {}"

2025-03-08 14:20:27,267:WARNING:D:\Anaconda\envs\python_311_env\Lib\site-packages\joblib\_memmapping_reducer.py:598: UserWarning: Failed to delete temporary folder: C:\Users\GUILHE~1\AppData\Local\Temp\joblib_memmapping_folder_12484_21ff533a92ff496cbf792c015819c333_ecd4717d895849cdad2345da4ef2b1e0
  warnings.warn("Failed to delete temporary folder: {}"

2025-03-08 14:20:27,267:WARNING:D:\Anaconda\envs\python_311_env\Lib\site-packages\joblib\_memmapping_reducer.py:598: UserWarning: Failed to delete temporary folder: C:\Users\GUILHE~1\AppData\Local\Temp\joblib_memmapping_folder_12484_bcf408c1e8244051b3275fcf886c965e_3eb2ed2c211c4244a22345ed54f5316b
  warnings.warn("Failed to delete temporary folder: {}"

2025-03-08 14:20:27,267:WARNING:D:\Anaconda\envs\python_311_env\Lib\site-packages\joblib\_memmapping_reducer.py:598: UserWarning: Failed to delete temporary folder: C:\Users\GUILHE~1\AppData\Local\Temp\joblib_memmapping_folder_12484_b0ce3e296d014d73a677c79b8a205ba7_7db6970e0cdd47b0bd61eb89c171d0bd
  warnings.warn("Failed to delete temporary folder: {}"

2025-03-08 14:20:27,267:WARNING:D:\Anaconda\envs\python_311_env\Lib\site-packages\joblib\_memmapping_reducer.py:598: UserWarning: Failed to delete temporary folder: C:\Users\GUILHE~1\AppData\Local\Temp\joblib_memmapping_folder_12484_bcf408c1e8244051b3275fcf886c965e_f07d29911b064be1a205f3dbf6ca8b10
  warnings.warn("Failed to delete temporary folder: {}"

2025-03-08 14:20:27,268:WARNING:D:\Anaconda\envs\python_311_env\Lib\site-packages\joblib\_memmapping_reducer.py:598: UserWarning: Failed to delete temporary folder: C:\Users\GUILHE~1\AppData\Local\Temp\joblib_memmapping_folder_12484_98eb7c5ed32348fc9821d7e95d5c038f_3d77ff47f318499ea46e09fb4aaf7c4f
  warnings.warn("Failed to delete temporary folder: {}"

2025-03-08 14:20:27,268:WARNING:D:\Anaconda\envs\python_311_env\Lib\site-packages\joblib\_memmapping_reducer.py:598: UserWarning: Failed to delete temporary folder: C:\Users\GUILHE~1\AppData\Local\Temp\joblib_memmapping_folder_12484_bcf408c1e8244051b3275fcf886c965e_9dab73ae5122486c8f08ee8b6f911be8
  warnings.warn("Failed to delete temporary folder: {}"

2025-03-08 14:20:27,268:WARNING:D:\Anaconda\envs\python_311_env\Lib\site-packages\joblib\_memmapping_reducer.py:598: UserWarning: Failed to delete temporary folder: C:\Users\GUILHE~1\AppData\Local\Temp\joblib_memmapping_folder_12484_8dae276c06954447bcd6cf323939c0d4_ab6efce33985439d846407db31efdcf2
  warnings.warn("Failed to delete temporary folder: {}"

2025-03-08 14:20:27,268:WARNING:D:\Anaconda\envs\python_311_env\Lib\site-packages\joblib\_memmapping_reducer.py:598: UserWarning: Failed to delete temporary folder: C:\Users\GUILHE~1\AppData\Local\Temp\joblib_memmapping_folder_12484_bcf408c1e8244051b3275fcf886c965e_3dcd3f0a648e4f5bb526b787de4c94ed
  warnings.warn("Failed to delete temporary folder: {}"

2025-03-08 14:20:27,268:WARNING:D:\Anaconda\envs\python_311_env\Lib\site-packages\joblib\_memmapping_reducer.py:598: UserWarning: Failed to delete temporary folder: C:\Users\GUILHE~1\AppData\Local\Temp\joblib_memmapping_folder_12484_ae9316f381034c229bdedeae0ade8e49_6dc7c9e176b842eca01e6b31f5e37396
  warnings.warn("Failed to delete temporary folder: {}"

2025-03-08 14:20:27,268:WARNING:D:\Anaconda\envs\python_311_env\Lib\site-packages\joblib\_memmapping_reducer.py:598: UserWarning: Failed to delete temporary folder: C:\Users\GUILHE~1\AppData\Local\Temp\joblib_memmapping_folder_12484_bcf408c1e8244051b3275fcf886c965e_f83d4b37beb6440ea9df4c43625a28a4
  warnings.warn("Failed to delete temporary folder: {}"

2025-03-08 14:20:27,268:WARNING:D:\Anaconda\envs\python_311_env\Lib\site-packages\joblib\_memmapping_reducer.py:598: UserWarning: Failed to delete temporary folder: C:\Users\GUILHE~1\AppData\Local\Temp\joblib_memmapping_folder_12484_05f44f4ee6ad4613bec08fd11586d89c_d4defbdefe794b7bac24656f567f6ee8
  warnings.warn("Failed to delete temporary folder: {}"

2025-03-08 14:20:27,268:WARNING:D:\Anaconda\envs\python_311_env\Lib\site-packages\joblib\_memmapping_reducer.py:598: UserWarning: Failed to delete temporary folder: C:\Users\GUILHE~1\AppData\Local\Temp\joblib_memmapping_folder_12484_bcf408c1e8244051b3275fcf886c965e_657b17f52e39449fb32622f143cd6a81
  warnings.warn("Failed to delete temporary folder: {}"

2025-03-08 14:20:27,269:WARNING:D:\Anaconda\envs\python_311_env\Lib\site-packages\joblib\_memmapping_reducer.py:598: UserWarning: Failed to delete temporary folder: C:\Users\GUILHE~1\AppData\Local\Temp\joblib_memmapping_folder_12484_a1be56b712674eababe79d24e876aa57_0ad60bb7e5ef48d49fc2c4935bb1cb8a
  warnings.warn("Failed to delete temporary folder: {}"

2025-03-08 14:20:27,269:WARNING:D:\Anaconda\envs\python_311_env\Lib\site-packages\joblib\_memmapping_reducer.py:598: UserWarning: Failed to delete temporary folder: C:\Users\GUILHE~1\AppData\Local\Temp\joblib_memmapping_folder_12484_bcf408c1e8244051b3275fcf886c965e_4e7b4890ec644a2fad634396cca81221
  warnings.warn("Failed to delete temporary folder: {}"

2025-03-08 14:20:27,269:WARNING:D:\Anaconda\envs\python_311_env\Lib\site-packages\joblib\_memmapping_reducer.py:598: UserWarning: Failed to delete temporary folder: C:\Users\GUILHE~1\AppData\Local\Temp\joblib_memmapping_folder_12484_e3e1aa7a578d4b03b7d4678c4193805a_0d4e5e8cd0d04acd8cb33cd231a559eb
  warnings.warn("Failed to delete temporary folder: {}"

2025-03-08 14:20:27,269:WARNING:D:\Anaconda\envs\python_311_env\Lib\site-packages\joblib\_memmapping_reducer.py:598: UserWarning: Failed to delete temporary folder: C:\Users\GUILHE~1\AppData\Local\Temp\joblib_memmapping_folder_12484_bcf408c1e8244051b3275fcf886c965e_8b32449fae5d49f8a37ab6070af83025
  warnings.warn("Failed to delete temporary folder: {}"

2025-03-08 14:20:27,269:WARNING:D:\Anaconda\envs\python_311_env\Lib\site-packages\joblib\_memmapping_reducer.py:598: UserWarning: Failed to delete temporary folder: C:\Users\GUILHE~1\AppData\Local\Temp\joblib_memmapping_folder_12484_fc0b438e9daf42d690bcb4f0ae85fc6d_dec7d5b23e674a8f8959f17646a74a43
  warnings.warn("Failed to delete temporary folder: {}"

2025-03-08 14:20:27,269:WARNING:D:\Anaconda\envs\python_311_env\Lib\site-packages\joblib\_memmapping_reducer.py:598: UserWarning: Failed to delete temporary folder: C:\Users\GUILHE~1\AppData\Local\Temp\joblib_memmapping_folder_12484_bcf408c1e8244051b3275fcf886c965e_c0907d86c0f245318ef89cad2761a7da
  warnings.warn("Failed to delete temporary folder: {}"

2025-03-08 14:20:27,269:WARNING:D:\Anaconda\envs\python_311_env\Lib\site-packages\joblib\_memmapping_reducer.py:598: UserWarning: Failed to delete temporary folder: C:\Users\GUILHE~1\AppData\Local\Temp\joblib_memmapping_folder_12484_6af359b99eac4d1eb0702f456e9bcb1e_6022e05cf67a47b2b07462a92574dec5
  warnings.warn("Failed to delete temporary folder: {}"

2025-03-08 14:20:27,269:WARNING:D:\Anaconda\envs\python_311_env\Lib\site-packages\joblib\_memmapping_reducer.py:598: UserWarning: Failed to delete temporary folder: C:\Users\GUILHE~1\AppData\Local\Temp\joblib_memmapping_folder_12484_bcf408c1e8244051b3275fcf886c965e_9687286511384de28db9b93625baa917
  warnings.warn("Failed to delete temporary folder: {}"

2025-03-08 14:20:27,270:WARNING:D:\Anaconda\envs\python_311_env\Lib\site-packages\joblib\_memmapping_reducer.py:598: UserWarning: Failed to delete temporary folder: C:\Users\GUILHE~1\AppData\Local\Temp\joblib_memmapping_folder_12484_489ed928faab44e39da9f7b597163ece_fa3969a4ca3d4c04b2bee0681a4c64f5
  warnings.warn("Failed to delete temporary folder: {}"

2025-03-08 14:20:27,270:WARNING:D:\Anaconda\envs\python_311_env\Lib\site-packages\joblib\_memmapping_reducer.py:598: UserWarning: Failed to delete temporary folder: C:\Users\GUILHE~1\AppData\Local\Temp\joblib_memmapping_folder_12484_bcf408c1e8244051b3275fcf886c965e_ccb27f7f91864f8a90a8ebb29df895c0
  warnings.warn("Failed to delete temporary folder: {}"

2025-03-08 14:20:27,270:WARNING:D:\Anaconda\envs\python_311_env\Lib\site-packages\joblib\_memmapping_reducer.py:598: UserWarning: Failed to delete temporary folder: C:\Users\GUILHE~1\AppData\Local\Temp\joblib_memmapping_folder_12484_1fcd2b990ee942d7b27747e6153594a7_75a51175e1914fd7991f3e92cc0b1466
  warnings.warn("Failed to delete temporary folder: {}"

2025-03-08 14:20:27,270:WARNING:D:\Anaconda\envs\python_311_env\Lib\site-packages\joblib\_memmapping_reducer.py:598: UserWarning: Failed to delete temporary folder: C:\Users\GUILHE~1\AppData\Local\Temp\joblib_memmapping_folder_12484_bcf408c1e8244051b3275fcf886c965e_841e058b7b0e4f6cbf68ecdc0002ec13
  warnings.warn("Failed to delete temporary folder: {}"

2025-03-08 14:20:27,270:WARNING:D:\Anaconda\envs\python_311_env\Lib\site-packages\joblib\_memmapping_reducer.py:598: UserWarning: Failed to delete temporary folder: C:\Users\GUILHE~1\AppData\Local\Temp\joblib_memmapping_folder_12484_c1fd9879b30a4322982f6e2af0002352_81929b625e9342f687913a55be6e82f1
  warnings.warn("Failed to delete temporary folder: {}"

2025-03-08 14:20:27,270:WARNING:D:\Anaconda\envs\python_311_env\Lib\site-packages\joblib\_memmapping_reducer.py:598: UserWarning: Failed to delete temporary folder: C:\Users\GUILHE~1\AppData\Local\Temp\joblib_memmapping_folder_12484_bcf408c1e8244051b3275fcf886c965e_17b60688e92b44b6be7501ad89b319eb
  warnings.warn("Failed to delete temporary folder: {}"

2025-03-08 14:20:27,270:WARNING:D:\Anaconda\envs\python_311_env\Lib\site-packages\joblib\_memmapping_reducer.py:598: UserWarning: Failed to delete temporary folder: C:\Users\GUILHE~1\AppData\Local\Temp\joblib_memmapping_folder_12484_aba7ecb518504a098abf525a27b40c95_117d9102c3ba40f99a2c1ea33452e76d
  warnings.warn("Failed to delete temporary folder: {}"

2025-03-08 14:20:27,270:WARNING:D:\Anaconda\envs\python_311_env\Lib\site-packages\joblib\_memmapping_reducer.py:598: UserWarning: Failed to delete temporary folder: C:\Users\GUILHE~1\AppData\Local\Temp\joblib_memmapping_folder_12484_bcf408c1e8244051b3275fcf886c965e_53e14de1c7e2425b825d40af16cad012
  warnings.warn("Failed to delete temporary folder: {}"

2025-03-08 14:20:27,270:WARNING:D:\Anaconda\envs\python_311_env\Lib\site-packages\joblib\_memmapping_reducer.py:598: UserWarning: Failed to delete temporary folder: C:\Users\GUILHE~1\AppData\Local\Temp\joblib_memmapping_folder_12484_414f9e834687471a9e762ee31855a168_146946ae2a72442b9f608d6865966e30
  warnings.warn("Failed to delete temporary folder: {}"

2025-03-08 14:20:27,271:WARNING:D:\Anaconda\envs\python_311_env\Lib\site-packages\joblib\_memmapping_reducer.py:598: UserWarning: Failed to delete temporary folder: C:\Users\GUILHE~1\AppData\Local\Temp\joblib_memmapping_folder_12484_bcf408c1e8244051b3275fcf886c965e_8621898816c34e388fc89f920181c55a
  warnings.warn("Failed to delete temporary folder: {}"

2025-03-08 14:20:27,271:WARNING:D:\Anaconda\envs\python_311_env\Lib\site-packages\joblib\_memmapping_reducer.py:598: UserWarning: Failed to delete temporary folder: C:\Users\GUILHE~1\AppData\Local\Temp\joblib_memmapping_folder_12484_bcf408c1e8244051b3275fcf886c965e_9049d816a4e04c8cad873f15e6858ced
  warnings.warn("Failed to delete temporary folder: {}"

2025-03-08 14:21:20,073:WARNING:
'cuml' is a soft dependency and not included in the pycaret installation. Please run: `pip install cuml` to install.
2025-03-08 14:21:20,073:WARNING:
'cuml' is a soft dependency and not included in the pycaret installation. Please run: `pip install cuml` to install.
2025-03-08 14:21:20,073:WARNING:
'cuml' is a soft dependency and not included in the pycaret installation. Please run: `pip install cuml` to install.
2025-03-08 14:21:20,074:WARNING:
'cuml' is a soft dependency and not included in the pycaret installation. Please run: `pip install cuml` to install.
2025-03-08 14:21:20,587:INFO:PyCaret ClassificationExperiment
2025-03-08 14:21:20,587:INFO:Logging name: clf-default-name
2025-03-08 14:21:20,587:INFO:ML Usecase: MLUsecase.CLASSIFICATION
2025-03-08 14:21:20,587:INFO:version 3.3.2
2025-03-08 14:21:20,587:INFO:Initializing setup()
2025-03-08 14:21:20,587:INFO:self.USI: da57
2025-03-08 14:21:20,587:INFO:self._variable_keys: {'logging_param', 'pipeline', 'X_test', 'fix_imbalance', 'log_plots_param', '_ml_usecase', 'fold_generator', 'X', 'data', 'y', 'seed', 'exp_name_log', 'y_train', 'USI', 'X_train', '_available_plots', 'fold_groups_param', 'is_multiclass', 'idx', 'gpu_param', 'gpu_n_jobs_param', 'target_param', 'memory', 'html_param', 'exp_id', 'n_jobs_param', 'fold_shuffle_param', 'y_test'}
2025-03-08 14:21:20,587:INFO:Checking environment
2025-03-08 14:21:20,587:INFO:python_version: 3.11.11
2025-03-08 14:21:20,587:INFO:python_build: ('main', 'Dec 11 2024 16:34:19')
2025-03-08 14:21:20,587:INFO:machine: AMD64
2025-03-08 14:21:20,587:INFO:platform: Windows-10-10.0.19045-SP0
2025-03-08 14:21:20,591:INFO:Memory: svmem(total=17068290048, available=6648487936, percent=61.0, used=10419802112, free=6648487936)
2025-03-08 14:21:20,591:INFO:Physical Core: 6
2025-03-08 14:21:20,591:INFO:Logical Core: 12
2025-03-08 14:21:20,591:INFO:Checking libraries
2025-03-08 14:21:20,591:INFO:System:
2025-03-08 14:21:20,591:INFO:    python: 3.11.11 | packaged by Anaconda, Inc. | (main, Dec 11 2024, 16:34:19) [MSC v.1929 64 bit (AMD64)]
2025-03-08 14:21:20,591:INFO:executable: D:\Anaconda\envs\python_311_env\python.exe
2025-03-08 14:21:20,591:INFO:   machine: Windows-10-10.0.19045-SP0
2025-03-08 14:21:20,591:INFO:PyCaret required dependencies:
2025-03-08 14:21:20,615:INFO:                 pip: 25.0
2025-03-08 14:21:20,615:INFO:          setuptools: 75.8.0
2025-03-08 14:21:20,615:INFO:             pycaret: 3.3.2
2025-03-08 14:21:20,615:INFO:             IPython: 9.0.1
2025-03-08 14:21:20,615:INFO:          ipywidgets: 8.1.5
2025-03-08 14:21:20,616:INFO:                tqdm: 4.67.1
2025-03-08 14:21:20,616:INFO:               numpy: 1.26.4
2025-03-08 14:21:20,616:INFO:              pandas: 2.1.4
2025-03-08 14:21:20,616:INFO:              jinja2: 3.1.6
2025-03-08 14:21:20,616:INFO:               scipy: 1.11.4
2025-03-08 14:21:20,616:INFO:              joblib: 1.3.2
2025-03-08 14:21:20,616:INFO:             sklearn: 1.4.2
2025-03-08 14:21:20,616:INFO:                pyod: 2.0.3
2025-03-08 14:21:20,616:INFO:            imblearn: 0.13.0
2025-03-08 14:21:20,616:INFO:   category_encoders: 2.7.0
2025-03-08 14:21:20,616:INFO:            lightgbm: 4.6.0
2025-03-08 14:21:20,616:INFO:               numba: 0.61.0
2025-03-08 14:21:20,616:INFO:            requests: 2.32.3
2025-03-08 14:21:20,616:INFO:          matplotlib: 3.7.5
2025-03-08 14:21:20,616:INFO:          scikitplot: 0.3.7
2025-03-08 14:21:20,616:INFO:         yellowbrick: 1.5
2025-03-08 14:21:20,616:INFO:              plotly: 5.24.1
2025-03-08 14:21:20,616:INFO:    plotly-resampler: Not installed
2025-03-08 14:21:20,616:INFO:             kaleido: 0.2.1
2025-03-08 14:21:20,616:INFO:           schemdraw: 0.15
2025-03-08 14:21:20,616:INFO:         statsmodels: 0.14.4
2025-03-08 14:21:20,616:INFO:              sktime: 0.26.0
2025-03-08 14:21:20,616:INFO:               tbats: 1.1.3
2025-03-08 14:21:20,616:INFO:            pmdarima: 2.0.4
2025-03-08 14:21:20,616:INFO:              psutil: 7.0.0
2025-03-08 14:21:20,616:INFO:          markupsafe: 3.0.2
2025-03-08 14:21:20,616:INFO:             pickle5: Not installed
2025-03-08 14:21:20,616:INFO:         cloudpickle: 3.1.1
2025-03-08 14:21:20,616:INFO:         deprecation: 2.1.0
2025-03-08 14:21:20,616:INFO:              xxhash: 3.5.0
2025-03-08 14:21:20,617:INFO:           wurlitzer: Not installed
2025-03-08 14:21:20,617:INFO:PyCaret optional dependencies:
2025-03-08 14:21:20,637:INFO:                shap: Not installed
2025-03-08 14:21:20,637:INFO:           interpret: Not installed
2025-03-08 14:21:20,637:INFO:                umap: Not installed
2025-03-08 14:21:20,637:INFO:     ydata_profiling: Not installed
2025-03-08 14:21:20,637:INFO:  explainerdashboard: Not installed
2025-03-08 14:21:20,637:INFO:             autoviz: Not installed
2025-03-08 14:21:20,637:INFO:           fairlearn: Not installed
2025-03-08 14:21:20,637:INFO:          deepchecks: Not installed
2025-03-08 14:21:20,637:INFO:             xgboost: Not installed
2025-03-08 14:21:20,637:INFO:            catboost: Not installed
2025-03-08 14:21:20,637:INFO:              kmodes: Not installed
2025-03-08 14:21:20,637:INFO:             mlxtend: Not installed
2025-03-08 14:21:20,637:INFO:       statsforecast: Not installed
2025-03-08 14:21:20,637:INFO:        tune_sklearn: Not installed
2025-03-08 14:21:20,637:INFO:                 ray: Not installed
2025-03-08 14:21:20,637:INFO:            hyperopt: Not installed
2025-03-08 14:21:20,637:INFO:              optuna: Not installed
2025-03-08 14:21:20,637:INFO:               skopt: Not installed
2025-03-08 14:21:20,637:INFO:              mlflow: Not installed
2025-03-08 14:21:20,637:INFO:              gradio: Not installed
2025-03-08 14:21:20,637:INFO:             fastapi: Not installed
2025-03-08 14:21:20,637:INFO:             uvicorn: Not installed
2025-03-08 14:21:20,637:INFO:              m2cgen: Not installed
2025-03-08 14:21:20,637:INFO:           evidently: Not installed
2025-03-08 14:21:20,637:INFO:               fugue: Not installed
2025-03-08 14:21:20,637:INFO:           streamlit: Not installed
2025-03-08 14:21:20,638:INFO:             prophet: Not installed
2025-03-08 14:21:20,638:INFO:None
2025-03-08 14:21:20,638:INFO:Set up data.
2025-03-08 14:21:20,692:INFO:Set up folding strategy.
2025-03-08 14:21:20,692:INFO:Set up train/test split.
2025-03-08 14:21:20,726:INFO:Set up index.
2025-03-08 14:21:20,729:INFO:Assigning column types.
2025-03-08 14:21:20,739:INFO:Engine successfully changes for model 'lr' to 'sklearn'.
2025-03-08 14:21:20,775:INFO:Engine for model 'knn' has not been set explicitly, hence returning None.
2025-03-08 14:21:20,778:INFO:Engine for model 'rbfsvm' has not been set explicitly, hence returning None.
2025-03-08 14:21:20,805:WARNING:
'xgboost' is a soft dependency and not included in the pycaret installation. Please run: `pip install xgboost` to install.
Alternately, you can install this by running `pip install pycaret[models]`
2025-03-08 14:21:20,805:WARNING:
'catboost' is a soft dependency and not included in the pycaret installation. Please run: `pip install catboost` to install.
Alternately, you can install this by running `pip install pycaret[models]`
2025-03-08 14:21:20,842:INFO:Engine for model 'knn' has not been set explicitly, hence returning None.
2025-03-08 14:21:20,842:INFO:Engine for model 'rbfsvm' has not been set explicitly, hence returning None.
2025-03-08 14:21:20,864:WARNING:
'xgboost' is a soft dependency and not included in the pycaret installation. Please run: `pip install xgboost` to install.
Alternately, you can install this by running `pip install pycaret[models]`
2025-03-08 14:21:20,864:WARNING:
'catboost' is a soft dependency and not included in the pycaret installation. Please run: `pip install catboost` to install.
Alternately, you can install this by running `pip install pycaret[models]`
2025-03-08 14:21:20,865:INFO:Engine successfully changes for model 'knn' to 'sklearn'.
2025-03-08 14:21:20,901:INFO:Engine for model 'rbfsvm' has not been set explicitly, hence returning None.
2025-03-08 14:21:20,923:WARNING:
'xgboost' is a soft dependency and not included in the pycaret installation. Please run: `pip install xgboost` to install.
Alternately, you can install this by running `pip install pycaret[models]`
2025-03-08 14:21:20,923:WARNING:
'catboost' is a soft dependency and not included in the pycaret installation. Please run: `pip install catboost` to install.
Alternately, you can install this by running `pip install pycaret[models]`
2025-03-08 14:21:20,960:INFO:Engine for model 'rbfsvm' has not been set explicitly, hence returning None.
2025-03-08 14:21:20,982:WARNING:
'xgboost' is a soft dependency and not included in the pycaret installation. Please run: `pip install xgboost` to install.
Alternately, you can install this by running `pip install pycaret[models]`
2025-03-08 14:21:20,983:WARNING:
'catboost' is a soft dependency and not included in the pycaret installation. Please run: `pip install catboost` to install.
Alternately, you can install this by running `pip install pycaret[models]`
2025-03-08 14:21:20,983:INFO:Engine successfully changes for model 'rbfsvm' to 'sklearn'.
2025-03-08 14:21:21,042:WARNING:
'xgboost' is a soft dependency and not included in the pycaret installation. Please run: `pip install xgboost` to install.
Alternately, you can install this by running `pip install pycaret[models]`
2025-03-08 14:21:21,042:WARNING:
'catboost' is a soft dependency and not included in the pycaret installation. Please run: `pip install catboost` to install.
Alternately, you can install this by running `pip install pycaret[models]`
2025-03-08 14:21:21,100:WARNING:
'xgboost' is a soft dependency and not included in the pycaret installation. Please run: `pip install xgboost` to install.
Alternately, you can install this by running `pip install pycaret[models]`
2025-03-08 14:21:21,100:WARNING:
'catboost' is a soft dependency and not included in the pycaret installation. Please run: `pip install catboost` to install.
Alternately, you can install this by running `pip install pycaret[models]`
2025-03-08 14:21:21,102:INFO:Preparing preprocessing pipeline...
2025-03-08 14:21:21,105:INFO:Set up simple imputation.
2025-03-08 14:21:21,119:INFO:Set up encoding of ordinal features.
2025-03-08 14:21:21,131:INFO:Set up encoding of categorical features.
2025-03-08 14:21:21,412:INFO:Finished creating preprocessing pipeline.
2025-03-08 14:21:21,438:INFO:Pipeline: Pipeline(memory=FastMemory(location=C:\Users\GUILHE~1\AppData\Local\Temp\joblib),
         steps=[('numerical_imputer',
                 TransformerWrapper(exclude=None,
                                    include=['qtd_filhos', 'idade',
                                             'tempo_emprego',
                                             'qt_pessoas_residencia', 'renda'],
                                    transformer=SimpleImputer(add_indicator=False,
                                                              copy=True,
                                                              fill_value=None,
                                                              keep_empty_features=False,
                                                              missing_values=nan,
                                                              strategy='mea...
                                                               verbose=0))),
                ('onehot_encoding',
                 TransformerWrapper(exclude=None,
                                    include=['tipo_renda', 'educacao',
                                             'estado_civil',
                                             'tipo_residencia'],
                                    transformer=OneHotEncoder(cols=['tipo_renda',
                                                                    'educacao',
                                                                    'estado_civil',
                                                                    'tipo_residencia'],
                                                              drop_invariant=False,
                                                              handle_missing='return_nan',
                                                              handle_unknown='value',
                                                              return_df=True,
                                                              use_cat_names=True,
                                                              verbose=0)))],
         verbose=False)
2025-03-08 14:21:21,438:INFO:Creating final display dataframe.
2025-03-08 14:21:21,610:INFO:Setup _display_container:                     Description             Value
0                    Session id               412
1                        Target               mau
2                   Target type            Binary
3           Original data shape      (120000, 13)
4        Transformed data shape      (120000, 30)
5   Transformed train set shape       (84000, 30)
6    Transformed test set shape       (36000, 30)
7              Numeric features                 5
8          Categorical features                 7
9                    Preprocess              True
10              Imputation type            simple
11           Numeric imputation              mean
12       Categorical imputation              mode
13     Maximum one-hot encoding                25
14              Encoding method              None
15               Fold Generator   StratifiedKFold
16                  Fold Number                10
17                     CPU Jobs                -1
18                      Use GPU             False
19               Log Experiment             False
20              Experiment Name  clf-default-name
21                          USI              da57
2025-03-08 14:21:21,675:WARNING:
'xgboost' is a soft dependency and not included in the pycaret installation. Please run: `pip install xgboost` to install.
Alternately, you can install this by running `pip install pycaret[models]`
2025-03-08 14:21:21,675:WARNING:
'catboost' is a soft dependency and not included in the pycaret installation. Please run: `pip install catboost` to install.
Alternately, you can install this by running `pip install pycaret[models]`
2025-03-08 14:21:21,735:WARNING:
'xgboost' is a soft dependency and not included in the pycaret installation. Please run: `pip install xgboost` to install.
Alternately, you can install this by running `pip install pycaret[models]`
2025-03-08 14:21:21,736:WARNING:
'catboost' is a soft dependency and not included in the pycaret installation. Please run: `pip install catboost` to install.
Alternately, you can install this by running `pip install pycaret[models]`
2025-03-08 14:21:21,736:INFO:setup() successfully completed in 1.16s...............
2025-03-08 14:21:21,740:INFO:Initializing compare_models()
2025-03-08 14:21:21,741:INFO:compare_models(self=<pycaret.classification.oop.ClassificationExperiment object at 0x000001EAF19B7A10>, include=None, exclude=None, fold=5, round=4, cross_validation=True, sort=Accuracy, n_select=1, budget_time=None, turbo=True, errors=ignore, fit_kwargs=None, groups=None, experiment_custom_tags=None, probability_threshold=None, verbose=True, parallel=None, caller_params={'self': <pycaret.classification.oop.ClassificationExperiment object at 0x000001EAF19B7A10>, 'include': None, 'exclude': None, 'fold': 5, 'round': 4, 'cross_validation': True, 'sort': 'Accuracy', 'n_select': 1, 'budget_time': None, 'turbo': True, 'errors': 'ignore', 'fit_kwargs': None, 'groups': None, 'experiment_custom_tags': None, 'probability_threshold': None, 'engine': None, 'verbose': True, 'parallel': None, '__class__': <class 'pycaret.classification.oop.ClassificationExperiment'>})
2025-03-08 14:21:21,741:INFO:Checking exceptions
2025-03-08 14:21:21,754:INFO:Preparing display monitor
2025-03-08 14:21:21,769:INFO:Initializing Logistic Regression
2025-03-08 14:21:21,769:INFO:Total runtime is 0.0 minutes
2025-03-08 14:21:21,771:INFO:SubProcess create_model() called ==================================
2025-03-08 14:21:21,772:INFO:Initializing create_model()
2025-03-08 14:21:21,772:INFO:create_model(self=<pycaret.classification.oop.ClassificationExperiment object at 0x000001EAF19B7A10>, estimator=lr, fold=StratifiedKFold(n_splits=5, random_state=None, shuffle=False), round=4, cross_validation=True, predict=True, fit_kwargs={}, groups=None, refit=False, probability_threshold=None, experiment_custom_tags=None, verbose=False, system=False, add_to_model_list=True, metrics=None, display=<pycaret.internal.display.display.CommonDisplay object at 0x000001EAF2245A50>, model_only=True, return_train_score=False, error_score=0.0, kwargs={})
2025-03-08 14:21:21,772:INFO:Checking exceptions
2025-03-08 14:21:21,772:INFO:Importing libraries
2025-03-08 14:21:21,772:INFO:Copying training dataset
2025-03-08 14:21:21,798:INFO:Defining folds
2025-03-08 14:21:21,798:INFO:Declaring metric variables
2025-03-08 14:21:21,801:INFO:Importing untrained model
2025-03-08 14:21:21,803:INFO:Logistic Regression Imported successfully
2025-03-08 14:21:21,808:INFO:Starting cross validation
2025-03-08 14:21:21,810:INFO:Cross validating with StratifiedKFold(n_splits=5, random_state=None, shuffle=False), n_jobs=-1
2025-03-08 14:21:32,098:WARNING:D:\Anaconda\envs\python_311_env\Lib\site-packages\sklearn\linear_model\_logistic.py:469: ConvergenceWarning: lbfgs failed to converge (status=1):
STOP: TOTAL NO. of ITERATIONS REACHED LIMIT.

Increase the number of iterations (max_iter) or scale the data as shown in:
    https://scikit-learn.org/stable/modules/preprocessing.html
Please also refer to the documentation for alternative solver options:
    https://scikit-learn.org/stable/modules/linear_model.html#logistic-regression
  n_iter_i = _check_optimize_result(

2025-03-08 14:21:32,184:WARNING:D:\Anaconda\envs\python_311_env\Lib\site-packages\sklearn\linear_model\_logistic.py:469: ConvergenceWarning: lbfgs failed to converge (status=1):
STOP: TOTAL NO. of ITERATIONS REACHED LIMIT.

Increase the number of iterations (max_iter) or scale the data as shown in:
    https://scikit-learn.org/stable/modules/preprocessing.html
Please also refer to the documentation for alternative solver options:
    https://scikit-learn.org/stable/modules/linear_model.html#logistic-regression
  n_iter_i = _check_optimize_result(

2025-03-08 14:21:32,204:WARNING:D:\Anaconda\envs\python_311_env\Lib\site-packages\sklearn\linear_model\_logistic.py:469: ConvergenceWarning: lbfgs failed to converge (status=1):
STOP: TOTAL NO. of ITERATIONS REACHED LIMIT.

Increase the number of iterations (max_iter) or scale the data as shown in:
    https://scikit-learn.org/stable/modules/preprocessing.html
Please also refer to the documentation for alternative solver options:
    https://scikit-learn.org/stable/modules/linear_model.html#logistic-regression
  n_iter_i = _check_optimize_result(

2025-03-08 14:21:32,204:WARNING:D:\Anaconda\envs\python_311_env\Lib\site-packages\sklearn\linear_model\_logistic.py:469: ConvergenceWarning: lbfgs failed to converge (status=1):
STOP: TOTAL NO. of ITERATIONS REACHED LIMIT.

Increase the number of iterations (max_iter) or scale the data as shown in:
    https://scikit-learn.org/stable/modules/preprocessing.html
Please also refer to the documentation for alternative solver options:
    https://scikit-learn.org/stable/modules/linear_model.html#logistic-regression
  n_iter_i = _check_optimize_result(

2025-03-08 14:21:32,219:WARNING:D:\Anaconda\envs\python_311_env\Lib\site-packages\sklearn\metrics\_classification.py:1509: UndefinedMetricWarning: Precision is ill-defined and being set to 0.0 due to no predicted samples. Use `zero_division` parameter to control this behavior.
  _warn_prf(average, modifier, f"{metric.capitalize()} is", len(result))

2025-03-08 14:21:32,247:WARNING:D:\Anaconda\envs\python_311_env\Lib\site-packages\sklearn\linear_model\_logistic.py:469: ConvergenceWarning: lbfgs failed to converge (status=1):
STOP: TOTAL NO. of ITERATIONS REACHED LIMIT.

Increase the number of iterations (max_iter) or scale the data as shown in:
    https://scikit-learn.org/stable/modules/preprocessing.html
Please also refer to the documentation for alternative solver options:
    https://scikit-learn.org/stable/modules/linear_model.html#logistic-regression
  n_iter_i = _check_optimize_result(

2025-03-08 14:21:32,283:WARNING:D:\Anaconda\envs\python_311_env\Lib\site-packages\sklearn\metrics\_classification.py:1509: UndefinedMetricWarning: Precision is ill-defined and being set to 0.0 due to no predicted samples. Use `zero_division` parameter to control this behavior.
  _warn_prf(average, modifier, f"{metric.capitalize()} is", len(result))

2025-03-08 14:21:32,304:WARNING:D:\Anaconda\envs\python_311_env\Lib\site-packages\sklearn\metrics\_classification.py:1509: UndefinedMetricWarning: Precision is ill-defined and being set to 0.0 due to no predicted samples. Use `zero_division` parameter to control this behavior.
  _warn_prf(average, modifier, f"{metric.capitalize()} is", len(result))

2025-03-08 14:21:32,307:WARNING:D:\Anaconda\envs\python_311_env\Lib\site-packages\sklearn\metrics\_classification.py:1509: UndefinedMetricWarning: Precision is ill-defined and being set to 0.0 due to no predicted samples. Use `zero_division` parameter to control this behavior.
  _warn_prf(average, modifier, f"{metric.capitalize()} is", len(result))

2025-03-08 14:21:32,339:WARNING:D:\Anaconda\envs\python_311_env\Lib\site-packages\sklearn\metrics\_classification.py:1509: UndefinedMetricWarning: Precision is ill-defined and being set to 0.0 due to no predicted samples. Use `zero_division` parameter to control this behavior.
  _warn_prf(average, modifier, f"{metric.capitalize()} is", len(result))

2025-03-08 14:21:32,357:INFO:Calculating mean and std
2025-03-08 14:21:32,358:INFO:Creating metrics dataframe
2025-03-08 14:21:32,360:INFO:Uploading results into container
2025-03-08 14:21:32,361:INFO:Uploading model into container now
2025-03-08 14:21:32,361:INFO:_master_model_container: 1
2025-03-08 14:21:32,361:INFO:_display_container: 2
2025-03-08 14:21:32,362:INFO:LogisticRegression(C=1.0, class_weight=None, dual=False, fit_intercept=True,
                   intercept_scaling=1, l1_ratio=None, max_iter=1000,
                   multi_class='auto', n_jobs=None, penalty='l2',
                   random_state=412, solver='lbfgs', tol=0.0001, verbose=0,
                   warm_start=False)
2025-03-08 14:21:32,362:INFO:create_model() successfully completed......................................
2025-03-08 14:21:32,444:INFO:SubProcess create_model() end ==================================
2025-03-08 14:21:32,444:INFO:Creating metrics dataframe
2025-03-08 14:21:32,449:INFO:Initializing K Neighbors Classifier
2025-03-08 14:21:32,449:INFO:Total runtime is 0.17800691922505696 minutes
2025-03-08 14:21:32,452:INFO:SubProcess create_model() called ==================================
2025-03-08 14:21:32,452:INFO:Initializing create_model()
2025-03-08 14:21:32,452:INFO:create_model(self=<pycaret.classification.oop.ClassificationExperiment object at 0x000001EAF19B7A10>, estimator=knn, fold=StratifiedKFold(n_splits=5, random_state=None, shuffle=False), round=4, cross_validation=True, predict=True, fit_kwargs={}, groups=None, refit=False, probability_threshold=None, experiment_custom_tags=None, verbose=False, system=False, add_to_model_list=True, metrics=None, display=<pycaret.internal.display.display.CommonDisplay object at 0x000001EAF2245A50>, model_only=True, return_train_score=False, error_score=0.0, kwargs={})
2025-03-08 14:21:32,452:INFO:Checking exceptions
2025-03-08 14:21:32,452:INFO:Importing libraries
2025-03-08 14:21:32,452:INFO:Copying training dataset
2025-03-08 14:21:32,481:INFO:Defining folds
2025-03-08 14:21:32,481:INFO:Declaring metric variables
2025-03-08 14:21:32,483:INFO:Importing untrained model
2025-03-08 14:21:32,486:INFO:K Neighbors Classifier Imported successfully
2025-03-08 14:21:32,491:INFO:Starting cross validation
2025-03-08 14:21:32,493:INFO:Cross validating with StratifiedKFold(n_splits=5, random_state=None, shuffle=False), n_jobs=-1
2025-03-08 14:21:46,029:INFO:Calculating mean and std
2025-03-08 14:21:46,030:INFO:Creating metrics dataframe
2025-03-08 14:21:46,031:INFO:Uploading results into container
2025-03-08 14:21:46,032:INFO:Uploading model into container now
2025-03-08 14:21:46,032:INFO:_master_model_container: 2
2025-03-08 14:21:46,032:INFO:_display_container: 2
2025-03-08 14:21:46,033:INFO:KNeighborsClassifier(algorithm='auto', leaf_size=30, metric='minkowski',
                     metric_params=None, n_jobs=-1, n_neighbors=5, p=2,
                     weights='uniform')
2025-03-08 14:21:46,033:INFO:create_model() successfully completed......................................
2025-03-08 14:21:46,115:INFO:SubProcess create_model() end ==================================
2025-03-08 14:21:46,115:INFO:Creating metrics dataframe
2025-03-08 14:21:46,121:INFO:Initializing Naive Bayes
2025-03-08 14:21:46,121:INFO:Total runtime is 0.40587513049443563 minutes
2025-03-08 14:21:46,123:INFO:SubProcess create_model() called ==================================
2025-03-08 14:21:46,123:INFO:Initializing create_model()
2025-03-08 14:21:46,123:INFO:create_model(self=<pycaret.classification.oop.ClassificationExperiment object at 0x000001EAF19B7A10>, estimator=nb, fold=StratifiedKFold(n_splits=5, random_state=None, shuffle=False), round=4, cross_validation=True, predict=True, fit_kwargs={}, groups=None, refit=False, probability_threshold=None, experiment_custom_tags=None, verbose=False, system=False, add_to_model_list=True, metrics=None, display=<pycaret.internal.display.display.CommonDisplay object at 0x000001EAF2245A50>, model_only=True, return_train_score=False, error_score=0.0, kwargs={})
2025-03-08 14:21:46,123:INFO:Checking exceptions
2025-03-08 14:21:46,123:INFO:Importing libraries
2025-03-08 14:21:46,124:INFO:Copying training dataset
2025-03-08 14:21:46,150:INFO:Defining folds
2025-03-08 14:21:46,151:INFO:Declaring metric variables
2025-03-08 14:21:46,153:INFO:Importing untrained model
2025-03-08 14:21:46,156:INFO:Naive Bayes Imported successfully
2025-03-08 14:21:46,160:INFO:Starting cross validation
2025-03-08 14:21:46,162:INFO:Cross validating with StratifiedKFold(n_splits=5, random_state=None, shuffle=False), n_jobs=-1
2025-03-08 14:21:48,944:INFO:Calculating mean and std
2025-03-08 14:21:48,945:INFO:Creating metrics dataframe
2025-03-08 14:21:48,947:INFO:Uploading results into container
2025-03-08 14:21:48,948:INFO:Uploading model into container now
2025-03-08 14:21:48,948:INFO:_master_model_container: 3
2025-03-08 14:21:48,948:INFO:_display_container: 2
2025-03-08 14:21:48,948:INFO:GaussianNB(priors=None, var_smoothing=1e-09)
2025-03-08 14:21:48,949:INFO:create_model() successfully completed......................................
2025-03-08 14:21:49,028:INFO:SubProcess create_model() end ==================================
2025-03-08 14:21:49,028:INFO:Creating metrics dataframe
2025-03-08 14:21:49,034:INFO:Initializing Decision Tree Classifier
2025-03-08 14:21:49,034:INFO:Total runtime is 0.4544194459915161 minutes
2025-03-08 14:21:49,036:INFO:SubProcess create_model() called ==================================
2025-03-08 14:21:49,036:INFO:Initializing create_model()
2025-03-08 14:21:49,036:INFO:create_model(self=<pycaret.classification.oop.ClassificationExperiment object at 0x000001EAF19B7A10>, estimator=dt, fold=StratifiedKFold(n_splits=5, random_state=None, shuffle=False), round=4, cross_validation=True, predict=True, fit_kwargs={}, groups=None, refit=False, probability_threshold=None, experiment_custom_tags=None, verbose=False, system=False, add_to_model_list=True, metrics=None, display=<pycaret.internal.display.display.CommonDisplay object at 0x000001EAF2245A50>, model_only=True, return_train_score=False, error_score=0.0, kwargs={})
2025-03-08 14:21:49,036:INFO:Checking exceptions
2025-03-08 14:21:49,036:INFO:Importing libraries
2025-03-08 14:21:49,036:INFO:Copying training dataset
2025-03-08 14:21:49,062:INFO:Defining folds
2025-03-08 14:21:49,062:INFO:Declaring metric variables
2025-03-08 14:21:49,065:INFO:Importing untrained model
2025-03-08 14:21:49,067:INFO:Decision Tree Classifier Imported successfully
2025-03-08 14:21:49,072:INFO:Starting cross validation
2025-03-08 14:21:49,074:INFO:Cross validating with StratifiedKFold(n_splits=5, random_state=None, shuffle=False), n_jobs=-1
2025-03-08 14:21:50,318:INFO:Calculating mean and std
2025-03-08 14:21:50,319:INFO:Creating metrics dataframe
2025-03-08 14:21:50,321:INFO:Uploading results into container
2025-03-08 14:21:50,321:INFO:Uploading model into container now
2025-03-08 14:21:50,321:INFO:_master_model_container: 4
2025-03-08 14:21:50,322:INFO:_display_container: 2
2025-03-08 14:21:50,322:INFO:DecisionTreeClassifier(ccp_alpha=0.0, class_weight=None, criterion='gini',
                       max_depth=None, max_features=None, max_leaf_nodes=None,
                       min_impurity_decrease=0.0, min_samples_leaf=1,
                       min_samples_split=2, min_weight_fraction_leaf=0.0,
                       monotonic_cst=None, random_state=412, splitter='best')
2025-03-08 14:21:50,322:INFO:create_model() successfully completed......................................
2025-03-08 14:21:50,398:INFO:SubProcess create_model() end ==================================
2025-03-08 14:21:50,399:INFO:Creating metrics dataframe
2025-03-08 14:21:50,404:INFO:Initializing SVM - Linear Kernel
2025-03-08 14:21:50,404:INFO:Total runtime is 0.4772579431533814 minutes
2025-03-08 14:21:50,407:INFO:SubProcess create_model() called ==================================
2025-03-08 14:21:50,407:INFO:Initializing create_model()
2025-03-08 14:21:50,407:INFO:create_model(self=<pycaret.classification.oop.ClassificationExperiment object at 0x000001EAF19B7A10>, estimator=svm, fold=StratifiedKFold(n_splits=5, random_state=None, shuffle=False), round=4, cross_validation=True, predict=True, fit_kwargs={}, groups=None, refit=False, probability_threshold=None, experiment_custom_tags=None, verbose=False, system=False, add_to_model_list=True, metrics=None, display=<pycaret.internal.display.display.CommonDisplay object at 0x000001EAF2245A50>, model_only=True, return_train_score=False, error_score=0.0, kwargs={})
2025-03-08 14:21:50,407:INFO:Checking exceptions
2025-03-08 14:21:50,407:INFO:Importing libraries
2025-03-08 14:21:50,407:INFO:Copying training dataset
2025-03-08 14:21:50,433:INFO:Defining folds
2025-03-08 14:21:50,433:INFO:Declaring metric variables
2025-03-08 14:21:50,436:INFO:Importing untrained model
2025-03-08 14:21:50,438:INFO:SVM - Linear Kernel Imported successfully
2025-03-08 14:21:50,442:INFO:Starting cross validation
2025-03-08 14:21:50,444:INFO:Cross validating with StratifiedKFold(n_splits=5, random_state=None, shuffle=False), n_jobs=-1
2025-03-08 14:21:51,280:WARNING:D:\Anaconda\envs\python_311_env\Lib\site-packages\sklearn\metrics\_classification.py:1509: UndefinedMetricWarning: Precision is ill-defined and being set to 0.0 due to no predicted samples. Use `zero_division` parameter to control this behavior.
  _warn_prf(average, modifier, f"{metric.capitalize()} is", len(result))

2025-03-08 14:21:51,281:WARNING:D:\Anaconda\envs\python_311_env\Lib\site-packages\sklearn\metrics\_classification.py:1509: UndefinedMetricWarning: Precision is ill-defined and being set to 0.0 due to no predicted samples. Use `zero_division` parameter to control this behavior.
  _warn_prf(average, modifier, f"{metric.capitalize()} is", len(result))

2025-03-08 14:21:51,374:WARNING:D:\Anaconda\envs\python_311_env\Lib\site-packages\sklearn\metrics\_classification.py:1509: UndefinedMetricWarning: Precision is ill-defined and being set to 0.0 due to no predicted samples. Use `zero_division` parameter to control this behavior.
  _warn_prf(average, modifier, f"{metric.capitalize()} is", len(result))

2025-03-08 14:21:51,492:WARNING:D:\Anaconda\envs\python_311_env\Lib\site-packages\sklearn\metrics\_classification.py:1509: UndefinedMetricWarning: Precision is ill-defined and being set to 0.0 due to no predicted samples. Use `zero_division` parameter to control this behavior.
  _warn_prf(average, modifier, f"{metric.capitalize()} is", len(result))

2025-03-08 14:21:51,503:INFO:Calculating mean and std
2025-03-08 14:21:51,504:INFO:Creating metrics dataframe
2025-03-08 14:21:51,506:INFO:Uploading results into container
2025-03-08 14:21:51,506:INFO:Uploading model into container now
2025-03-08 14:21:51,507:INFO:_master_model_container: 5
2025-03-08 14:21:51,507:INFO:_display_container: 2
2025-03-08 14:21:51,507:INFO:SGDClassifier(alpha=0.0001, average=False, class_weight=None,
              early_stopping=False, epsilon=0.1, eta0=0.001, fit_intercept=True,
              l1_ratio=0.15, learning_rate='optimal', loss='hinge',
              max_iter=1000, n_iter_no_change=5, n_jobs=-1, penalty='l2',
              power_t=0.5, random_state=412, shuffle=True, tol=0.001,
              validation_fraction=0.1, verbose=0, warm_start=False)
2025-03-08 14:21:51,507:INFO:create_model() successfully completed......................................
2025-03-08 14:21:51,595:INFO:SubProcess create_model() end ==================================
2025-03-08 14:21:51,595:INFO:Creating metrics dataframe
2025-03-08 14:21:51,601:INFO:Initializing Ridge Classifier
2025-03-08 14:21:51,601:INFO:Total runtime is 0.4971957882245382 minutes
2025-03-08 14:21:51,604:INFO:SubProcess create_model() called ==================================
2025-03-08 14:21:51,604:INFO:Initializing create_model()
2025-03-08 14:21:51,604:INFO:create_model(self=<pycaret.classification.oop.ClassificationExperiment object at 0x000001EAF19B7A10>, estimator=ridge, fold=StratifiedKFold(n_splits=5, random_state=None, shuffle=False), round=4, cross_validation=True, predict=True, fit_kwargs={}, groups=None, refit=False, probability_threshold=None, experiment_custom_tags=None, verbose=False, system=False, add_to_model_list=True, metrics=None, display=<pycaret.internal.display.display.CommonDisplay object at 0x000001EAF2245A50>, model_only=True, return_train_score=False, error_score=0.0, kwargs={})
2025-03-08 14:21:51,604:INFO:Checking exceptions
2025-03-08 14:21:51,604:INFO:Importing libraries
2025-03-08 14:21:51,605:INFO:Copying training dataset
2025-03-08 14:21:51,632:INFO:Defining folds
2025-03-08 14:21:51,632:INFO:Declaring metric variables
2025-03-08 14:21:51,635:INFO:Importing untrained model
2025-03-08 14:21:51,638:INFO:Ridge Classifier Imported successfully
2025-03-08 14:21:51,643:INFO:Starting cross validation
2025-03-08 14:21:51,644:INFO:Cross validating with StratifiedKFold(n_splits=5, random_state=None, shuffle=False), n_jobs=-1
2025-03-08 14:21:52,339:WARNING:D:\Anaconda\envs\python_311_env\Lib\site-packages\sklearn\metrics\_classification.py:1509: UndefinedMetricWarning: Precision is ill-defined and being set to 0.0 due to no predicted samples. Use `zero_division` parameter to control this behavior.
  _warn_prf(average, modifier, f"{metric.capitalize()} is", len(result))

2025-03-08 14:21:52,358:WARNING:D:\Anaconda\envs\python_311_env\Lib\site-packages\sklearn\metrics\_classification.py:1509: UndefinedMetricWarning: Precision is ill-defined and being set to 0.0 due to no predicted samples. Use `zero_division` parameter to control this behavior.
  _warn_prf(average, modifier, f"{metric.capitalize()} is", len(result))

2025-03-08 14:21:52,366:WARNING:D:\Anaconda\envs\python_311_env\Lib\site-packages\sklearn\metrics\_classification.py:1509: UndefinedMetricWarning: Precision is ill-defined and being set to 0.0 due to no predicted samples. Use `zero_division` parameter to control this behavior.
  _warn_prf(average, modifier, f"{metric.capitalize()} is", len(result))

2025-03-08 14:21:52,366:WARNING:D:\Anaconda\envs\python_311_env\Lib\site-packages\sklearn\metrics\_classification.py:1509: UndefinedMetricWarning: Precision is ill-defined and being set to 0.0 due to no predicted samples. Use `zero_division` parameter to control this behavior.
  _warn_prf(average, modifier, f"{metric.capitalize()} is", len(result))

2025-03-08 14:21:52,370:WARNING:D:\Anaconda\envs\python_311_env\Lib\site-packages\sklearn\metrics\_classification.py:1509: UndefinedMetricWarning: Precision is ill-defined and being set to 0.0 due to no predicted samples. Use `zero_division` parameter to control this behavior.
  _warn_prf(average, modifier, f"{metric.capitalize()} is", len(result))

2025-03-08 14:21:52,387:INFO:Calculating mean and std
2025-03-08 14:21:52,388:INFO:Creating metrics dataframe
2025-03-08 14:21:52,389:INFO:Uploading results into container
2025-03-08 14:21:52,390:INFO:Uploading model into container now
2025-03-08 14:21:52,390:INFO:_master_model_container: 6
2025-03-08 14:21:52,390:INFO:_display_container: 2
2025-03-08 14:21:52,390:INFO:RidgeClassifier(alpha=1.0, class_weight=None, copy_X=True, fit_intercept=True,
                max_iter=None, positive=False, random_state=412, solver='auto',
                tol=0.0001)
2025-03-08 14:21:52,391:INFO:create_model() successfully completed......................................
2025-03-08 14:21:52,468:INFO:SubProcess create_model() end ==================================
2025-03-08 14:21:52,468:INFO:Creating metrics dataframe
2025-03-08 14:21:52,475:INFO:Initializing Random Forest Classifier
2025-03-08 14:21:52,475:INFO:Total runtime is 0.5117657502492269 minutes
2025-03-08 14:21:52,477:INFO:SubProcess create_model() called ==================================
2025-03-08 14:21:52,477:INFO:Initializing create_model()
2025-03-08 14:21:52,477:INFO:create_model(self=<pycaret.classification.oop.ClassificationExperiment object at 0x000001EAF19B7A10>, estimator=rf, fold=StratifiedKFold(n_splits=5, random_state=None, shuffle=False), round=4, cross_validation=True, predict=True, fit_kwargs={}, groups=None, refit=False, probability_threshold=None, experiment_custom_tags=None, verbose=False, system=False, add_to_model_list=True, metrics=None, display=<pycaret.internal.display.display.CommonDisplay object at 0x000001EAF2245A50>, model_only=True, return_train_score=False, error_score=0.0, kwargs={})
2025-03-08 14:21:52,477:INFO:Checking exceptions
2025-03-08 14:21:52,477:INFO:Importing libraries
2025-03-08 14:21:52,477:INFO:Copying training dataset
2025-03-08 14:21:52,506:INFO:Defining folds
2025-03-08 14:21:52,506:INFO:Declaring metric variables
2025-03-08 14:21:52,508:INFO:Importing untrained model
2025-03-08 14:21:52,511:INFO:Random Forest Classifier Imported successfully
2025-03-08 14:21:52,515:INFO:Starting cross validation
2025-03-08 14:21:52,517:INFO:Cross validating with StratifiedKFold(n_splits=5, random_state=None, shuffle=False), n_jobs=-1
2025-03-08 14:21:57,900:INFO:Calculating mean and std
2025-03-08 14:21:57,901:INFO:Creating metrics dataframe
2025-03-08 14:21:57,903:INFO:Uploading results into container
2025-03-08 14:21:57,903:INFO:Uploading model into container now
2025-03-08 14:21:57,905:INFO:_master_model_container: 7
2025-03-08 14:21:57,905:INFO:_display_container: 2
2025-03-08 14:21:57,905:INFO:RandomForestClassifier(bootstrap=True, ccp_alpha=0.0, class_weight=None,
                       criterion='gini', max_depth=None, max_features='sqrt',
                       max_leaf_nodes=None, max_samples=None,
                       min_impurity_decrease=0.0, min_samples_leaf=1,
                       min_samples_split=2, min_weight_fraction_leaf=0.0,
                       monotonic_cst=None, n_estimators=100, n_jobs=-1,
                       oob_score=False, random_state=412, verbose=0,
                       warm_start=False)
2025-03-08 14:21:57,905:INFO:create_model() successfully completed......................................
2025-03-08 14:21:57,997:INFO:SubProcess create_model() end ==================================
2025-03-08 14:21:57,998:INFO:Creating metrics dataframe
2025-03-08 14:21:58,004:INFO:Initializing Quadratic Discriminant Analysis
2025-03-08 14:21:58,005:INFO:Total runtime is 0.6039292017618815 minutes
2025-03-08 14:21:58,007:INFO:SubProcess create_model() called ==================================
2025-03-08 14:21:58,008:INFO:Initializing create_model()
2025-03-08 14:21:58,008:INFO:create_model(self=<pycaret.classification.oop.ClassificationExperiment object at 0x000001EAF19B7A10>, estimator=qda, fold=StratifiedKFold(n_splits=5, random_state=None, shuffle=False), round=4, cross_validation=True, predict=True, fit_kwargs={}, groups=None, refit=False, probability_threshold=None, experiment_custom_tags=None, verbose=False, system=False, add_to_model_list=True, metrics=None, display=<pycaret.internal.display.display.CommonDisplay object at 0x000001EAF2245A50>, model_only=True, return_train_score=False, error_score=0.0, kwargs={})
2025-03-08 14:21:58,008:INFO:Checking exceptions
2025-03-08 14:21:58,008:INFO:Importing libraries
2025-03-08 14:21:58,008:INFO:Copying training dataset
2025-03-08 14:21:58,060:INFO:Defining folds
2025-03-08 14:21:58,060:INFO:Declaring metric variables
2025-03-08 14:21:58,063:INFO:Importing untrained model
2025-03-08 14:21:58,065:INFO:Quadratic Discriminant Analysis Imported successfully
2025-03-08 14:21:58,070:INFO:Starting cross validation
2025-03-08 14:21:58,072:INFO:Cross validating with StratifiedKFold(n_splits=5, random_state=None, shuffle=False), n_jobs=-1
2025-03-08 14:21:58,910:WARNING:D:\Anaconda\envs\python_311_env\Lib\site-packages\sklearn\discriminant_analysis.py:935: UserWarning: Variables are collinear
  warnings.warn("Variables are collinear")

2025-03-08 14:21:58,916:WARNING:D:\Anaconda\envs\python_311_env\Lib\site-packages\sklearn\discriminant_analysis.py:935: UserWarning: Variables are collinear
  warnings.warn("Variables are collinear")

2025-03-08 14:21:58,955:WARNING:D:\Anaconda\envs\python_311_env\Lib\site-packages\sklearn\discriminant_analysis.py:935: UserWarning: Variables are collinear
  warnings.warn("Variables are collinear")

2025-03-08 14:21:58,963:WARNING:D:\Anaconda\envs\python_311_env\Lib\site-packages\sklearn\discriminant_analysis.py:935: UserWarning: Variables are collinear
  warnings.warn("Variables are collinear")

2025-03-08 14:21:58,978:WARNING:D:\Anaconda\envs\python_311_env\Lib\site-packages\sklearn\discriminant_analysis.py:935: UserWarning: Variables are collinear
  warnings.warn("Variables are collinear")

2025-03-08 14:21:59,154:INFO:Calculating mean and std
2025-03-08 14:21:59,155:INFO:Creating metrics dataframe
2025-03-08 14:21:59,157:INFO:Uploading results into container
2025-03-08 14:21:59,157:INFO:Uploading model into container now
2025-03-08 14:21:59,158:INFO:_master_model_container: 8
2025-03-08 14:21:59,158:INFO:_display_container: 2
2025-03-08 14:21:59,158:INFO:QuadraticDiscriminantAnalysis(priors=None, reg_param=0.0,
                              store_covariance=False, tol=0.0001)
2025-03-08 14:21:59,158:INFO:create_model() successfully completed......................................
2025-03-08 14:21:59,244:INFO:SubProcess create_model() end ==================================
2025-03-08 14:21:59,244:INFO:Creating metrics dataframe
2025-03-08 14:21:59,250:INFO:Initializing Ada Boost Classifier
2025-03-08 14:21:59,251:INFO:Total runtime is 0.6247005581855773 minutes
2025-03-08 14:21:59,253:INFO:SubProcess create_model() called ==================================
2025-03-08 14:21:59,253:INFO:Initializing create_model()
2025-03-08 14:21:59,253:INFO:create_model(self=<pycaret.classification.oop.ClassificationExperiment object at 0x000001EAF19B7A10>, estimator=ada, fold=StratifiedKFold(n_splits=5, random_state=None, shuffle=False), round=4, cross_validation=True, predict=True, fit_kwargs={}, groups=None, refit=False, probability_threshold=None, experiment_custom_tags=None, verbose=False, system=False, add_to_model_list=True, metrics=None, display=<pycaret.internal.display.display.CommonDisplay object at 0x000001EAF2245A50>, model_only=True, return_train_score=False, error_score=0.0, kwargs={})
2025-03-08 14:21:59,253:INFO:Checking exceptions
2025-03-08 14:21:59,253:INFO:Importing libraries
2025-03-08 14:21:59,253:INFO:Copying training dataset
2025-03-08 14:21:59,280:INFO:Defining folds
2025-03-08 14:21:59,280:INFO:Declaring metric variables
2025-03-08 14:21:59,283:INFO:Importing untrained model
2025-03-08 14:21:59,285:INFO:Ada Boost Classifier Imported successfully
2025-03-08 14:21:59,289:INFO:Starting cross validation
2025-03-08 14:21:59,291:INFO:Cross validating with StratifiedKFold(n_splits=5, random_state=None, shuffle=False), n_jobs=-1
2025-03-08 14:21:59,835:WARNING:D:\Anaconda\envs\python_311_env\Lib\site-packages\sklearn\ensemble\_weight_boosting.py:519: FutureWarning: The SAMME.R algorithm (the default) is deprecated and will be removed in 1.6. Use the SAMME algorithm to circumvent this warning.
  warnings.warn(

2025-03-08 14:21:59,869:WARNING:D:\Anaconda\envs\python_311_env\Lib\site-packages\sklearn\ensemble\_weight_boosting.py:519: FutureWarning: The SAMME.R algorithm (the default) is deprecated and will be removed in 1.6. Use the SAMME algorithm to circumvent this warning.
  warnings.warn(

2025-03-08 14:21:59,870:WARNING:D:\Anaconda\envs\python_311_env\Lib\site-packages\sklearn\ensemble\_weight_boosting.py:519: FutureWarning: The SAMME.R algorithm (the default) is deprecated and will be removed in 1.6. Use the SAMME algorithm to circumvent this warning.
  warnings.warn(

2025-03-08 14:21:59,896:WARNING:D:\Anaconda\envs\python_311_env\Lib\site-packages\sklearn\ensemble\_weight_boosting.py:519: FutureWarning: The SAMME.R algorithm (the default) is deprecated and will be removed in 1.6. Use the SAMME algorithm to circumvent this warning.
  warnings.warn(

2025-03-08 14:21:59,914:WARNING:D:\Anaconda\envs\python_311_env\Lib\site-packages\sklearn\ensemble\_weight_boosting.py:519: FutureWarning: The SAMME.R algorithm (the default) is deprecated and will be removed in 1.6. Use the SAMME algorithm to circumvent this warning.
  warnings.warn(

2025-03-08 14:22:03,038:WARNING:D:\Anaconda\envs\python_311_env\Lib\site-packages\sklearn\metrics\_classification.py:1509: UndefinedMetricWarning: Precision is ill-defined and being set to 0.0 due to no predicted samples. Use `zero_division` parameter to control this behavior.
  _warn_prf(average, modifier, f"{metric.capitalize()} is", len(result))

2025-03-08 14:22:03,050:WARNING:D:\Anaconda\envs\python_311_env\Lib\site-packages\sklearn\metrics\_classification.py:1509: UndefinedMetricWarning: Precision is ill-defined and being set to 0.0 due to no predicted samples. Use `zero_division` parameter to control this behavior.
  _warn_prf(average, modifier, f"{metric.capitalize()} is", len(result))

2025-03-08 14:22:03,120:INFO:Calculating mean and std
2025-03-08 14:22:03,121:INFO:Creating metrics dataframe
2025-03-08 14:22:03,122:INFO:Uploading results into container
2025-03-08 14:22:03,122:INFO:Uploading model into container now
2025-03-08 14:22:03,123:INFO:_master_model_container: 9
2025-03-08 14:22:03,123:INFO:_display_container: 2
2025-03-08 14:22:03,123:INFO:AdaBoostClassifier(algorithm='SAMME.R', estimator=None, learning_rate=1.0,
                   n_estimators=50, random_state=412)
2025-03-08 14:22:03,123:INFO:create_model() successfully completed......................................
2025-03-08 14:22:03,200:INFO:SubProcess create_model() end ==================================
2025-03-08 14:22:03,200:INFO:Creating metrics dataframe
2025-03-08 14:22:03,207:INFO:Initializing Gradient Boosting Classifier
2025-03-08 14:22:03,207:INFO:Total runtime is 0.6906321366628011 minutes
2025-03-08 14:22:03,211:INFO:SubProcess create_model() called ==================================
2025-03-08 14:22:03,211:INFO:Initializing create_model()
2025-03-08 14:22:03,211:INFO:create_model(self=<pycaret.classification.oop.ClassificationExperiment object at 0x000001EAF19B7A10>, estimator=gbc, fold=StratifiedKFold(n_splits=5, random_state=None, shuffle=False), round=4, cross_validation=True, predict=True, fit_kwargs={}, groups=None, refit=False, probability_threshold=None, experiment_custom_tags=None, verbose=False, system=False, add_to_model_list=True, metrics=None, display=<pycaret.internal.display.display.CommonDisplay object at 0x000001EAF2245A50>, model_only=True, return_train_score=False, error_score=0.0, kwargs={})
2025-03-08 14:22:03,211:INFO:Checking exceptions
2025-03-08 14:22:03,211:INFO:Importing libraries
2025-03-08 14:22:03,211:INFO:Copying training dataset
2025-03-08 14:22:03,237:INFO:Defining folds
2025-03-08 14:22:03,237:INFO:Declaring metric variables
2025-03-08 14:22:03,240:INFO:Importing untrained model
2025-03-08 14:22:03,242:INFO:Gradient Boosting Classifier Imported successfully
2025-03-08 14:22:03,246:INFO:Starting cross validation
2025-03-08 14:22:03,248:INFO:Cross validating with StratifiedKFold(n_splits=5, random_state=None, shuffle=False), n_jobs=-1
2025-03-08 14:22:11,766:INFO:Calculating mean and std
2025-03-08 14:22:11,767:INFO:Creating metrics dataframe
2025-03-08 14:22:11,768:INFO:Uploading results into container
2025-03-08 14:22:11,769:INFO:Uploading model into container now
2025-03-08 14:22:11,769:INFO:_master_model_container: 10
2025-03-08 14:22:11,769:INFO:_display_container: 2
2025-03-08 14:22:11,770:INFO:GradientBoostingClassifier(ccp_alpha=0.0, criterion='friedman_mse', init=None,
                           learning_rate=0.1, loss='log_loss', max_depth=3,
                           max_features=None, max_leaf_nodes=None,
                           min_impurity_decrease=0.0, min_samples_leaf=1,
                           min_samples_split=2, min_weight_fraction_leaf=0.0,
                           n_estimators=100, n_iter_no_change=None,
                           random_state=412, subsample=1.0, tol=0.0001,
                           validation_fraction=0.1, verbose=0,
                           warm_start=False)
2025-03-08 14:22:11,770:INFO:create_model() successfully completed......................................
2025-03-08 14:22:11,848:INFO:SubProcess create_model() end ==================================
2025-03-08 14:22:11,848:INFO:Creating metrics dataframe
2025-03-08 14:22:11,855:INFO:Initializing Linear Discriminant Analysis
2025-03-08 14:22:11,855:INFO:Total runtime is 0.8347652196884155 minutes
2025-03-08 14:22:11,857:INFO:SubProcess create_model() called ==================================
2025-03-08 14:22:11,857:INFO:Initializing create_model()
2025-03-08 14:22:11,857:INFO:create_model(self=<pycaret.classification.oop.ClassificationExperiment object at 0x000001EAF19B7A10>, estimator=lda, fold=StratifiedKFold(n_splits=5, random_state=None, shuffle=False), round=4, cross_validation=True, predict=True, fit_kwargs={}, groups=None, refit=False, probability_threshold=None, experiment_custom_tags=None, verbose=False, system=False, add_to_model_list=True, metrics=None, display=<pycaret.internal.display.display.CommonDisplay object at 0x000001EAF2245A50>, model_only=True, return_train_score=False, error_score=0.0, kwargs={})
2025-03-08 14:22:11,858:INFO:Checking exceptions
2025-03-08 14:22:11,858:INFO:Importing libraries
2025-03-08 14:22:11,858:INFO:Copying training dataset
2025-03-08 14:22:11,886:INFO:Defining folds
2025-03-08 14:22:11,886:INFO:Declaring metric variables
2025-03-08 14:22:11,888:INFO:Importing untrained model
2025-03-08 14:22:11,891:INFO:Linear Discriminant Analysis Imported successfully
2025-03-08 14:22:11,895:INFO:Starting cross validation
2025-03-08 14:22:11,896:INFO:Cross validating with StratifiedKFold(n_splits=5, random_state=None, shuffle=False), n_jobs=-1
2025-03-08 14:22:12,877:WARNING:D:\Anaconda\envs\python_311_env\Lib\site-packages\sklearn\metrics\_classification.py:1509: UndefinedMetricWarning: Precision is ill-defined and being set to 0.0 due to no predicted samples. Use `zero_division` parameter to control this behavior.
  _warn_prf(average, modifier, f"{metric.capitalize()} is", len(result))

2025-03-08 14:22:12,888:WARNING:D:\Anaconda\envs\python_311_env\Lib\site-packages\sklearn\metrics\_classification.py:1509: UndefinedMetricWarning: Precision is ill-defined and being set to 0.0 due to no predicted samples. Use `zero_division` parameter to control this behavior.
  _warn_prf(average, modifier, f"{metric.capitalize()} is", len(result))

2025-03-08 14:22:12,900:WARNING:D:\Anaconda\envs\python_311_env\Lib\site-packages\sklearn\metrics\_classification.py:1509: UndefinedMetricWarning: Precision is ill-defined and being set to 0.0 due to no predicted samples. Use `zero_division` parameter to control this behavior.
  _warn_prf(average, modifier, f"{metric.capitalize()} is", len(result))

2025-03-08 14:22:12,911:WARNING:D:\Anaconda\envs\python_311_env\Lib\site-packages\sklearn\metrics\_classification.py:1509: UndefinedMetricWarning: Precision is ill-defined and being set to 0.0 due to no predicted samples. Use `zero_division` parameter to control this behavior.
  _warn_prf(average, modifier, f"{metric.capitalize()} is", len(result))

2025-03-08 14:22:12,912:WARNING:D:\Anaconda\envs\python_311_env\Lib\site-packages\sklearn\metrics\_classification.py:1509: UndefinedMetricWarning: Precision is ill-defined and being set to 0.0 due to no predicted samples. Use `zero_division` parameter to control this behavior.
  _warn_prf(average, modifier, f"{metric.capitalize()} is", len(result))

2025-03-08 14:22:12,929:INFO:Calculating mean and std
2025-03-08 14:22:12,930:INFO:Creating metrics dataframe
2025-03-08 14:22:12,931:INFO:Uploading results into container
2025-03-08 14:22:12,932:INFO:Uploading model into container now
2025-03-08 14:22:12,932:INFO:_master_model_container: 11
2025-03-08 14:22:12,932:INFO:_display_container: 2
2025-03-08 14:22:12,933:INFO:LinearDiscriminantAnalysis(covariance_estimator=None, n_components=None,
                           priors=None, shrinkage=None, solver='svd',
                           store_covariance=False, tol=0.0001)
2025-03-08 14:22:12,933:INFO:create_model() successfully completed......................................
2025-03-08 14:22:13,016:INFO:SubProcess create_model() end ==================================
2025-03-08 14:22:13,016:INFO:Creating metrics dataframe
2025-03-08 14:22:13,024:INFO:Initializing Extra Trees Classifier
2025-03-08 14:22:13,024:INFO:Total runtime is 0.8542529582977295 minutes
2025-03-08 14:22:13,026:INFO:SubProcess create_model() called ==================================
2025-03-08 14:22:13,026:INFO:Initializing create_model()
2025-03-08 14:22:13,026:INFO:create_model(self=<pycaret.classification.oop.ClassificationExperiment object at 0x000001EAF19B7A10>, estimator=et, fold=StratifiedKFold(n_splits=5, random_state=None, shuffle=False), round=4, cross_validation=True, predict=True, fit_kwargs={}, groups=None, refit=False, probability_threshold=None, experiment_custom_tags=None, verbose=False, system=False, add_to_model_list=True, metrics=None, display=<pycaret.internal.display.display.CommonDisplay object at 0x000001EAF2245A50>, model_only=True, return_train_score=False, error_score=0.0, kwargs={})
2025-03-08 14:22:13,026:INFO:Checking exceptions
2025-03-08 14:22:13,026:INFO:Importing libraries
2025-03-08 14:22:13,026:INFO:Copying training dataset
2025-03-08 14:22:13,053:INFO:Defining folds
2025-03-08 14:22:13,053:INFO:Declaring metric variables
2025-03-08 14:22:13,056:INFO:Importing untrained model
2025-03-08 14:22:13,058:INFO:Extra Trees Classifier Imported successfully
2025-03-08 14:22:13,062:INFO:Starting cross validation
2025-03-08 14:22:13,064:INFO:Cross validating with StratifiedKFold(n_splits=5, random_state=None, shuffle=False), n_jobs=-1
2025-03-08 14:22:18,679:INFO:Calculating mean and std
2025-03-08 14:22:18,680:INFO:Creating metrics dataframe
2025-03-08 14:22:18,682:INFO:Uploading results into container
2025-03-08 14:22:18,683:INFO:Uploading model into container now
2025-03-08 14:22:18,683:INFO:_master_model_container: 12
2025-03-08 14:22:18,683:INFO:_display_container: 2
2025-03-08 14:22:18,684:INFO:ExtraTreesClassifier(bootstrap=False, ccp_alpha=0.0, class_weight=None,
                     criterion='gini', max_depth=None, max_features='sqrt',
                     max_leaf_nodes=None, max_samples=None,
                     min_impurity_decrease=0.0, min_samples_leaf=1,
                     min_samples_split=2, min_weight_fraction_leaf=0.0,
                     monotonic_cst=None, n_estimators=100, n_jobs=-1,
                     oob_score=False, random_state=412, verbose=0,
                     warm_start=False)
2025-03-08 14:22:18,684:INFO:create_model() successfully completed......................................
2025-03-08 14:22:18,775:INFO:SubProcess create_model() end ==================================
2025-03-08 14:22:18,775:INFO:Creating metrics dataframe
2025-03-08 14:22:18,783:INFO:Initializing Light Gradient Boosting Machine
2025-03-08 14:22:18,783:INFO:Total runtime is 0.9502349336942038 minutes
2025-03-08 14:22:18,786:INFO:SubProcess create_model() called ==================================
2025-03-08 14:22:18,786:INFO:Initializing create_model()
2025-03-08 14:22:18,786:INFO:create_model(self=<pycaret.classification.oop.ClassificationExperiment object at 0x000001EAF19B7A10>, estimator=lightgbm, fold=StratifiedKFold(n_splits=5, random_state=None, shuffle=False), round=4, cross_validation=True, predict=True, fit_kwargs={}, groups=None, refit=False, probability_threshold=None, experiment_custom_tags=None, verbose=False, system=False, add_to_model_list=True, metrics=None, display=<pycaret.internal.display.display.CommonDisplay object at 0x000001EAF2245A50>, model_only=True, return_train_score=False, error_score=0.0, kwargs={})
2025-03-08 14:22:18,786:INFO:Checking exceptions
2025-03-08 14:22:18,786:INFO:Importing libraries
2025-03-08 14:22:18,786:INFO:Copying training dataset
2025-03-08 14:22:18,814:INFO:Defining folds
2025-03-08 14:22:18,814:INFO:Declaring metric variables
2025-03-08 14:22:18,817:INFO:Importing untrained model
2025-03-08 14:22:18,819:INFO:Light Gradient Boosting Machine Imported successfully
2025-03-08 14:22:18,824:INFO:Starting cross validation
2025-03-08 14:22:18,826:INFO:Cross validating with StratifiedKFold(n_splits=5, random_state=None, shuffle=False), n_jobs=-1
2025-03-08 14:22:20,192:INFO:Calculating mean and std
2025-03-08 14:22:20,193:INFO:Creating metrics dataframe
2025-03-08 14:22:20,195:INFO:Uploading results into container
2025-03-08 14:22:20,196:INFO:Uploading model into container now
2025-03-08 14:22:20,196:INFO:_master_model_container: 13
2025-03-08 14:22:20,196:INFO:_display_container: 2
2025-03-08 14:22:20,197:INFO:LGBMClassifier(boosting_type='gbdt', class_weight=None, colsample_bytree=1.0,
               importance_type='split', learning_rate=0.1, max_depth=-1,
               min_child_samples=20, min_child_weight=0.001, min_split_gain=0.0,
               n_estimators=100, n_jobs=-1, num_leaves=31, objective=None,
               random_state=412, reg_alpha=0.0, reg_lambda=0.0, subsample=1.0,
               subsample_for_bin=200000, subsample_freq=0)
2025-03-08 14:22:20,197:INFO:create_model() successfully completed......................................
2025-03-08 14:22:20,293:INFO:SubProcess create_model() end ==================================
2025-03-08 14:22:20,294:INFO:Creating metrics dataframe
2025-03-08 14:22:20,301:INFO:Initializing Dummy Classifier
2025-03-08 14:22:20,301:INFO:Total runtime is 0.9755408088366191 minutes
2025-03-08 14:22:20,304:INFO:SubProcess create_model() called ==================================
2025-03-08 14:22:20,304:INFO:Initializing create_model()
2025-03-08 14:22:20,304:INFO:create_model(self=<pycaret.classification.oop.ClassificationExperiment object at 0x000001EAF19B7A10>, estimator=dummy, fold=StratifiedKFold(n_splits=5, random_state=None, shuffle=False), round=4, cross_validation=True, predict=True, fit_kwargs={}, groups=None, refit=False, probability_threshold=None, experiment_custom_tags=None, verbose=False, system=False, add_to_model_list=True, metrics=None, display=<pycaret.internal.display.display.CommonDisplay object at 0x000001EAF2245A50>, model_only=True, return_train_score=False, error_score=0.0, kwargs={})
2025-03-08 14:22:20,304:INFO:Checking exceptions
2025-03-08 14:22:20,305:INFO:Importing libraries
2025-03-08 14:22:20,305:INFO:Copying training dataset
2025-03-08 14:22:20,333:INFO:Defining folds
2025-03-08 14:22:20,333:INFO:Declaring metric variables
2025-03-08 14:22:20,336:INFO:Importing untrained model
2025-03-08 14:22:20,338:INFO:Dummy Classifier Imported successfully
2025-03-08 14:22:20,343:INFO:Starting cross validation
2025-03-08 14:22:20,344:INFO:Cross validating with StratifiedKFold(n_splits=5, random_state=None, shuffle=False), n_jobs=-1
2025-03-08 14:22:20,944:WARNING:D:\Anaconda\envs\python_311_env\Lib\site-packages\sklearn\metrics\_classification.py:1509: UndefinedMetricWarning: Precision is ill-defined and being set to 0.0 due to no predicted samples. Use `zero_division` parameter to control this behavior.
  _warn_prf(average, modifier, f"{metric.capitalize()} is", len(result))

2025-03-08 14:22:21,002:WARNING:D:\Anaconda\envs\python_311_env\Lib\site-packages\sklearn\metrics\_classification.py:1509: UndefinedMetricWarning: Precision is ill-defined and being set to 0.0 due to no predicted samples. Use `zero_division` parameter to control this behavior.
  _warn_prf(average, modifier, f"{metric.capitalize()} is", len(result))

2025-03-08 14:22:21,002:WARNING:D:\Anaconda\envs\python_311_env\Lib\site-packages\sklearn\metrics\_classification.py:1509: UndefinedMetricWarning: Precision is ill-defined and being set to 0.0 due to no predicted samples. Use `zero_division` parameter to control this behavior.
  _warn_prf(average, modifier, f"{metric.capitalize()} is", len(result))

2025-03-08 14:22:21,012:WARNING:D:\Anaconda\envs\python_311_env\Lib\site-packages\sklearn\metrics\_classification.py:1509: UndefinedMetricWarning: Precision is ill-defined and being set to 0.0 due to no predicted samples. Use `zero_division` parameter to control this behavior.
  _warn_prf(average, modifier, f"{metric.capitalize()} is", len(result))

2025-03-08 14:22:21,017:WARNING:D:\Anaconda\envs\python_311_env\Lib\site-packages\sklearn\metrics\_classification.py:1509: UndefinedMetricWarning: Precision is ill-defined and being set to 0.0 due to no predicted samples. Use `zero_division` parameter to control this behavior.
  _warn_prf(average, modifier, f"{metric.capitalize()} is", len(result))

2025-03-08 14:22:21,030:INFO:Calculating mean and std
2025-03-08 14:22:21,031:INFO:Creating metrics dataframe
2025-03-08 14:22:21,032:INFO:Uploading results into container
2025-03-08 14:22:21,033:INFO:Uploading model into container now
2025-03-08 14:22:21,033:INFO:_master_model_container: 14
2025-03-08 14:22:21,033:INFO:_display_container: 2
2025-03-08 14:22:21,033:INFO:DummyClassifier(constant=None, random_state=412, strategy='prior')
2025-03-08 14:22:21,034:INFO:create_model() successfully completed......................................
2025-03-08 14:22:21,110:INFO:SubProcess create_model() end ==================================
2025-03-08 14:22:21,110:INFO:Creating metrics dataframe
2025-03-08 14:22:21,119:WARNING:D:\Anaconda\envs\python_311_env\Lib\site-packages\pycaret\internal\pycaret_experiment\supervised_experiment.py:339: FutureWarning: Styler.applymap has been deprecated. Use Styler.map instead.
  .applymap(highlight_cols, subset=["TT (Sec)"])

2025-03-08 14:22:21,126:INFO:Initializing create_model()
2025-03-08 14:22:21,126:INFO:create_model(self=<pycaret.classification.oop.ClassificationExperiment object at 0x000001EAF19B7A10>, estimator=LogisticRegression(C=1.0, class_weight=None, dual=False, fit_intercept=True,
                   intercept_scaling=1, l1_ratio=None, max_iter=1000,
                   multi_class='auto', n_jobs=None, penalty='l2',
                   random_state=412, solver='lbfgs', tol=0.0001, verbose=0,
                   warm_start=False), fold=StratifiedKFold(n_splits=5, random_state=None, shuffle=False), round=4, cross_validation=False, predict=False, fit_kwargs={}, groups=None, refit=True, probability_threshold=None, experiment_custom_tags=None, verbose=False, system=False, add_to_model_list=True, metrics=None, display=None, model_only=True, return_train_score=False, error_score=0.0, kwargs={})
2025-03-08 14:22:21,126:INFO:Checking exceptions
2025-03-08 14:22:21,127:INFO:Importing libraries
2025-03-08 14:22:21,127:INFO:Copying training dataset
2025-03-08 14:22:21,168:INFO:Defining folds
2025-03-08 14:22:21,168:INFO:Declaring metric variables
2025-03-08 14:22:21,168:INFO:Importing untrained model
2025-03-08 14:22:21,168:INFO:Declaring custom model
2025-03-08 14:22:21,169:INFO:Logistic Regression Imported successfully
2025-03-08 14:22:21,171:INFO:Cross validation set to False
2025-03-08 14:22:21,171:INFO:Fitting Model
2025-03-08 14:22:24,896:WARNING:D:\Anaconda\envs\python_311_env\Lib\site-packages\sklearn\linear_model\_logistic.py:469: ConvergenceWarning: lbfgs failed to converge (status=1):
STOP: TOTAL NO. of ITERATIONS REACHED LIMIT.

Increase the number of iterations (max_iter) or scale the data as shown in:
    https://scikit-learn.org/stable/modules/preprocessing.html
Please also refer to the documentation for alternative solver options:
    https://scikit-learn.org/stable/modules/linear_model.html#logistic-regression
  n_iter_i = _check_optimize_result(

2025-03-08 14:22:24,897:INFO:LogisticRegression(C=1.0, class_weight=None, dual=False, fit_intercept=True,
                   intercept_scaling=1, l1_ratio=None, max_iter=1000,
                   multi_class='auto', n_jobs=None, penalty='l2',
                   random_state=412, solver='lbfgs', tol=0.0001, verbose=0,
                   warm_start=False)
2025-03-08 14:22:24,898:INFO:create_model() successfully completed......................................
2025-03-08 14:22:24,991:INFO:_master_model_container: 14
2025-03-08 14:22:24,991:INFO:_display_container: 2
2025-03-08 14:22:24,992:INFO:LogisticRegression(C=1.0, class_weight=None, dual=False, fit_intercept=True,
                   intercept_scaling=1, l1_ratio=None, max_iter=1000,
                   multi_class='auto', n_jobs=None, penalty='l2',
                   random_state=412, solver='lbfgs', tol=0.0001, verbose=0,
                   warm_start=False)
2025-03-08 14:22:24,992:INFO:compare_models() successfully completed......................................
2025-03-08 14:22:25,001:INFO:Initializing tune_model()
2025-03-08 14:22:25,001:INFO:tune_model(self=<pycaret.classification.oop.ClassificationExperiment object at 0x000001EAF19B7A10>, estimator=LogisticRegression(C=1.0, class_weight=None, dual=False, fit_intercept=True,
                   intercept_scaling=1, l1_ratio=None, max_iter=1000,
                   multi_class='auto', n_jobs=None, penalty='l2',
                   random_state=412, solver='lbfgs', tol=0.0001, verbose=0,
                   warm_start=False), fold=5, round=4, n_iter=10, custom_grid=None, optimize=Accuracy, custom_scorer=None, search_library=scikit-learn, search_algorithm=None, early_stopping=False, early_stopping_max_iters=10, choose_better=True, fit_kwargs=None, groups=None, return_tuner=False, verbose=True, tuner_verbose=True, return_train_score=False, kwargs={})
2025-03-08 14:22:25,001:INFO:Checking exceptions
2025-03-08 14:22:25,022:INFO:Copying training dataset
2025-03-08 14:22:25,042:INFO:Checking base model
2025-03-08 14:22:25,042:INFO:Base model : Logistic Regression
2025-03-08 14:22:25,045:INFO:Declaring metric variables
2025-03-08 14:22:25,047:INFO:Defining Hyperparameters
2025-03-08 14:22:25,127:INFO:Tuning with n_jobs=-1
2025-03-08 14:22:25,128:INFO:Initializing RandomizedSearchCV
2025-03-08 14:22:47,750:WARNING:D:\Anaconda\envs\python_311_env\Lib\site-packages\sklearn\linear_model\_logistic.py:469: ConvergenceWarning: lbfgs failed to converge (status=1):
STOP: TOTAL NO. of ITERATIONS REACHED LIMIT.

Increase the number of iterations (max_iter) or scale the data as shown in:
    https://scikit-learn.org/stable/modules/preprocessing.html
Please also refer to the documentation for alternative solver options:
    https://scikit-learn.org/stable/modules/linear_model.html#logistic-regression
  n_iter_i = _check_optimize_result(

2025-03-08 14:22:47,887:WARNING:D:\Anaconda\envs\python_311_env\Lib\site-packages\sklearn\linear_model\_logistic.py:469: ConvergenceWarning: lbfgs failed to converge (status=1):
STOP: TOTAL NO. of ITERATIONS REACHED LIMIT.

Increase the number of iterations (max_iter) or scale the data as shown in:
    https://scikit-learn.org/stable/modules/preprocessing.html
Please also refer to the documentation for alternative solver options:
    https://scikit-learn.org/stable/modules/linear_model.html#logistic-regression
  n_iter_i = _check_optimize_result(

2025-03-08 14:22:47,946:WARNING:D:\Anaconda\envs\python_311_env\Lib\site-packages\sklearn\linear_model\_logistic.py:469: ConvergenceWarning: lbfgs failed to converge (status=1):
STOP: TOTAL NO. of ITERATIONS REACHED LIMIT.

Increase the number of iterations (max_iter) or scale the data as shown in:
    https://scikit-learn.org/stable/modules/preprocessing.html
Please also refer to the documentation for alternative solver options:
    https://scikit-learn.org/stable/modules/linear_model.html#logistic-regression
  n_iter_i = _check_optimize_result(

2025-03-08 14:22:48,073:WARNING:D:\Anaconda\envs\python_311_env\Lib\site-packages\sklearn\linear_model\_logistic.py:469: ConvergenceWarning: lbfgs failed to converge (status=1):
STOP: TOTAL NO. of ITERATIONS REACHED LIMIT.

Increase the number of iterations (max_iter) or scale the data as shown in:
    https://scikit-learn.org/stable/modules/preprocessing.html
Please also refer to the documentation for alternative solver options:
    https://scikit-learn.org/stable/modules/linear_model.html#logistic-regression
  n_iter_i = _check_optimize_result(

2025-03-08 14:22:48,079:WARNING:D:\Anaconda\envs\python_311_env\Lib\site-packages\sklearn\linear_model\_logistic.py:469: ConvergenceWarning: lbfgs failed to converge (status=1):
STOP: TOTAL NO. of ITERATIONS REACHED LIMIT.

Increase the number of iterations (max_iter) or scale the data as shown in:
    https://scikit-learn.org/stable/modules/preprocessing.html
Please also refer to the documentation for alternative solver options:
    https://scikit-learn.org/stable/modules/linear_model.html#logistic-regression
  n_iter_i = _check_optimize_result(

2025-03-08 14:22:48,152:WARNING:D:\Anaconda\envs\python_311_env\Lib\site-packages\sklearn\linear_model\_logistic.py:469: ConvergenceWarning: lbfgs failed to converge (status=1):
STOP: TOTAL NO. of ITERATIONS REACHED LIMIT.

Increase the number of iterations (max_iter) or scale the data as shown in:
    https://scikit-learn.org/stable/modules/preprocessing.html
Please also refer to the documentation for alternative solver options:
    https://scikit-learn.org/stable/modules/linear_model.html#logistic-regression
  n_iter_i = _check_optimize_result(

2025-03-08 14:22:48,215:WARNING:D:\Anaconda\envs\python_311_env\Lib\site-packages\sklearn\linear_model\_logistic.py:469: ConvergenceWarning: lbfgs failed to converge (status=1):
STOP: TOTAL NO. of ITERATIONS REACHED LIMIT.

Increase the number of iterations (max_iter) or scale the data as shown in:
    https://scikit-learn.org/stable/modules/preprocessing.html
Please also refer to the documentation for alternative solver options:
    https://scikit-learn.org/stable/modules/linear_model.html#logistic-regression
  n_iter_i = _check_optimize_result(

2025-03-08 14:22:48,377:WARNING:D:\Anaconda\envs\python_311_env\Lib\site-packages\sklearn\linear_model\_logistic.py:469: ConvergenceWarning: lbfgs failed to converge (status=1):
STOP: TOTAL NO. of ITERATIONS REACHED LIMIT.

Increase the number of iterations (max_iter) or scale the data as shown in:
    https://scikit-learn.org/stable/modules/preprocessing.html
Please also refer to the documentation for alternative solver options:
    https://scikit-learn.org/stable/modules/linear_model.html#logistic-regression
  n_iter_i = _check_optimize_result(

2025-03-08 14:22:48,484:WARNING:D:\Anaconda\envs\python_311_env\Lib\site-packages\sklearn\linear_model\_logistic.py:469: ConvergenceWarning: lbfgs failed to converge (status=1):
STOP: TOTAL NO. of ITERATIONS REACHED LIMIT.

Increase the number of iterations (max_iter) or scale the data as shown in:
    https://scikit-learn.org/stable/modules/preprocessing.html
Please also refer to the documentation for alternative solver options:
    https://scikit-learn.org/stable/modules/linear_model.html#logistic-regression
  n_iter_i = _check_optimize_result(

2025-03-08 14:22:48,530:WARNING:D:\Anaconda\envs\python_311_env\Lib\site-packages\sklearn\linear_model\_logistic.py:469: ConvergenceWarning: lbfgs failed to converge (status=1):
STOP: TOTAL NO. of ITERATIONS REACHED LIMIT.

Increase the number of iterations (max_iter) or scale the data as shown in:
    https://scikit-learn.org/stable/modules/preprocessing.html
Please also refer to the documentation for alternative solver options:
    https://scikit-learn.org/stable/modules/linear_model.html#logistic-regression
  n_iter_i = _check_optimize_result(

2025-03-08 14:22:49,182:WARNING:D:\Anaconda\envs\python_311_env\Lib\site-packages\sklearn\linear_model\_logistic.py:469: ConvergenceWarning: lbfgs failed to converge (status=1):
STOP: TOTAL NO. of ITERATIONS REACHED LIMIT.

Increase the number of iterations (max_iter) or scale the data as shown in:
    https://scikit-learn.org/stable/modules/preprocessing.html
Please also refer to the documentation for alternative solver options:
    https://scikit-learn.org/stable/modules/linear_model.html#logistic-regression
  n_iter_i = _check_optimize_result(

2025-03-08 14:22:49,450:WARNING:D:\Anaconda\envs\python_311_env\Lib\site-packages\sklearn\linear_model\_logistic.py:469: ConvergenceWarning: lbfgs failed to converge (status=1):
STOP: TOTAL NO. of ITERATIONS REACHED LIMIT.

Increase the number of iterations (max_iter) or scale the data as shown in:
    https://scikit-learn.org/stable/modules/preprocessing.html
Please also refer to the documentation for alternative solver options:
    https://scikit-learn.org/stable/modules/linear_model.html#logistic-regression
  n_iter_i = _check_optimize_result(

2025-03-08 14:23:10,493:WARNING:D:\Anaconda\envs\python_311_env\Lib\site-packages\sklearn\linear_model\_logistic.py:469: ConvergenceWarning: lbfgs failed to converge (status=1):
STOP: TOTAL NO. of ITERATIONS REACHED LIMIT.

Increase the number of iterations (max_iter) or scale the data as shown in:
    https://scikit-learn.org/stable/modules/preprocessing.html
Please also refer to the documentation for alternative solver options:
    https://scikit-learn.org/stable/modules/linear_model.html#logistic-regression
  n_iter_i = _check_optimize_result(

2025-03-08 14:23:10,809:WARNING:D:\Anaconda\envs\python_311_env\Lib\site-packages\sklearn\linear_model\_logistic.py:469: ConvergenceWarning: lbfgs failed to converge (status=1):
STOP: TOTAL NO. of ITERATIONS REACHED LIMIT.

Increase the number of iterations (max_iter) or scale the data as shown in:
    https://scikit-learn.org/stable/modules/preprocessing.html
Please also refer to the documentation for alternative solver options:
    https://scikit-learn.org/stable/modules/linear_model.html#logistic-regression
  n_iter_i = _check_optimize_result(

2025-03-08 14:23:10,851:WARNING:D:\Anaconda\envs\python_311_env\Lib\site-packages\sklearn\linear_model\_logistic.py:469: ConvergenceWarning: lbfgs failed to converge (status=1):
STOP: TOTAL NO. of ITERATIONS REACHED LIMIT.

Increase the number of iterations (max_iter) or scale the data as shown in:
    https://scikit-learn.org/stable/modules/preprocessing.html
Please also refer to the documentation for alternative solver options:
    https://scikit-learn.org/stable/modules/linear_model.html#logistic-regression
  n_iter_i = _check_optimize_result(

2025-03-08 14:23:11,005:WARNING:D:\Anaconda\envs\python_311_env\Lib\site-packages\sklearn\linear_model\_logistic.py:469: ConvergenceWarning: lbfgs failed to converge (status=1):
STOP: TOTAL NO. of ITERATIONS REACHED LIMIT.

Increase the number of iterations (max_iter) or scale the data as shown in:
    https://scikit-learn.org/stable/modules/preprocessing.html
Please also refer to the documentation for alternative solver options:
    https://scikit-learn.org/stable/modules/linear_model.html#logistic-regression
  n_iter_i = _check_optimize_result(

2025-03-08 14:23:11,349:WARNING:D:\Anaconda\envs\python_311_env\Lib\site-packages\sklearn\linear_model\_logistic.py:469: ConvergenceWarning: lbfgs failed to converge (status=1):
STOP: TOTAL NO. of ITERATIONS REACHED LIMIT.

Increase the number of iterations (max_iter) or scale the data as shown in:
    https://scikit-learn.org/stable/modules/preprocessing.html
Please also refer to the documentation for alternative solver options:
    https://scikit-learn.org/stable/modules/linear_model.html#logistic-regression
  n_iter_i = _check_optimize_result(

2025-03-08 14:23:11,470:WARNING:D:\Anaconda\envs\python_311_env\Lib\site-packages\sklearn\linear_model\_logistic.py:469: ConvergenceWarning: lbfgs failed to converge (status=1):
STOP: TOTAL NO. of ITERATIONS REACHED LIMIT.

Increase the number of iterations (max_iter) or scale the data as shown in:
    https://scikit-learn.org/stable/modules/preprocessing.html
Please also refer to the documentation for alternative solver options:
    https://scikit-learn.org/stable/modules/linear_model.html#logistic-regression
  n_iter_i = _check_optimize_result(

2025-03-08 14:23:11,621:WARNING:D:\Anaconda\envs\python_311_env\Lib\site-packages\sklearn\linear_model\_logistic.py:469: ConvergenceWarning: lbfgs failed to converge (status=1):
STOP: TOTAL NO. of ITERATIONS REACHED LIMIT.

Increase the number of iterations (max_iter) or scale the data as shown in:
    https://scikit-learn.org/stable/modules/preprocessing.html
Please also refer to the documentation for alternative solver options:
    https://scikit-learn.org/stable/modules/linear_model.html#logistic-regression
  n_iter_i = _check_optimize_result(

2025-03-08 14:23:11,754:WARNING:D:\Anaconda\envs\python_311_env\Lib\site-packages\sklearn\linear_model\_logistic.py:469: ConvergenceWarning: lbfgs failed to converge (status=1):
STOP: TOTAL NO. of ITERATIONS REACHED LIMIT.

Increase the number of iterations (max_iter) or scale the data as shown in:
    https://scikit-learn.org/stable/modules/preprocessing.html
Please also refer to the documentation for alternative solver options:
    https://scikit-learn.org/stable/modules/linear_model.html#logistic-regression
  n_iter_i = _check_optimize_result(

2025-03-08 14:23:11,996:WARNING:D:\Anaconda\envs\python_311_env\Lib\site-packages\sklearn\linear_model\_logistic.py:469: ConvergenceWarning: lbfgs failed to converge (status=1):
STOP: TOTAL NO. of ITERATIONS REACHED LIMIT.

Increase the number of iterations (max_iter) or scale the data as shown in:
    https://scikit-learn.org/stable/modules/preprocessing.html
Please also refer to the documentation for alternative solver options:
    https://scikit-learn.org/stable/modules/linear_model.html#logistic-regression
  n_iter_i = _check_optimize_result(

2025-03-08 14:23:12,090:WARNING:D:\Anaconda\envs\python_311_env\Lib\site-packages\sklearn\linear_model\_logistic.py:469: ConvergenceWarning: lbfgs failed to converge (status=1):
STOP: TOTAL NO. of ITERATIONS REACHED LIMIT.

Increase the number of iterations (max_iter) or scale the data as shown in:
    https://scikit-learn.org/stable/modules/preprocessing.html
Please also refer to the documentation for alternative solver options:
    https://scikit-learn.org/stable/modules/linear_model.html#logistic-regression
  n_iter_i = _check_optimize_result(

2025-03-08 14:23:12,635:WARNING:D:\Anaconda\envs\python_311_env\Lib\site-packages\sklearn\linear_model\_logistic.py:469: ConvergenceWarning: lbfgs failed to converge (status=1):
STOP: TOTAL NO. of ITERATIONS REACHED LIMIT.

Increase the number of iterations (max_iter) or scale the data as shown in:
    https://scikit-learn.org/stable/modules/preprocessing.html
Please also refer to the documentation for alternative solver options:
    https://scikit-learn.org/stable/modules/linear_model.html#logistic-regression
  n_iter_i = _check_optimize_result(

2025-03-08 14:23:13,167:WARNING:D:\Anaconda\envs\python_311_env\Lib\site-packages\sklearn\linear_model\_logistic.py:469: ConvergenceWarning: lbfgs failed to converge (status=1):
STOP: TOTAL NO. of ITERATIONS REACHED LIMIT.

Increase the number of iterations (max_iter) or scale the data as shown in:
    https://scikit-learn.org/stable/modules/preprocessing.html
Please also refer to the documentation for alternative solver options:
    https://scikit-learn.org/stable/modules/linear_model.html#logistic-regression
  n_iter_i = _check_optimize_result(

2025-03-08 14:23:33,617:WARNING:D:\Anaconda\envs\python_311_env\Lib\site-packages\sklearn\linear_model\_logistic.py:469: ConvergenceWarning: lbfgs failed to converge (status=1):
STOP: TOTAL NO. of ITERATIONS REACHED LIMIT.

Increase the number of iterations (max_iter) or scale the data as shown in:
    https://scikit-learn.org/stable/modules/preprocessing.html
Please also refer to the documentation for alternative solver options:
    https://scikit-learn.org/stable/modules/linear_model.html#logistic-regression
  n_iter_i = _check_optimize_result(

2025-03-08 14:23:33,727:WARNING:D:\Anaconda\envs\python_311_env\Lib\site-packages\sklearn\linear_model\_logistic.py:469: ConvergenceWarning: lbfgs failed to converge (status=1):
STOP: TOTAL NO. of ITERATIONS REACHED LIMIT.

Increase the number of iterations (max_iter) or scale the data as shown in:
    https://scikit-learn.org/stable/modules/preprocessing.html
Please also refer to the documentation for alternative solver options:
    https://scikit-learn.org/stable/modules/linear_model.html#logistic-regression
  n_iter_i = _check_optimize_result(

2025-03-08 14:23:34,006:WARNING:D:\Anaconda\envs\python_311_env\Lib\site-packages\sklearn\linear_model\_logistic.py:469: ConvergenceWarning: lbfgs failed to converge (status=1):
STOP: TOTAL NO. of ITERATIONS REACHED LIMIT.

Increase the number of iterations (max_iter) or scale the data as shown in:
    https://scikit-learn.org/stable/modules/preprocessing.html
Please also refer to the documentation for alternative solver options:
    https://scikit-learn.org/stable/modules/linear_model.html#logistic-regression
  n_iter_i = _check_optimize_result(

2025-03-08 14:23:34,365:WARNING:D:\Anaconda\envs\python_311_env\Lib\site-packages\sklearn\linear_model\_logistic.py:469: ConvergenceWarning: lbfgs failed to converge (status=1):
STOP: TOTAL NO. of ITERATIONS REACHED LIMIT.

Increase the number of iterations (max_iter) or scale the data as shown in:
    https://scikit-learn.org/stable/modules/preprocessing.html
Please also refer to the documentation for alternative solver options:
    https://scikit-learn.org/stable/modules/linear_model.html#logistic-regression
  n_iter_i = _check_optimize_result(

2025-03-08 14:23:34,506:WARNING:D:\Anaconda\envs\python_311_env\Lib\site-packages\sklearn\linear_model\_logistic.py:469: ConvergenceWarning: lbfgs failed to converge (status=1):
STOP: TOTAL NO. of ITERATIONS REACHED LIMIT.

Increase the number of iterations (max_iter) or scale the data as shown in:
    https://scikit-learn.org/stable/modules/preprocessing.html
Please also refer to the documentation for alternative solver options:
    https://scikit-learn.org/stable/modules/linear_model.html#logistic-regression
  n_iter_i = _check_optimize_result(

2025-03-08 14:23:34,783:WARNING:D:\Anaconda\envs\python_311_env\Lib\site-packages\sklearn\linear_model\_logistic.py:469: ConvergenceWarning: lbfgs failed to converge (status=1):
STOP: TOTAL NO. of ITERATIONS REACHED LIMIT.

Increase the number of iterations (max_iter) or scale the data as shown in:
    https://scikit-learn.org/stable/modules/preprocessing.html
Please also refer to the documentation for alternative solver options:
    https://scikit-learn.org/stable/modules/linear_model.html#logistic-regression
  n_iter_i = _check_optimize_result(

2025-03-08 14:23:34,922:WARNING:D:\Anaconda\envs\python_311_env\Lib\site-packages\sklearn\linear_model\_logistic.py:469: ConvergenceWarning: lbfgs failed to converge (status=1):
STOP: TOTAL NO. of ITERATIONS REACHED LIMIT.

Increase the number of iterations (max_iter) or scale the data as shown in:
    https://scikit-learn.org/stable/modules/preprocessing.html
Please also refer to the documentation for alternative solver options:
    https://scikit-learn.org/stable/modules/linear_model.html#logistic-regression
  n_iter_i = _check_optimize_result(

2025-03-08 14:23:35,523:WARNING:D:\Anaconda\envs\python_311_env\Lib\site-packages\sklearn\linear_model\_logistic.py:469: ConvergenceWarning: lbfgs failed to converge (status=1):
STOP: TOTAL NO. of ITERATIONS REACHED LIMIT.

Increase the number of iterations (max_iter) or scale the data as shown in:
    https://scikit-learn.org/stable/modules/preprocessing.html
Please also refer to the documentation for alternative solver options:
    https://scikit-learn.org/stable/modules/linear_model.html#logistic-regression
  n_iter_i = _check_optimize_result(

2025-03-08 14:23:36,177:WARNING:D:\Anaconda\envs\python_311_env\Lib\site-packages\sklearn\linear_model\_logistic.py:469: ConvergenceWarning: lbfgs failed to converge (status=1):
STOP: TOTAL NO. of ITERATIONS REACHED LIMIT.

Increase the number of iterations (max_iter) or scale the data as shown in:
    https://scikit-learn.org/stable/modules/preprocessing.html
Please also refer to the documentation for alternative solver options:
    https://scikit-learn.org/stable/modules/linear_model.html#logistic-regression
  n_iter_i = _check_optimize_result(

2025-03-08 14:23:36,780:WARNING:D:\Anaconda\envs\python_311_env\Lib\site-packages\sklearn\linear_model\_logistic.py:469: ConvergenceWarning: lbfgs failed to converge (status=1):
STOP: TOTAL NO. of ITERATIONS REACHED LIMIT.

Increase the number of iterations (max_iter) or scale the data as shown in:
    https://scikit-learn.org/stable/modules/preprocessing.html
Please also refer to the documentation for alternative solver options:
    https://scikit-learn.org/stable/modules/linear_model.html#logistic-regression
  n_iter_i = _check_optimize_result(

2025-03-08 14:23:36,787:WARNING:D:\Anaconda\envs\python_311_env\Lib\site-packages\sklearn\linear_model\_logistic.py:469: ConvergenceWarning: lbfgs failed to converge (status=1):
STOP: TOTAL NO. of ITERATIONS REACHED LIMIT.

Increase the number of iterations (max_iter) or scale the data as shown in:
    https://scikit-learn.org/stable/modules/preprocessing.html
Please also refer to the documentation for alternative solver options:
    https://scikit-learn.org/stable/modules/linear_model.html#logistic-regression
  n_iter_i = _check_optimize_result(

2025-03-08 14:23:37,649:WARNING:D:\Anaconda\envs\python_311_env\Lib\site-packages\sklearn\linear_model\_logistic.py:469: ConvergenceWarning: lbfgs failed to converge (status=1):
STOP: TOTAL NO. of ITERATIONS REACHED LIMIT.

Increase the number of iterations (max_iter) or scale the data as shown in:
    https://scikit-learn.org/stable/modules/preprocessing.html
Please also refer to the documentation for alternative solver options:
    https://scikit-learn.org/stable/modules/linear_model.html#logistic-regression
  n_iter_i = _check_optimize_result(

2025-03-08 14:23:56,492:WARNING:D:\Anaconda\envs\python_311_env\Lib\site-packages\sklearn\linear_model\_logistic.py:469: ConvergenceWarning: lbfgs failed to converge (status=1):
STOP: TOTAL NO. of ITERATIONS REACHED LIMIT.

Increase the number of iterations (max_iter) or scale the data as shown in:
    https://scikit-learn.org/stable/modules/preprocessing.html
Please also refer to the documentation for alternative solver options:
    https://scikit-learn.org/stable/modules/linear_model.html#logistic-regression
  n_iter_i = _check_optimize_result(

2025-03-08 14:23:56,879:WARNING:D:\Anaconda\envs\python_311_env\Lib\site-packages\sklearn\linear_model\_logistic.py:469: ConvergenceWarning: lbfgs failed to converge (status=1):
STOP: TOTAL NO. of ITERATIONS REACHED LIMIT.

Increase the number of iterations (max_iter) or scale the data as shown in:
    https://scikit-learn.org/stable/modules/preprocessing.html
Please also refer to the documentation for alternative solver options:
    https://scikit-learn.org/stable/modules/linear_model.html#logistic-regression
  n_iter_i = _check_optimize_result(

2025-03-08 14:23:57,295:WARNING:D:\Anaconda\envs\python_311_env\Lib\site-packages\sklearn\linear_model\_logistic.py:469: ConvergenceWarning: lbfgs failed to converge (status=1):
STOP: TOTAL NO. of ITERATIONS REACHED LIMIT.

Increase the number of iterations (max_iter) or scale the data as shown in:
    https://scikit-learn.org/stable/modules/preprocessing.html
Please also refer to the documentation for alternative solver options:
    https://scikit-learn.org/stable/modules/linear_model.html#logistic-regression
  n_iter_i = _check_optimize_result(

2025-03-08 14:23:57,482:WARNING:D:\Anaconda\envs\python_311_env\Lib\site-packages\sklearn\linear_model\_logistic.py:469: ConvergenceWarning: lbfgs failed to converge (status=1):
STOP: TOTAL NO. of ITERATIONS REACHED LIMIT.

Increase the number of iterations (max_iter) or scale the data as shown in:
    https://scikit-learn.org/stable/modules/preprocessing.html
Please also refer to the documentation for alternative solver options:
    https://scikit-learn.org/stable/modules/linear_model.html#logistic-regression
  n_iter_i = _check_optimize_result(

2025-03-08 14:23:58,179:WARNING:D:\Anaconda\envs\python_311_env\Lib\site-packages\sklearn\linear_model\_logistic.py:469: ConvergenceWarning: lbfgs failed to converge (status=1):
STOP: TOTAL NO. of ITERATIONS REACHED LIMIT.

Increase the number of iterations (max_iter) or scale the data as shown in:
    https://scikit-learn.org/stable/modules/preprocessing.html
Please also refer to the documentation for alternative solver options:
    https://scikit-learn.org/stable/modules/linear_model.html#logistic-regression
  n_iter_i = _check_optimize_result(

2025-03-08 14:23:58,587:WARNING:D:\Anaconda\envs\python_311_env\Lib\site-packages\sklearn\linear_model\_logistic.py:469: ConvergenceWarning: lbfgs failed to converge (status=1):
STOP: TOTAL NO. of ITERATIONS REACHED LIMIT.

Increase the number of iterations (max_iter) or scale the data as shown in:
    https://scikit-learn.org/stable/modules/preprocessing.html
Please also refer to the documentation for alternative solver options:
    https://scikit-learn.org/stable/modules/linear_model.html#logistic-regression
  n_iter_i = _check_optimize_result(

2025-03-08 14:23:58,742:WARNING:D:\Anaconda\envs\python_311_env\Lib\site-packages\sklearn\linear_model\_logistic.py:469: ConvergenceWarning: lbfgs failed to converge (status=1):
STOP: TOTAL NO. of ITERATIONS REACHED LIMIT.

Increase the number of iterations (max_iter) or scale the data as shown in:
    https://scikit-learn.org/stable/modules/preprocessing.html
Please also refer to the documentation for alternative solver options:
    https://scikit-learn.org/stable/modules/linear_model.html#logistic-regression
  n_iter_i = _check_optimize_result(

2025-03-08 14:23:58,834:WARNING:D:\Anaconda\envs\python_311_env\Lib\site-packages\sklearn\linear_model\_logistic.py:469: ConvergenceWarning: lbfgs failed to converge (status=1):
STOP: TOTAL NO. of ITERATIONS REACHED LIMIT.

Increase the number of iterations (max_iter) or scale the data as shown in:
    https://scikit-learn.org/stable/modules/preprocessing.html
Please also refer to the documentation for alternative solver options:
    https://scikit-learn.org/stable/modules/linear_model.html#logistic-regression
  n_iter_i = _check_optimize_result(

2025-03-08 14:23:59,154:WARNING:D:\Anaconda\envs\python_311_env\Lib\site-packages\sklearn\linear_model\_logistic.py:469: ConvergenceWarning: lbfgs failed to converge (status=1):
STOP: TOTAL NO. of ITERATIONS REACHED LIMIT.

Increase the number of iterations (max_iter) or scale the data as shown in:
    https://scikit-learn.org/stable/modules/preprocessing.html
Please also refer to the documentation for alternative solver options:
    https://scikit-learn.org/stable/modules/linear_model.html#logistic-regression
  n_iter_i = _check_optimize_result(

2025-03-08 14:23:59,188:WARNING:D:\Anaconda\envs\python_311_env\Lib\site-packages\sklearn\linear_model\_logistic.py:469: ConvergenceWarning: lbfgs failed to converge (status=1):
STOP: TOTAL NO. of ITERATIONS REACHED LIMIT.

Increase the number of iterations (max_iter) or scale the data as shown in:
    https://scikit-learn.org/stable/modules/preprocessing.html
Please also refer to the documentation for alternative solver options:
    https://scikit-learn.org/stable/modules/linear_model.html#logistic-regression
  n_iter_i = _check_optimize_result(

2025-03-08 14:23:59,330:WARNING:D:\Anaconda\envs\python_311_env\Lib\site-packages\sklearn\linear_model\_logistic.py:469: ConvergenceWarning: lbfgs failed to converge (status=1):
STOP: TOTAL NO. of ITERATIONS REACHED LIMIT.

Increase the number of iterations (max_iter) or scale the data as shown in:
    https://scikit-learn.org/stable/modules/preprocessing.html
Please also refer to the documentation for alternative solver options:
    https://scikit-learn.org/stable/modules/linear_model.html#logistic-regression
  n_iter_i = _check_optimize_result(

2025-03-08 14:23:59,535:WARNING:D:\Anaconda\envs\python_311_env\Lib\site-packages\sklearn\linear_model\_logistic.py:469: ConvergenceWarning: lbfgs failed to converge (status=1):
STOP: TOTAL NO. of ITERATIONS REACHED LIMIT.

Increase the number of iterations (max_iter) or scale the data as shown in:
    https://scikit-learn.org/stable/modules/preprocessing.html
Please also refer to the documentation for alternative solver options:
    https://scikit-learn.org/stable/modules/linear_model.html#logistic-regression
  n_iter_i = _check_optimize_result(

2025-03-08 14:24:02,696:WARNING:D:\Anaconda\envs\python_311_env\Lib\site-packages\sklearn\linear_model\_logistic.py:469: ConvergenceWarning: lbfgs failed to converge (status=1):
STOP: TOTAL NO. of ITERATIONS REACHED LIMIT.

Increase the number of iterations (max_iter) or scale the data as shown in:
    https://scikit-learn.org/stable/modules/preprocessing.html
Please also refer to the documentation for alternative solver options:
    https://scikit-learn.org/stable/modules/linear_model.html#logistic-regression
  n_iter_i = _check_optimize_result(

2025-03-08 14:24:02,774:WARNING:D:\Anaconda\envs\python_311_env\Lib\site-packages\sklearn\linear_model\_logistic.py:469: ConvergenceWarning: lbfgs failed to converge (status=1):
STOP: TOTAL NO. of ITERATIONS REACHED LIMIT.

Increase the number of iterations (max_iter) or scale the data as shown in:
    https://scikit-learn.org/stable/modules/preprocessing.html
Please also refer to the documentation for alternative solver options:
    https://scikit-learn.org/stable/modules/linear_model.html#logistic-regression
  n_iter_i = _check_optimize_result(

2025-03-08 14:24:02,834:INFO:best_params: {'actual_estimator__class_weight': {}, 'actual_estimator__C': 4.531000000000001}
2025-03-08 14:24:02,835:INFO:Hyperparameter search completed
2025-03-08 14:24:02,835:INFO:SubProcess create_model() called ==================================
2025-03-08 14:24:02,836:INFO:Initializing create_model()
2025-03-08 14:24:02,836:INFO:create_model(self=<pycaret.classification.oop.ClassificationExperiment object at 0x000001EAF19B7A10>, estimator=LogisticRegression(C=1.0, class_weight=None, dual=False, fit_intercept=True,
                   intercept_scaling=1, l1_ratio=None, max_iter=1000,
                   multi_class='auto', n_jobs=None, penalty='l2',
                   random_state=412, solver='lbfgs', tol=0.0001, verbose=0,
                   warm_start=False), fold=StratifiedKFold(n_splits=5, random_state=None, shuffle=False), round=4, cross_validation=True, predict=True, fit_kwargs={}, groups=None, refit=True, probability_threshold=None, experiment_custom_tags=None, verbose=True, system=False, add_to_model_list=True, metrics=None, display=<pycaret.internal.display.display.CommonDisplay object at 0x000001EAF197A550>, model_only=True, return_train_score=False, error_score=0.0, kwargs={'class_weight': {}, 'C': 4.531000000000001})
2025-03-08 14:24:02,836:INFO:Checking exceptions
2025-03-08 14:24:02,836:INFO:Importing libraries
2025-03-08 14:24:02,836:INFO:Copying training dataset
2025-03-08 14:24:02,861:INFO:Defining folds
2025-03-08 14:24:02,861:INFO:Declaring metric variables
2025-03-08 14:24:02,863:INFO:Importing untrained model
2025-03-08 14:24:02,863:INFO:Declaring custom model
2025-03-08 14:24:02,866:INFO:Logistic Regression Imported successfully
2025-03-08 14:24:02,870:INFO:Starting cross validation
2025-03-08 14:24:02,872:INFO:Cross validating with StratifiedKFold(n_splits=5, random_state=None, shuffle=False), n_jobs=-1
2025-03-08 14:24:10,599:WARNING:D:\Anaconda\envs\python_311_env\Lib\site-packages\sklearn\linear_model\_logistic.py:469: ConvergenceWarning: lbfgs failed to converge (status=1):
STOP: TOTAL NO. of ITERATIONS REACHED LIMIT.

Increase the number of iterations (max_iter) or scale the data as shown in:
    https://scikit-learn.org/stable/modules/preprocessing.html
Please also refer to the documentation for alternative solver options:
    https://scikit-learn.org/stable/modules/linear_model.html#logistic-regression
  n_iter_i = _check_optimize_result(

2025-03-08 14:24:10,638:WARNING:D:\Anaconda\envs\python_311_env\Lib\site-packages\sklearn\linear_model\_logistic.py:469: ConvergenceWarning: lbfgs failed to converge (status=1):
STOP: TOTAL NO. of ITERATIONS REACHED LIMIT.

Increase the number of iterations (max_iter) or scale the data as shown in:
    https://scikit-learn.org/stable/modules/preprocessing.html
Please also refer to the documentation for alternative solver options:
    https://scikit-learn.org/stable/modules/linear_model.html#logistic-regression
  n_iter_i = _check_optimize_result(

2025-03-08 14:24:10,711:WARNING:D:\Anaconda\envs\python_311_env\Lib\site-packages\sklearn\linear_model\_logistic.py:469: ConvergenceWarning: lbfgs failed to converge (status=1):
STOP: TOTAL NO. of ITERATIONS REACHED LIMIT.

Increase the number of iterations (max_iter) or scale the data as shown in:
    https://scikit-learn.org/stable/modules/preprocessing.html
Please also refer to the documentation for alternative solver options:
    https://scikit-learn.org/stable/modules/linear_model.html#logistic-regression
  n_iter_i = _check_optimize_result(

2025-03-08 14:24:10,712:WARNING:D:\Anaconda\envs\python_311_env\Lib\site-packages\sklearn\linear_model\_logistic.py:469: ConvergenceWarning: lbfgs failed to converge (status=1):
STOP: TOTAL NO. of ITERATIONS REACHED LIMIT.

Increase the number of iterations (max_iter) or scale the data as shown in:
    https://scikit-learn.org/stable/modules/preprocessing.html
Please also refer to the documentation for alternative solver options:
    https://scikit-learn.org/stable/modules/linear_model.html#logistic-regression
  n_iter_i = _check_optimize_result(

2025-03-08 14:24:10,721:WARNING:D:\Anaconda\envs\python_311_env\Lib\site-packages\sklearn\metrics\_classification.py:1509: UndefinedMetricWarning: Precision is ill-defined and being set to 0.0 due to no predicted samples. Use `zero_division` parameter to control this behavior.
  _warn_prf(average, modifier, f"{metric.capitalize()} is", len(result))

2025-03-08 14:24:10,737:WARNING:D:\Anaconda\envs\python_311_env\Lib\site-packages\sklearn\metrics\_classification.py:1509: UndefinedMetricWarning: Precision is ill-defined and being set to 0.0 due to no predicted samples. Use `zero_division` parameter to control this behavior.
  _warn_prf(average, modifier, f"{metric.capitalize()} is", len(result))

2025-03-08 14:24:10,789:WARNING:D:\Anaconda\envs\python_311_env\Lib\site-packages\sklearn\linear_model\_logistic.py:469: ConvergenceWarning: lbfgs failed to converge (status=1):
STOP: TOTAL NO. of ITERATIONS REACHED LIMIT.

Increase the number of iterations (max_iter) or scale the data as shown in:
    https://scikit-learn.org/stable/modules/preprocessing.html
Please also refer to the documentation for alternative solver options:
    https://scikit-learn.org/stable/modules/linear_model.html#logistic-regression
  n_iter_i = _check_optimize_result(

2025-03-08 14:24:10,796:WARNING:D:\Anaconda\envs\python_311_env\Lib\site-packages\sklearn\metrics\_classification.py:1509: UndefinedMetricWarning: Precision is ill-defined and being set to 0.0 due to no predicted samples. Use `zero_division` parameter to control this behavior.
  _warn_prf(average, modifier, f"{metric.capitalize()} is", len(result))

2025-03-08 14:24:10,799:WARNING:D:\Anaconda\envs\python_311_env\Lib\site-packages\sklearn\metrics\_classification.py:1509: UndefinedMetricWarning: Precision is ill-defined and being set to 0.0 due to no predicted samples. Use `zero_division` parameter to control this behavior.
  _warn_prf(average, modifier, f"{metric.capitalize()} is", len(result))

2025-03-08 14:24:10,864:WARNING:D:\Anaconda\envs\python_311_env\Lib\site-packages\sklearn\metrics\_classification.py:1509: UndefinedMetricWarning: Precision is ill-defined and being set to 0.0 due to no predicted samples. Use `zero_division` parameter to control this behavior.
  _warn_prf(average, modifier, f"{metric.capitalize()} is", len(result))

2025-03-08 14:24:10,882:INFO:Calculating mean and std
2025-03-08 14:24:10,883:INFO:Creating metrics dataframe
2025-03-08 14:24:10,887:INFO:Finalizing model
2025-03-08 14:24:14,753:WARNING:D:\Anaconda\envs\python_311_env\Lib\site-packages\sklearn\linear_model\_logistic.py:469: ConvergenceWarning: lbfgs failed to converge (status=1):
STOP: TOTAL NO. of ITERATIONS REACHED LIMIT.

Increase the number of iterations (max_iter) or scale the data as shown in:
    https://scikit-learn.org/stable/modules/preprocessing.html
Please also refer to the documentation for alternative solver options:
    https://scikit-learn.org/stable/modules/linear_model.html#logistic-regression
  n_iter_i = _check_optimize_result(

2025-03-08 14:24:14,758:INFO:Uploading results into container
2025-03-08 14:24:14,758:INFO:Uploading model into container now
2025-03-08 14:24:14,759:INFO:_master_model_container: 15
2025-03-08 14:24:14,759:INFO:_display_container: 3
2025-03-08 14:24:14,759:INFO:LogisticRegression(C=4.531000000000001, class_weight={}, dual=False,
                   fit_intercept=True, intercept_scaling=1, l1_ratio=None,
                   max_iter=1000, multi_class='auto', n_jobs=None, penalty='l2',
                   random_state=412, solver='lbfgs', tol=0.0001, verbose=0,
                   warm_start=False)
2025-03-08 14:24:14,760:INFO:create_model() successfully completed......................................
2025-03-08 14:24:14,835:INFO:SubProcess create_model() end ==================================
2025-03-08 14:24:14,835:INFO:choose_better activated
2025-03-08 14:24:14,837:INFO:SubProcess create_model() called ==================================
2025-03-08 14:24:14,838:INFO:Initializing create_model()
2025-03-08 14:24:14,838:INFO:create_model(self=<pycaret.classification.oop.ClassificationExperiment object at 0x000001EAF19B7A10>, estimator=LogisticRegression(C=1.0, class_weight=None, dual=False, fit_intercept=True,
                   intercept_scaling=1, l1_ratio=None, max_iter=1000,
                   multi_class='auto', n_jobs=None, penalty='l2',
                   random_state=412, solver='lbfgs', tol=0.0001, verbose=0,
                   warm_start=False), fold=StratifiedKFold(n_splits=5, random_state=None, shuffle=False), round=4, cross_validation=True, predict=True, fit_kwargs={}, groups=None, refit=True, probability_threshold=None, experiment_custom_tags=None, verbose=False, system=False, add_to_model_list=True, metrics=None, display=None, model_only=True, return_train_score=False, error_score=0.0, kwargs={})
2025-03-08 14:24:14,838:INFO:Checking exceptions
2025-03-08 14:24:14,839:INFO:Importing libraries
2025-03-08 14:24:14,839:INFO:Copying training dataset
2025-03-08 14:24:14,863:INFO:Defining folds
2025-03-08 14:24:14,864:INFO:Declaring metric variables
2025-03-08 14:24:14,864:INFO:Importing untrained model
2025-03-08 14:24:14,864:INFO:Declaring custom model
2025-03-08 14:24:14,864:INFO:Logistic Regression Imported successfully
2025-03-08 14:24:14,864:INFO:Starting cross validation
2025-03-08 14:24:14,866:INFO:Cross validating with StratifiedKFold(n_splits=5, random_state=None, shuffle=False), n_jobs=-1
2025-03-08 14:24:22,345:WARNING:D:\Anaconda\envs\python_311_env\Lib\site-packages\sklearn\linear_model\_logistic.py:469: ConvergenceWarning: lbfgs failed to converge (status=1):
STOP: TOTAL NO. of ITERATIONS REACHED LIMIT.

Increase the number of iterations (max_iter) or scale the data as shown in:
    https://scikit-learn.org/stable/modules/preprocessing.html
Please also refer to the documentation for alternative solver options:
    https://scikit-learn.org/stable/modules/linear_model.html#logistic-regression
  n_iter_i = _check_optimize_result(

2025-03-08 14:24:22,397:WARNING:D:\Anaconda\envs\python_311_env\Lib\site-packages\sklearn\linear_model\_logistic.py:469: ConvergenceWarning: lbfgs failed to converge (status=1):
STOP: TOTAL NO. of ITERATIONS REACHED LIMIT.

Increase the number of iterations (max_iter) or scale the data as shown in:
    https://scikit-learn.org/stable/modules/preprocessing.html
Please also refer to the documentation for alternative solver options:
    https://scikit-learn.org/stable/modules/linear_model.html#logistic-regression
  n_iter_i = _check_optimize_result(

2025-03-08 14:24:22,442:WARNING:D:\Anaconda\envs\python_311_env\Lib\site-packages\sklearn\linear_model\_logistic.py:469: ConvergenceWarning: lbfgs failed to converge (status=1):
STOP: TOTAL NO. of ITERATIONS REACHED LIMIT.

Increase the number of iterations (max_iter) or scale the data as shown in:
    https://scikit-learn.org/stable/modules/preprocessing.html
Please also refer to the documentation for alternative solver options:
    https://scikit-learn.org/stable/modules/linear_model.html#logistic-regression
  n_iter_i = _check_optimize_result(

2025-03-08 14:24:22,444:WARNING:D:\Anaconda\envs\python_311_env\Lib\site-packages\sklearn\linear_model\_logistic.py:469: ConvergenceWarning: lbfgs failed to converge (status=1):
STOP: TOTAL NO. of ITERATIONS REACHED LIMIT.

Increase the number of iterations (max_iter) or scale the data as shown in:
    https://scikit-learn.org/stable/modules/preprocessing.html
Please also refer to the documentation for alternative solver options:
    https://scikit-learn.org/stable/modules/linear_model.html#logistic-regression
  n_iter_i = _check_optimize_result(

2025-03-08 14:24:22,455:WARNING:D:\Anaconda\envs\python_311_env\Lib\site-packages\sklearn\metrics\_classification.py:1509: UndefinedMetricWarning: Precision is ill-defined and being set to 0.0 due to no predicted samples. Use `zero_division` parameter to control this behavior.
  _warn_prf(average, modifier, f"{metric.capitalize()} is", len(result))

2025-03-08 14:24:22,484:WARNING:D:\Anaconda\envs\python_311_env\Lib\site-packages\sklearn\linear_model\_logistic.py:469: ConvergenceWarning: lbfgs failed to converge (status=1):
STOP: TOTAL NO. of ITERATIONS REACHED LIMIT.

Increase the number of iterations (max_iter) or scale the data as shown in:
    https://scikit-learn.org/stable/modules/preprocessing.html
Please also refer to the documentation for alternative solver options:
    https://scikit-learn.org/stable/modules/linear_model.html#logistic-regression
  n_iter_i = _check_optimize_result(

2025-03-08 14:24:22,506:WARNING:D:\Anaconda\envs\python_311_env\Lib\site-packages\sklearn\metrics\_classification.py:1509: UndefinedMetricWarning: Precision is ill-defined and being set to 0.0 due to no predicted samples. Use `zero_division` parameter to control this behavior.
  _warn_prf(average, modifier, f"{metric.capitalize()} is", len(result))

2025-03-08 14:24:22,538:WARNING:D:\Anaconda\envs\python_311_env\Lib\site-packages\sklearn\metrics\_classification.py:1509: UndefinedMetricWarning: Precision is ill-defined and being set to 0.0 due to no predicted samples. Use `zero_division` parameter to control this behavior.
  _warn_prf(average, modifier, f"{metric.capitalize()} is", len(result))

2025-03-08 14:24:22,538:WARNING:D:\Anaconda\envs\python_311_env\Lib\site-packages\sklearn\metrics\_classification.py:1509: UndefinedMetricWarning: Precision is ill-defined and being set to 0.0 due to no predicted samples. Use `zero_division` parameter to control this behavior.
  _warn_prf(average, modifier, f"{metric.capitalize()} is", len(result))

2025-03-08 14:24:22,569:WARNING:D:\Anaconda\envs\python_311_env\Lib\site-packages\sklearn\metrics\_classification.py:1509: UndefinedMetricWarning: Precision is ill-defined and being set to 0.0 due to no predicted samples. Use `zero_division` parameter to control this behavior.
  _warn_prf(average, modifier, f"{metric.capitalize()} is", len(result))

2025-03-08 14:24:22,587:INFO:Calculating mean and std
2025-03-08 14:24:22,587:INFO:Creating metrics dataframe
2025-03-08 14:24:22,589:INFO:Finalizing model
2025-03-08 14:24:26,293:WARNING:D:\Anaconda\envs\python_311_env\Lib\site-packages\sklearn\linear_model\_logistic.py:469: ConvergenceWarning: lbfgs failed to converge (status=1):
STOP: TOTAL NO. of ITERATIONS REACHED LIMIT.

Increase the number of iterations (max_iter) or scale the data as shown in:
    https://scikit-learn.org/stable/modules/preprocessing.html
Please also refer to the documentation for alternative solver options:
    https://scikit-learn.org/stable/modules/linear_model.html#logistic-regression
  n_iter_i = _check_optimize_result(

2025-03-08 14:24:26,294:INFO:Uploading results into container
2025-03-08 14:24:26,295:INFO:Uploading model into container now
2025-03-08 14:24:26,295:INFO:_master_model_container: 16
2025-03-08 14:24:26,295:INFO:_display_container: 4
2025-03-08 14:24:26,296:INFO:LogisticRegression(C=1.0, class_weight=None, dual=False, fit_intercept=True,
                   intercept_scaling=1, l1_ratio=None, max_iter=1000,
                   multi_class='auto', n_jobs=None, penalty='l2',
                   random_state=412, solver='lbfgs', tol=0.0001, verbose=0,
                   warm_start=False)
2025-03-08 14:24:26,296:INFO:create_model() successfully completed......................................
2025-03-08 14:24:26,372:INFO:SubProcess create_model() end ==================================
2025-03-08 14:24:26,373:INFO:LogisticRegression(C=1.0, class_weight=None, dual=False, fit_intercept=True,
                   intercept_scaling=1, l1_ratio=None, max_iter=1000,
                   multi_class='auto', n_jobs=None, penalty='l2',
                   random_state=412, solver='lbfgs', tol=0.0001, verbose=0,
                   warm_start=False) result for Accuracy is 0.9388
2025-03-08 14:24:26,373:INFO:LogisticRegression(C=4.531000000000001, class_weight={}, dual=False,
                   fit_intercept=True, intercept_scaling=1, l1_ratio=None,
                   max_iter=1000, multi_class='auto', n_jobs=None, penalty='l2',
                   random_state=412, solver='lbfgs', tol=0.0001, verbose=0,
                   warm_start=False) result for Accuracy is 0.9388
2025-03-08 14:24:26,373:INFO:LogisticRegression(C=1.0, class_weight=None, dual=False, fit_intercept=True,
                   intercept_scaling=1, l1_ratio=None, max_iter=1000,
                   multi_class='auto', n_jobs=None, penalty='l2',
                   random_state=412, solver='lbfgs', tol=0.0001, verbose=0,
                   warm_start=False) is best model
2025-03-08 14:24:26,373:INFO:choose_better completed
2025-03-08 14:24:26,374:INFO:Original model was better than the tuned model, hence it will be returned. NOTE: The display metrics are for the tuned model (not the original one).
2025-03-08 14:24:26,380:INFO:_master_model_container: 16
2025-03-08 14:24:26,380:INFO:_display_container: 3
2025-03-08 14:24:26,380:INFO:LogisticRegression(C=1.0, class_weight=None, dual=False, fit_intercept=True,
                   intercept_scaling=1, l1_ratio=None, max_iter=1000,
                   multi_class='auto', n_jobs=None, penalty='l2',
                   random_state=412, solver='lbfgs', tol=0.0001, verbose=0,
                   warm_start=False)
2025-03-08 14:24:26,381:INFO:tune_model() successfully completed......................................
2025-03-08 14:24:26,463:INFO:Initializing evaluate_model()
2025-03-08 14:24:26,463:INFO:evaluate_model(self=<pycaret.classification.oop.ClassificationExperiment object at 0x000001EAF19B7A10>, estimator=LogisticRegression(C=1.0, class_weight=None, dual=False, fit_intercept=True,
                   intercept_scaling=1, l1_ratio=None, max_iter=1000,
                   multi_class='auto', n_jobs=None, penalty='l2',
                   random_state=412, solver='lbfgs', tol=0.0001, verbose=0,
                   warm_start=False), fold=None, fit_kwargs=None, plot_kwargs=None, feature_name=None, groups=None)
2025-03-08 14:24:26,485:INFO:Initializing plot_model()
2025-03-08 14:24:26,485:INFO:plot_model(self=<pycaret.classification.oop.ClassificationExperiment object at 0x000001EAF19B7A10>, estimator=LogisticRegression(C=1.0, class_weight=None, dual=False, fit_intercept=True,
                   intercept_scaling=1, l1_ratio=None, max_iter=1000,
                   multi_class='auto', n_jobs=None, penalty='l2',
                   random_state=412, solver='lbfgs', tol=0.0001, verbose=0,
                   warm_start=False), plot=pipeline, scale=1, save=False, fold=StratifiedKFold(n_splits=10, random_state=None, shuffle=False), fit_kwargs={}, plot_kwargs=None, groups=None, feature_name=None, label=False, verbose=False, system=True, display=None, display_format=None)
2025-03-08 14:24:26,485:INFO:Checking exceptions
2025-03-08 14:24:26,495:INFO:Preloading libraries
2025-03-08 14:24:26,495:INFO:Copying training dataset
2025-03-08 14:24:26,495:INFO:Plot type: pipeline
2025-03-08 14:24:26,619:INFO:Visual Rendered Successfully
2025-03-08 14:24:26,698:INFO:plot_model() successfully completed......................................
2025-03-08 14:24:26,703:INFO:Initializing predict_model()
2025-03-08 14:24:26,703:INFO:predict_model(self=<pycaret.classification.oop.ClassificationExperiment object at 0x000001EAF19B7A10>, estimator=LogisticRegression(C=1.0, class_weight=None, dual=False, fit_intercept=True,
                   intercept_scaling=1, l1_ratio=None, max_iter=1000,
                   multi_class='auto', n_jobs=None, penalty='l2',
                   random_state=412, solver='lbfgs', tol=0.0001, verbose=0,
                   warm_start=False), probability_threshold=None, encoded_labels=False, raw_score=False, round=4, verbose=True, ml_usecase=None, preprocess=True, encode_labels=<function _SupervisedExperiment.predict_model.<locals>.encode_labels at 0x000001EAAB543CE0>)
2025-03-08 14:24:26,703:INFO:Checking exceptions
2025-03-08 14:24:26,704:INFO:Preloading libraries
2025-03-08 14:24:26,827:WARNING:D:\Anaconda\envs\python_311_env\Lib\site-packages\sklearn\metrics\_classification.py:1509: UndefinedMetricWarning: Precision is ill-defined and being set to 0.0 due to no predicted samples. Use `zero_division` parameter to control this behavior.
  _warn_prf(average, modifier, f"{metric.capitalize()} is", len(result))

2025-03-08 14:24:26,952:INFO:Initializing finalize_model()
2025-03-08 14:24:26,952:INFO:finalize_model(self=<pycaret.classification.oop.ClassificationExperiment object at 0x000001EAF19B7A10>, estimator=LogisticRegression(C=1.0, class_weight=None, dual=False, fit_intercept=True,
                   intercept_scaling=1, l1_ratio=None, max_iter=1000,
                   multi_class='auto', n_jobs=None, penalty='l2',
                   random_state=412, solver='lbfgs', tol=0.0001, verbose=0,
                   warm_start=False), fit_kwargs=None, groups=None, model_only=False, experiment_custom_tags=None)
2025-03-08 14:24:26,952:INFO:Finalizing LogisticRegression(C=1.0, class_weight=None, dual=False, fit_intercept=True,
                   intercept_scaling=1, l1_ratio=None, max_iter=1000,
                   multi_class='auto', n_jobs=None, penalty='l2',
                   random_state=412, solver='lbfgs', tol=0.0001, verbose=0,
                   warm_start=False)
2025-03-08 14:24:26,961:INFO:Initializing create_model()
2025-03-08 14:24:26,961:INFO:create_model(self=<pycaret.classification.oop.ClassificationExperiment object at 0x000001EAF19B7A10>, estimator=LogisticRegression(C=1.0, class_weight=None, dual=False, fit_intercept=True,
                   intercept_scaling=1, l1_ratio=None, max_iter=1000,
                   multi_class='auto', n_jobs=None, penalty='l2',
                   random_state=412, solver='lbfgs', tol=0.0001, verbose=0,
                   warm_start=False), fold=None, round=4, cross_validation=False, predict=False, fit_kwargs={}, groups=None, refit=True, probability_threshold=None, experiment_custom_tags=None, verbose=False, system=False, add_to_model_list=False, metrics=None, display=None, model_only=False, return_train_score=False, error_score=0.0, kwargs={})
2025-03-08 14:24:26,961:INFO:Checking exceptions
2025-03-08 14:24:26,962:INFO:Importing libraries
2025-03-08 14:24:26,963:INFO:Copying training dataset
2025-03-08 14:24:26,963:INFO:Defining folds
2025-03-08 14:24:26,964:INFO:Declaring metric variables
2025-03-08 14:24:26,964:INFO:Importing untrained model
2025-03-08 14:24:26,964:INFO:Declaring custom model
2025-03-08 14:24:26,964:INFO:Logistic Regression Imported successfully
2025-03-08 14:24:26,966:INFO:Cross validation set to False
2025-03-08 14:24:26,966:INFO:Fitting Model
2025-03-08 14:24:32,875:WARNING:D:\Anaconda\envs\python_311_env\Lib\site-packages\sklearn\linear_model\_logistic.py:469: ConvergenceWarning: lbfgs failed to converge (status=1):
STOP: TOTAL NO. of ITERATIONS REACHED LIMIT.

Increase the number of iterations (max_iter) or scale the data as shown in:
    https://scikit-learn.org/stable/modules/preprocessing.html
Please also refer to the documentation for alternative solver options:
    https://scikit-learn.org/stable/modules/linear_model.html#logistic-regression
  n_iter_i = _check_optimize_result(

2025-03-08 14:24:32,905:INFO:Pipeline(memory=Memory(location=None),
         steps=[('numerical_imputer',
                 TransformerWrapper(exclude=None,
                                    include=['qtd_filhos', 'idade',
                                             'tempo_emprego',
                                             'qt_pessoas_residencia', 'renda'],
                                    transformer=SimpleImputer(add_indicator=False,
                                                              copy=True,
                                                              fill_value=None,
                                                              keep_empty_features=False,
                                                              missing_values=nan,
                                                              strategy='mean'))),
                ('categorical_imputer',
                 TransformerWra...
                                                              handle_missing='return_nan',
                                                              handle_unknown='value',
                                                              return_df=True,
                                                              use_cat_names=True,
                                                              verbose=0))),
                ('actual_estimator',
                 LogisticRegression(C=1.0, class_weight=None, dual=False,
                                    fit_intercept=True, intercept_scaling=1,
                                    l1_ratio=None, max_iter=1000,
                                    multi_class='auto', n_jobs=None,
                                    penalty='l2', random_state=412,
                                    solver='lbfgs', tol=0.0001, verbose=0,
                                    warm_start=False))],
         verbose=False)
2025-03-08 14:24:32,905:INFO:create_model() successfully completed......................................
2025-03-08 14:24:32,983:INFO:_master_model_container: 16
2025-03-08 14:24:32,983:INFO:_display_container: 4
2025-03-08 14:24:33,010:INFO:Pipeline(memory=Memory(location=None),
         steps=[('numerical_imputer',
                 TransformerWrapper(exclude=None,
                                    include=['qtd_filhos', 'idade',
                                             'tempo_emprego',
                                             'qt_pessoas_residencia', 'renda'],
                                    transformer=SimpleImputer(add_indicator=False,
                                                              copy=True,
                                                              fill_value=None,
                                                              keep_empty_features=False,
                                                              missing_values=nan,
                                                              strategy='mean'))),
                ('categorical_imputer',
                 TransformerWra...
                                                              handle_missing='return_nan',
                                                              handle_unknown='value',
                                                              return_df=True,
                                                              use_cat_names=True,
                                                              verbose=0))),
                ('actual_estimator',
                 LogisticRegression(C=1.0, class_weight=None, dual=False,
                                    fit_intercept=True, intercept_scaling=1,
                                    l1_ratio=None, max_iter=1000,
                                    multi_class='auto', n_jobs=None,
                                    penalty='l2', random_state=412,
                                    solver='lbfgs', tol=0.0001, verbose=0,
                                    warm_start=False))],
         verbose=False)
2025-03-08 14:24:33,010:INFO:finalize_model() successfully completed......................................
2025-03-08 14:24:33,150:INFO:Initializing predict_model()
2025-03-08 14:24:33,150:INFO:predict_model(self=<pycaret.classification.oop.ClassificationExperiment object at 0x000001EAF19B7A10>, estimator=Pipeline(memory=Memory(location=None),
         steps=[('numerical_imputer',
                 TransformerWrapper(exclude=None,
                                    include=['qtd_filhos', 'idade',
                                             'tempo_emprego',
                                             'qt_pessoas_residencia', 'renda'],
                                    transformer=SimpleImputer(add_indicator=False,
                                                              copy=True,
                                                              fill_value=None,
                                                              keep_empty_features=False,
                                                              missing_values=nan,
                                                              strategy='mean'))),
                ('categorical_imputer',
                 TransformerWra...
                                                              handle_missing='return_nan',
                                                              handle_unknown='value',
                                                              return_df=True,
                                                              use_cat_names=True,
                                                              verbose=0))),
                ('actual_estimator',
                 LogisticRegression(C=1.0, class_weight=None, dual=False,
                                    fit_intercept=True, intercept_scaling=1,
                                    l1_ratio=None, max_iter=1000,
                                    multi_class='auto', n_jobs=None,
                                    penalty='l2', random_state=412,
                                    solver='lbfgs', tol=0.0001, verbose=0,
                                    warm_start=False))],
         verbose=False), probability_threshold=None, encoded_labels=False, raw_score=False, round=4, verbose=True, ml_usecase=None, preprocess=True, encode_labels=<function _SupervisedExperiment.predict_model.<locals>.encode_labels at 0x000001EAAA358040>)
2025-03-08 14:24:33,150:INFO:Checking exceptions
2025-03-08 14:24:33,151:INFO:Preloading libraries
2025-03-08 14:24:33,273:WARNING:D:\Anaconda\envs\python_311_env\Lib\site-packages\sklearn\metrics\_classification.py:1509: UndefinedMetricWarning: Precision is ill-defined and being set to 0.0 due to no predicted samples. Use `zero_division` parameter to control this behavior.
  _warn_prf(average, modifier, f"{metric.capitalize()} is", len(result))

2025-03-08 14:24:33,428:INFO:Initializing predict_model()
2025-03-08 14:24:33,429:INFO:predict_model(self=<pycaret.classification.oop.ClassificationExperiment object at 0x000001EAF19B7A10>, estimator=Pipeline(memory=Memory(location=None),
         steps=[('numerical_imputer',
                 TransformerWrapper(exclude=None,
                                    include=['qtd_filhos', 'idade',
                                             'tempo_emprego',
                                             'qt_pessoas_residencia', 'renda'],
                                    transformer=SimpleImputer(add_indicator=False,
                                                              copy=True,
                                                              fill_value=None,
                                                              keep_empty_features=False,
                                                              missing_values=nan,
                                                              strategy='mean'))),
                ('categorical_imputer',
                 TransformerWra...
                                                              handle_missing='return_nan',
                                                              handle_unknown='value',
                                                              return_df=True,
                                                              use_cat_names=True,
                                                              verbose=0))),
                ('actual_estimator',
                 LogisticRegression(C=1.0, class_weight=None, dual=False,
                                    fit_intercept=True, intercept_scaling=1,
                                    l1_ratio=None, max_iter=1000,
                                    multi_class='auto', n_jobs=None,
                                    penalty='l2', random_state=412,
                                    solver='lbfgs', tol=0.0001, verbose=0,
                                    warm_start=False))],
         verbose=False), probability_threshold=None, encoded_labels=False, raw_score=False, round=4, verbose=True, ml_usecase=None, preprocess=True, encode_labels=<function _SupervisedExperiment.predict_model.<locals>.encode_labels at 0x000001EAAA358360>)
2025-03-08 14:24:33,429:INFO:Checking exceptions
2025-03-08 14:24:33,429:INFO:Preloading libraries
2025-03-08 14:24:33,430:INFO:Set up data.
2025-03-08 14:24:33,503:INFO:Set up index.
2025-03-08 14:24:33,990:WARNING:D:\Anaconda\envs\python_311_env\Lib\site-packages\sklearn\metrics\_classification.py:1509: UndefinedMetricWarning: Precision is ill-defined and being set to 0.0 due to no predicted samples. Use `zero_division` parameter to control this behavior.
  _warn_prf(average, modifier, f"{metric.capitalize()} is", len(result))

2025-03-08 14:30:45,527:INFO:gpu_param set to False
2025-03-08 14:30:45,587:WARNING:
'xgboost' is a soft dependency and not included in the pycaret installation. Please run: `pip install xgboost` to install.
Alternately, you can install this by running `pip install pycaret[models]`
2025-03-08 14:30:45,587:WARNING:
'catboost' is a soft dependency and not included in the pycaret installation. Please run: `pip install catboost` to install.
Alternately, you can install this by running `pip install pycaret[models]`
2025-03-08 14:30:45,646:WARNING:
'xgboost' is a soft dependency and not included in the pycaret installation. Please run: `pip install xgboost` to install.
Alternately, you can install this by running `pip install pycaret[models]`
2025-03-08 14:30:45,646:WARNING:
'catboost' is a soft dependency and not included in the pycaret installation. Please run: `pip install catboost` to install.
Alternately, you can install this by running `pip install pycaret[models]`
2025-03-08 14:31:23,518:INFO:Initializing create_model()
2025-03-08 14:31:23,518:INFO:create_model(self=<pycaret.classification.oop.ClassificationExperiment object at 0x000001EAF19B7A10>, estimator=lightgbm, fold=5, round=4, cross_validation=True, predict=True, fit_kwargs=None, groups=None, refit=True, probability_threshold=None, experiment_custom_tags=None, verbose=True, system=True, add_to_model_list=True, metrics=None, display=None, model_only=True, return_train_score=False, error_score=0.0, kwargs={})
2025-03-08 14:31:23,518:INFO:Checking exceptions
2025-03-08 14:31:23,529:INFO:Importing libraries
2025-03-08 14:31:23,529:INFO:Copying training dataset
2025-03-08 14:31:23,555:INFO:Defining folds
2025-03-08 14:31:23,556:INFO:Declaring metric variables
2025-03-08 14:31:23,558:INFO:Importing untrained model
2025-03-08 14:31:23,560:INFO:Light Gradient Boosting Machine Imported successfully
2025-03-08 14:31:23,565:INFO:Starting cross validation
2025-03-08 14:31:23,566:INFO:Cross validating with StratifiedKFold(n_splits=5, random_state=None, shuffle=False), n_jobs=-1
2025-03-08 14:31:27,981:INFO:Calculating mean and std
2025-03-08 14:31:27,982:INFO:Creating metrics dataframe
2025-03-08 14:31:27,987:INFO:Finalizing model
2025-03-08 14:31:28,465:INFO:[LightGBM] [Warning] Found whitespace in feature_names, replace with underlines
2025-03-08 14:31:28,466:INFO:[LightGBM] [Info] Number of positive: 5145, number of negative: 78855
2025-03-08 14:31:28,473:INFO:[LightGBM] [Info] Auto-choosing row-wise multi-threading, the overhead of testing was 0.002272 seconds.
2025-03-08 14:31:28,473:INFO:You can set `force_row_wise=true` to remove the overhead.
2025-03-08 14:31:28,473:INFO:And if memory is not enough, you can set `force_col_wise=true`.
2025-03-08 14:31:28,473:INFO:[LightGBM] [Info] Total Bins 624
2025-03-08 14:31:28,474:INFO:[LightGBM] [Info] Number of data points in the train set: 84000, number of used features: 29
2025-03-08 14:31:28,474:INFO:[LightGBM] [Info] [binary:BoostFromScore]: pavg=0.061250 -> initscore=-2.729585
2025-03-08 14:31:28,474:INFO:[LightGBM] [Info] Start training from score -2.729585
2025-03-08 14:31:28,602:INFO:Uploading results into container
2025-03-08 14:31:28,603:INFO:Uploading model into container now
2025-03-08 14:31:28,611:INFO:_master_model_container: 17
2025-03-08 14:31:28,611:INFO:_display_container: 7
2025-03-08 14:31:28,612:INFO:LGBMClassifier(boosting_type='gbdt', class_weight=None, colsample_bytree=1.0,
               importance_type='split', learning_rate=0.1, max_depth=-1,
               min_child_samples=20, min_child_weight=0.001, min_split_gain=0.0,
               n_estimators=100, n_jobs=-1, num_leaves=31, objective=None,
               random_state=412, reg_alpha=0.0, reg_lambda=0.0, subsample=1.0,
               subsample_for_bin=200000, subsample_freq=0)
2025-03-08 14:31:28,612:INFO:create_model() successfully completed......................................
2025-03-08 14:31:51,208:INFO:Initializing tune_model()
2025-03-08 14:31:51,208:INFO:tune_model(self=<pycaret.classification.oop.ClassificationExperiment object at 0x000001EAF19B7A10>, estimator=LGBMClassifier(boosting_type='gbdt', class_weight=None, colsample_bytree=1.0,
               importance_type='split', learning_rate=0.1, max_depth=-1,
               min_child_samples=20, min_child_weight=0.001, min_split_gain=0.0,
               n_estimators=100, n_jobs=-1, num_leaves=31, objective=None,
               random_state=412, reg_alpha=0.0, reg_lambda=0.0, subsample=1.0,
               subsample_for_bin=200000, subsample_freq=0), fold=5, round=4, n_iter=10, custom_grid=None, optimize=Accuracy, custom_scorer=None, search_library=scikit-learn, search_algorithm=None, early_stopping=False, early_stopping_max_iters=10, choose_better=True, fit_kwargs=None, groups=None, return_tuner=False, verbose=True, tuner_verbose=True, return_train_score=False, kwargs={})
2025-03-08 14:31:51,208:INFO:Checking exceptions
2025-03-08 14:31:51,227:INFO:Copying training dataset
2025-03-08 14:31:51,249:INFO:Checking base model
2025-03-08 14:31:51,249:INFO:Base model : Light Gradient Boosting Machine
2025-03-08 14:31:51,252:INFO:Declaring metric variables
2025-03-08 14:31:51,255:INFO:Defining Hyperparameters
2025-03-08 14:31:51,341:INFO:Tuning with n_jobs=-1
2025-03-08 14:31:51,341:INFO:Initializing RandomizedSearchCV
2025-03-08 14:32:19,967:INFO:best_params: {'actual_estimator__reg_lambda': 0.15, 'actual_estimator__reg_alpha': 0.0001, 'actual_estimator__num_leaves': 20, 'actual_estimator__n_estimators': 250, 'actual_estimator__min_split_gain': 0, 'actual_estimator__min_child_samples': 66, 'actual_estimator__learning_rate': 0.05, 'actual_estimator__feature_fraction': 0.9, 'actual_estimator__bagging_freq': 0, 'actual_estimator__bagging_fraction': 0.8}
2025-03-08 14:32:19,968:INFO:Hyperparameter search completed
2025-03-08 14:32:19,968:INFO:SubProcess create_model() called ==================================
2025-03-08 14:32:19,969:INFO:Initializing create_model()
2025-03-08 14:32:19,969:INFO:create_model(self=<pycaret.classification.oop.ClassificationExperiment object at 0x000001EAF19B7A10>, estimator=LGBMClassifier(boosting_type='gbdt', class_weight=None, colsample_bytree=1.0,
               importance_type='split', learning_rate=0.1, max_depth=-1,
               min_child_samples=20, min_child_weight=0.001, min_split_gain=0.0,
               n_estimators=100, n_jobs=-1, num_leaves=31, objective=None,
               random_state=412, reg_alpha=0.0, reg_lambda=0.0, subsample=1.0,
               subsample_for_bin=200000, subsample_freq=0), fold=StratifiedKFold(n_splits=5, random_state=None, shuffle=False), round=4, cross_validation=True, predict=True, fit_kwargs={}, groups=None, refit=True, probability_threshold=None, experiment_custom_tags=None, verbose=True, system=False, add_to_model_list=True, metrics=None, display=<pycaret.internal.display.display.CommonDisplay object at 0x000001EAF18E8210>, model_only=True, return_train_score=False, error_score=0.0, kwargs={'reg_lambda': 0.15, 'reg_alpha': 0.0001, 'num_leaves': 20, 'n_estimators': 250, 'min_split_gain': 0, 'min_child_samples': 66, 'learning_rate': 0.05, 'feature_fraction': 0.9, 'bagging_freq': 0, 'bagging_fraction': 0.8})
2025-03-08 14:32:19,969:INFO:Checking exceptions
2025-03-08 14:32:19,969:INFO:Importing libraries
2025-03-08 14:32:19,969:INFO:Copying training dataset
2025-03-08 14:32:20,008:INFO:Defining folds
2025-03-08 14:32:20,008:INFO:Declaring metric variables
2025-03-08 14:32:20,012:INFO:Importing untrained model
2025-03-08 14:32:20,012:INFO:Declaring custom model
2025-03-08 14:32:20,017:INFO:Light Gradient Boosting Machine Imported successfully
2025-03-08 14:32:20,023:INFO:Starting cross validation
2025-03-08 14:32:20,026:INFO:Cross validating with StratifiedKFold(n_splits=5, random_state=None, shuffle=False), n_jobs=-1
2025-03-08 14:32:21,987:INFO:Calculating mean and std
2025-03-08 14:32:21,988:INFO:Creating metrics dataframe
2025-03-08 14:32:21,993:INFO:Finalizing model
2025-03-08 14:32:22,460:INFO:[LightGBM] [Warning] feature_fraction is set=0.9, colsample_bytree=1.0 will be ignored. Current value: feature_fraction=0.9
2025-03-08 14:32:22,460:INFO:[LightGBM] [Warning] bagging_fraction is set=0.8, subsample=1.0 will be ignored. Current value: bagging_fraction=0.8
2025-03-08 14:32:22,460:INFO:[LightGBM] [Warning] bagging_freq is set=0, subsample_freq=0 will be ignored. Current value: bagging_freq=0
2025-03-08 14:32:22,498:INFO:[LightGBM] [Warning] Found whitespace in feature_names, replace with underlines
2025-03-08 14:32:22,500:INFO:[LightGBM] [Warning] feature_fraction is set=0.9, colsample_bytree=1.0 will be ignored. Current value: feature_fraction=0.9
2025-03-08 14:32:22,500:INFO:[LightGBM] [Warning] bagging_fraction is set=0.8, subsample=1.0 will be ignored. Current value: bagging_fraction=0.8
2025-03-08 14:32:22,500:INFO:[LightGBM] [Warning] bagging_freq is set=0, subsample_freq=0 will be ignored. Current value: bagging_freq=0
2025-03-08 14:32:22,500:INFO:[LightGBM] [Info] Number of positive: 5145, number of negative: 78855
2025-03-08 14:32:22,509:INFO:[LightGBM] [Info] Auto-choosing row-wise multi-threading, the overhead of testing was 0.002133 seconds.
2025-03-08 14:32:22,509:INFO:You can set `force_row_wise=true` to remove the overhead.
2025-03-08 14:32:22,509:INFO:And if memory is not enough, you can set `force_col_wise=true`.
2025-03-08 14:32:22,509:INFO:[LightGBM] [Info] Total Bins 622
2025-03-08 14:32:22,509:INFO:[LightGBM] [Info] Number of data points in the train set: 84000, number of used features: 28
2025-03-08 14:32:22,510:INFO:[LightGBM] [Info] [binary:BoostFromScore]: pavg=0.061250 -> initscore=-2.729585
2025-03-08 14:32:22,510:INFO:[LightGBM] [Info] Start training from score -2.729585
2025-03-08 14:32:22,726:INFO:Uploading results into container
2025-03-08 14:32:22,726:INFO:Uploading model into container now
2025-03-08 14:32:22,727:INFO:_master_model_container: 18
2025-03-08 14:32:22,727:INFO:_display_container: 8
2025-03-08 14:32:22,728:INFO:LGBMClassifier(bagging_fraction=0.8, bagging_freq=0, boosting_type='gbdt',
               class_weight=None, colsample_bytree=1.0, feature_fraction=0.9,
               importance_type='split', learning_rate=0.05, max_depth=-1,
               min_child_samples=66, min_child_weight=0.001, min_split_gain=0,
               n_estimators=250, n_jobs=-1, num_leaves=20, objective=None,
               random_state=412, reg_alpha=0.0001, reg_lambda=0.15,
               subsample=1.0, subsample_for_bin=200000, subsample_freq=0)
2025-03-08 14:32:22,728:INFO:create_model() successfully completed......................................
2025-03-08 14:32:22,831:INFO:SubProcess create_model() end ==================================
2025-03-08 14:32:22,831:INFO:choose_better activated
2025-03-08 14:32:22,834:INFO:SubProcess create_model() called ==================================
2025-03-08 14:32:22,834:INFO:Initializing create_model()
2025-03-08 14:32:22,835:INFO:create_model(self=<pycaret.classification.oop.ClassificationExperiment object at 0x000001EAF19B7A10>, estimator=LGBMClassifier(boosting_type='gbdt', class_weight=None, colsample_bytree=1.0,
               importance_type='split', learning_rate=0.1, max_depth=-1,
               min_child_samples=20, min_child_weight=0.001, min_split_gain=0.0,
               n_estimators=100, n_jobs=-1, num_leaves=31, objective=None,
               random_state=412, reg_alpha=0.0, reg_lambda=0.0, subsample=1.0,
               subsample_for_bin=200000, subsample_freq=0), fold=StratifiedKFold(n_splits=5, random_state=None, shuffle=False), round=4, cross_validation=True, predict=True, fit_kwargs={}, groups=None, refit=True, probability_threshold=None, experiment_custom_tags=None, verbose=False, system=False, add_to_model_list=True, metrics=None, display=None, model_only=True, return_train_score=False, error_score=0.0, kwargs={})
2025-03-08 14:32:22,835:INFO:Checking exceptions
2025-03-08 14:32:22,836:INFO:Importing libraries
2025-03-08 14:32:22,836:INFO:Copying training dataset
2025-03-08 14:32:22,870:INFO:Defining folds
2025-03-08 14:32:22,870:INFO:Declaring metric variables
2025-03-08 14:32:22,870:INFO:Importing untrained model
2025-03-08 14:32:22,871:INFO:Declaring custom model
2025-03-08 14:32:22,872:INFO:Light Gradient Boosting Machine Imported successfully
2025-03-08 14:32:22,873:INFO:Starting cross validation
2025-03-08 14:32:22,875:INFO:Cross validating with StratifiedKFold(n_splits=5, random_state=None, shuffle=False), n_jobs=-1
2025-03-08 14:32:24,332:INFO:Calculating mean and std
2025-03-08 14:32:24,333:INFO:Creating metrics dataframe
2025-03-08 14:32:24,334:INFO:Finalizing model
2025-03-08 14:32:24,828:INFO:[LightGBM] [Warning] Found whitespace in feature_names, replace with underlines
2025-03-08 14:32:24,830:INFO:[LightGBM] [Info] Number of positive: 5145, number of negative: 78855
2025-03-08 14:32:24,840:INFO:[LightGBM] [Info] Auto-choosing row-wise multi-threading, the overhead of testing was 0.002733 seconds.
2025-03-08 14:32:24,840:INFO:You can set `force_row_wise=true` to remove the overhead.
2025-03-08 14:32:24,840:INFO:And if memory is not enough, you can set `force_col_wise=true`.
2025-03-08 14:32:24,840:INFO:[LightGBM] [Info] Total Bins 624
2025-03-08 14:32:24,840:INFO:[LightGBM] [Info] Number of data points in the train set: 84000, number of used features: 29
2025-03-08 14:32:24,840:INFO:[LightGBM] [Info] [binary:BoostFromScore]: pavg=0.061250 -> initscore=-2.729585
2025-03-08 14:32:24,840:INFO:[LightGBM] [Info] Start training from score -2.729585
2025-03-08 14:32:24,957:INFO:Uploading results into container
2025-03-08 14:32:24,958:INFO:Uploading model into container now
2025-03-08 14:32:24,958:INFO:_master_model_container: 19
2025-03-08 14:32:24,959:INFO:_display_container: 9
2025-03-08 14:32:24,959:INFO:LGBMClassifier(boosting_type='gbdt', class_weight=None, colsample_bytree=1.0,
               importance_type='split', learning_rate=0.1, max_depth=-1,
               min_child_samples=20, min_child_weight=0.001, min_split_gain=0.0,
               n_estimators=100, n_jobs=-1, num_leaves=31, objective=None,
               random_state=412, reg_alpha=0.0, reg_lambda=0.0, subsample=1.0,
               subsample_for_bin=200000, subsample_freq=0)
2025-03-08 14:32:24,959:INFO:create_model() successfully completed......................................
2025-03-08 14:32:25,065:INFO:SubProcess create_model() end ==================================
2025-03-08 14:32:25,065:INFO:LGBMClassifier(boosting_type='gbdt', class_weight=None, colsample_bytree=1.0,
               importance_type='split', learning_rate=0.1, max_depth=-1,
               min_child_samples=20, min_child_weight=0.001, min_split_gain=0.0,
               n_estimators=100, n_jobs=-1, num_leaves=31, objective=None,
               random_state=412, reg_alpha=0.0, reg_lambda=0.0, subsample=1.0,
               subsample_for_bin=200000, subsample_freq=0) result for Accuracy is 0.9384
2025-03-08 14:32:25,066:INFO:LGBMClassifier(bagging_fraction=0.8, bagging_freq=0, boosting_type='gbdt',
               class_weight=None, colsample_bytree=1.0, feature_fraction=0.9,
               importance_type='split', learning_rate=0.05, max_depth=-1,
               min_child_samples=66, min_child_weight=0.001, min_split_gain=0,
               n_estimators=250, n_jobs=-1, num_leaves=20, objective=None,
               random_state=412, reg_alpha=0.0001, reg_lambda=0.15,
               subsample=1.0, subsample_for_bin=200000, subsample_freq=0) result for Accuracy is 0.9388
2025-03-08 14:32:25,066:INFO:LGBMClassifier(bagging_fraction=0.8, bagging_freq=0, boosting_type='gbdt',
               class_weight=None, colsample_bytree=1.0, feature_fraction=0.9,
               importance_type='split', learning_rate=0.05, max_depth=-1,
               min_child_samples=66, min_child_weight=0.001, min_split_gain=0,
               n_estimators=250, n_jobs=-1, num_leaves=20, objective=None,
               random_state=412, reg_alpha=0.0001, reg_lambda=0.15,
               subsample=1.0, subsample_for_bin=200000, subsample_freq=0) is best model
2025-03-08 14:32:25,067:INFO:choose_better completed
2025-03-08 14:32:25,073:INFO:_master_model_container: 19
2025-03-08 14:32:25,073:INFO:_display_container: 8
2025-03-08 14:32:25,073:INFO:LGBMClassifier(bagging_fraction=0.8, bagging_freq=0, boosting_type='gbdt',
               class_weight=None, colsample_bytree=1.0, feature_fraction=0.9,
               importance_type='split', learning_rate=0.05, max_depth=-1,
               min_child_samples=66, min_child_weight=0.001, min_split_gain=0,
               n_estimators=250, n_jobs=-1, num_leaves=20, objective=None,
               random_state=412, reg_alpha=0.0001, reg_lambda=0.15,
               subsample=1.0, subsample_for_bin=200000, subsample_freq=0)
2025-03-08 14:32:25,074:INFO:tune_model() successfully completed......................................
2025-03-08 14:32:31,326:INFO:Initializing plot_model()
2025-03-08 14:32:31,326:INFO:plot_model(self=<pycaret.classification.oop.ClassificationExperiment object at 0x000001EAF19B7A10>, estimator=LGBMClassifier(bagging_fraction=0.8, bagging_freq=0, boosting_type='gbdt',
               class_weight=None, colsample_bytree=1.0, feature_fraction=0.9,
               importance_type='split', learning_rate=0.05, max_depth=-1,
               min_child_samples=66, min_child_weight=0.001, min_split_gain=0,
               n_estimators=250, n_jobs=-1, num_leaves=20, objective=None,
               random_state=412, reg_alpha=0.0001, reg_lambda=0.15,
               subsample=1.0, subsample_for_bin=200000, subsample_freq=0), plot=cm, scale=1, save=False, fold=None, fit_kwargs=None, plot_kwargs=None, groups=None, feature_name=None, label=False, verbose=True, system=True, display=None, display_format=None)
2025-03-08 14:32:31,327:INFO:Checking exceptions
2025-03-08 14:32:44,568:INFO:Initializing plot_model()
2025-03-08 14:32:44,568:INFO:plot_model(self=<pycaret.classification.oop.ClassificationExperiment object at 0x000001EAF19B7A10>, estimator=LGBMClassifier(bagging_fraction=0.8, bagging_freq=0, boosting_type='gbdt',
               class_weight=None, colsample_bytree=1.0, feature_fraction=0.9,
               importance_type='split', learning_rate=0.05, max_depth=-1,
               min_child_samples=66, min_child_weight=0.001, min_split_gain=0,
               n_estimators=250, n_jobs=-1, num_leaves=20, objective=None,
               random_state=412, reg_alpha=0.0001, reg_lambda=0.15,
               subsample=1.0, subsample_for_bin=200000, subsample_freq=0), plot=confusion_matrix, scale=1, save=False, fold=None, fit_kwargs=None, plot_kwargs=None, groups=None, feature_name=None, label=False, verbose=True, system=True, display=None, display_format=None)
2025-03-08 14:32:44,568:INFO:Checking exceptions
2025-03-08 14:32:44,579:INFO:Preloading libraries
2025-03-08 14:32:44,588:INFO:Copying training dataset
2025-03-08 14:32:44,588:INFO:Plot type: confusion_matrix
2025-03-08 14:32:44,793:INFO:Fitting Model
2025-03-08 14:32:44,794:INFO:Scoring test/hold-out set
2025-03-08 14:32:44,797:INFO:[LightGBM] [Warning] feature_fraction is set=0.9, colsample_bytree=1.0 will be ignored. Current value: feature_fraction=0.9
2025-03-08 14:32:44,797:INFO:[LightGBM] [Warning] bagging_fraction is set=0.8, subsample=1.0 will be ignored. Current value: bagging_fraction=0.8
2025-03-08 14:32:44,797:INFO:[LightGBM] [Warning] bagging_freq is set=0, subsample_freq=0 will be ignored. Current value: bagging_freq=0
2025-03-08 14:32:44,835:INFO:[LightGBM] [Warning] feature_fraction is set=0.9, colsample_bytree=1.0 will be ignored. Current value: feature_fraction=0.9
2025-03-08 14:32:44,835:INFO:[LightGBM] [Warning] bagging_fraction is set=0.8, subsample=1.0 will be ignored. Current value: bagging_fraction=0.8
2025-03-08 14:32:44,835:INFO:[LightGBM] [Warning] bagging_freq is set=0, subsample_freq=0 will be ignored. Current value: bagging_freq=0
2025-03-08 14:32:44,981:INFO:Visual Rendered Successfully
2025-03-08 14:32:45,080:INFO:plot_model() successfully completed......................................
2025-03-08 14:33:04,742:INFO:Initializing plot_model()
2025-03-08 14:33:04,742:INFO:plot_model(self=<pycaret.classification.oop.ClassificationExperiment object at 0x000001EAF19B7A10>, estimator=LGBMClassifier(bagging_fraction=0.8, bagging_freq=0, boosting_type='gbdt',
               class_weight=None, colsample_bytree=1.0, feature_fraction=0.9,
               importance_type='split', learning_rate=0.05, max_depth=-1,
               min_child_samples=66, min_child_weight=0.001, min_split_gain=0,
               n_estimators=250, n_jobs=-1, num_leaves=20, objective=None,
               random_state=412, reg_alpha=0.0001, reg_lambda=0.15,
               subsample=1.0, subsample_for_bin=200000, subsample_freq=0), plot=AUC, scale=1, save=False, fold=None, fit_kwargs=None, plot_kwargs=None, groups=None, feature_name=None, label=False, verbose=True, system=True, display=None, display_format=None)
2025-03-08 14:33:04,742:INFO:Checking exceptions
2025-03-08 14:33:07,824:INFO:Initializing plot_model()
2025-03-08 14:33:07,824:INFO:plot_model(self=<pycaret.classification.oop.ClassificationExperiment object at 0x000001EAF19B7A10>, estimator=LGBMClassifier(bagging_fraction=0.8, bagging_freq=0, boosting_type='gbdt',
               class_weight=None, colsample_bytree=1.0, feature_fraction=0.9,
               importance_type='split', learning_rate=0.05, max_depth=-1,
               min_child_samples=66, min_child_weight=0.001, min_split_gain=0,
               n_estimators=250, n_jobs=-1, num_leaves=20, objective=None,
               random_state=412, reg_alpha=0.0001, reg_lambda=0.15,
               subsample=1.0, subsample_for_bin=200000, subsample_freq=0), plot=auc, scale=1, save=False, fold=None, fit_kwargs=None, plot_kwargs=None, groups=None, feature_name=None, label=False, verbose=True, system=True, display=None, display_format=None)
2025-03-08 14:33:07,824:INFO:Checking exceptions
2025-03-08 14:33:07,835:INFO:Preloading libraries
2025-03-08 14:33:07,844:INFO:Copying training dataset
2025-03-08 14:33:07,844:INFO:Plot type: auc
2025-03-08 14:33:08,043:INFO:Fitting Model
2025-03-08 14:33:08,045:INFO:Scoring test/hold-out set
2025-03-08 14:33:08,048:INFO:[LightGBM] [Warning] feature_fraction is set=0.9, colsample_bytree=1.0 will be ignored. Current value: feature_fraction=0.9
2025-03-08 14:33:08,048:INFO:[LightGBM] [Warning] bagging_fraction is set=0.8, subsample=1.0 will be ignored. Current value: bagging_fraction=0.8
2025-03-08 14:33:08,048:INFO:[LightGBM] [Warning] bagging_freq is set=0, subsample_freq=0 will be ignored. Current value: bagging_freq=0
2025-03-08 14:33:08,085:INFO:[LightGBM] [Warning] feature_fraction is set=0.9, colsample_bytree=1.0 will be ignored. Current value: feature_fraction=0.9
2025-03-08 14:33:08,085:INFO:[LightGBM] [Warning] bagging_fraction is set=0.8, subsample=1.0 will be ignored. Current value: bagging_fraction=0.8
2025-03-08 14:33:08,085:INFO:[LightGBM] [Warning] bagging_freq is set=0, subsample_freq=0 will be ignored. Current value: bagging_freq=0
2025-03-08 14:33:08,303:INFO:Visual Rendered Successfully
2025-03-08 14:33:08,403:INFO:plot_model() successfully completed......................................
2025-03-08 14:33:27,239:INFO:Initializing plot_model()
2025-03-08 14:33:27,239:INFO:plot_model(self=<pycaret.classification.oop.ClassificationExperiment object at 0x000001EAF19B7A10>, estimator=LGBMClassifier(bagging_fraction=0.8, bagging_freq=0, boosting_type='gbdt',
               class_weight=None, colsample_bytree=1.0, feature_fraction=0.9,
               importance_type='split', learning_rate=0.05, max_depth=-1,
               min_child_samples=66, min_child_weight=0.001, min_split_gain=0,
               n_estimators=250, n_jobs=-1, num_leaves=20, objective=None,
               random_state=412, reg_alpha=0.0001, reg_lambda=0.15,
               subsample=1.0, subsample_for_bin=200000, subsample_freq=0), plot=pr, scale=1, save=False, fold=None, fit_kwargs=None, plot_kwargs=None, groups=None, feature_name=None, label=False, verbose=True, system=True, display=None, display_format=None)
2025-03-08 14:33:27,239:INFO:Checking exceptions
2025-03-08 14:33:27,250:INFO:Preloading libraries
2025-03-08 14:33:27,259:INFO:Copying training dataset
2025-03-08 14:33:27,259:INFO:Plot type: pr
2025-03-08 14:33:27,455:INFO:Fitting Model
2025-03-08 14:33:27,457:INFO:Scoring test/hold-out set
2025-03-08 14:33:27,460:INFO:[LightGBM] [Warning] feature_fraction is set=0.9, colsample_bytree=1.0 will be ignored. Current value: feature_fraction=0.9
2025-03-08 14:33:27,460:INFO:[LightGBM] [Warning] bagging_fraction is set=0.8, subsample=1.0 will be ignored. Current value: bagging_fraction=0.8
2025-03-08 14:33:27,460:INFO:[LightGBM] [Warning] bagging_freq is set=0, subsample_freq=0 will be ignored. Current value: bagging_freq=0
2025-03-08 14:33:27,496:INFO:[LightGBM] [Warning] feature_fraction is set=0.9, colsample_bytree=1.0 will be ignored. Current value: feature_fraction=0.9
2025-03-08 14:33:27,496:INFO:[LightGBM] [Warning] bagging_fraction is set=0.8, subsample=1.0 will be ignored. Current value: bagging_fraction=0.8
2025-03-08 14:33:27,496:INFO:[LightGBM] [Warning] bagging_freq is set=0, subsample_freq=0 will be ignored. Current value: bagging_freq=0
2025-03-08 14:33:27,684:INFO:Visual Rendered Successfully
2025-03-08 14:33:27,780:INFO:plot_model() successfully completed......................................
2025-03-08 14:33:46,592:INFO:Initializing plot_model()
2025-03-08 14:33:46,592:INFO:plot_model(self=<pycaret.classification.oop.ClassificationExperiment object at 0x000001EAF19B7A10>, estimator=LGBMClassifier(bagging_fraction=0.8, bagging_freq=0, boosting_type='gbdt',
               class_weight=None, colsample_bytree=1.0, feature_fraction=0.9,
               importance_type='split', learning_rate=0.05, max_depth=-1,
               min_child_samples=66, min_child_weight=0.001, min_split_gain=0,
               n_estimators=250, n_jobs=-1, num_leaves=20, objective=None,
               random_state=412, reg_alpha=0.0001, reg_lambda=0.15,
               subsample=1.0, subsample_for_bin=200000, subsample_freq=0), plot=feature, scale=1, save=False, fold=None, fit_kwargs=None, plot_kwargs=None, groups=None, feature_name=None, label=False, verbose=True, system=True, display=None, display_format=None)
2025-03-08 14:33:46,592:INFO:Checking exceptions
2025-03-08 14:33:46,603:INFO:Preloading libraries
2025-03-08 14:33:46,611:INFO:Copying training dataset
2025-03-08 14:33:46,611:INFO:Plot type: feature
2025-03-08 14:33:46,612:WARNING:No coef_ found. Trying feature_importances_
2025-03-08 14:33:46,811:INFO:Visual Rendered Successfully
2025-03-08 14:33:46,906:INFO:plot_model() successfully completed......................................
2025-03-08 14:34:15,816:INFO:Initializing plot_model()
2025-03-08 14:34:15,816:INFO:plot_model(self=<pycaret.classification.oop.ClassificationExperiment object at 0x000001EAF19B7A10>, estimator=LGBMClassifier(bagging_fraction=0.8, bagging_freq=0, boosting_type='gbdt',
               class_weight=None, colsample_bytree=1.0, feature_fraction=0.9,
               importance_type='split', learning_rate=0.05, max_depth=-1,
               min_child_samples=66, min_child_weight=0.001, min_split_gain=0,
               n_estimators=250, n_jobs=-1, num_leaves=20, objective=None,
               random_state=412, reg_alpha=0.0001, reg_lambda=0.15,
               subsample=1.0, subsample_for_bin=200000, subsample_freq=0), plot=accuracy, scale=1, save=False, fold=None, fit_kwargs=None, plot_kwargs=None, groups=None, feature_name=None, label=False, verbose=True, system=True, display=None, display_format=None)
2025-03-08 14:34:15,816:INFO:Checking exceptions
2025-03-08 14:34:25,065:INFO:Initializing predict_model()
2025-03-08 14:34:25,066:INFO:predict_model(self=<pycaret.classification.oop.ClassificationExperiment object at 0x000001EAF19B7A10>, estimator=LGBMClassifier(bagging_fraction=0.8, bagging_freq=0, boosting_type='gbdt',
               class_weight=None, colsample_bytree=1.0, feature_fraction=0.9,
               importance_type='split', learning_rate=0.05, max_depth=-1,
               min_child_samples=66, min_child_weight=0.001, min_split_gain=0,
               n_estimators=250, n_jobs=-1, num_leaves=20, objective=None,
               random_state=412, reg_alpha=0.0001, reg_lambda=0.15,
               subsample=1.0, subsample_for_bin=200000, subsample_freq=0), probability_threshold=None, encoded_labels=False, raw_score=False, round=4, verbose=True, ml_usecase=None, preprocess=True, encode_labels=<function _SupervisedExperiment.predict_model.<locals>.encode_labels at 0x000001EA899887C0>)
2025-03-08 14:34:25,066:INFO:Checking exceptions
2025-03-08 14:34:25,066:INFO:Preloading libraries
2025-03-08 14:34:49,063:INFO:Initializing finalize_model()
2025-03-08 14:34:49,064:INFO:finalize_model(self=<pycaret.classification.oop.ClassificationExperiment object at 0x000001EAF19B7A10>, estimator=LGBMClassifier(bagging_fraction=0.8, bagging_freq=0, boosting_type='gbdt',
               class_weight=None, colsample_bytree=1.0, feature_fraction=0.9,
               importance_type='split', learning_rate=0.05, max_depth=-1,
               min_child_samples=66, min_child_weight=0.001, min_split_gain=0,
               n_estimators=250, n_jobs=-1, num_leaves=20, objective=None,
               random_state=412, reg_alpha=0.0001, reg_lambda=0.15,
               subsample=1.0, subsample_for_bin=200000, subsample_freq=0), fit_kwargs=None, groups=None, model_only=False, experiment_custom_tags=None)
2025-03-08 14:34:49,064:INFO:Finalizing LGBMClassifier(bagging_fraction=0.8, bagging_freq=0, boosting_type='gbdt',
               class_weight=None, colsample_bytree=1.0, feature_fraction=0.9,
               importance_type='split', learning_rate=0.05, max_depth=-1,
               min_child_samples=66, min_child_weight=0.001, min_split_gain=0,
               n_estimators=250, n_jobs=-1, num_leaves=20, objective=None,
               random_state=412, reg_alpha=0.0001, reg_lambda=0.15,
               subsample=1.0, subsample_for_bin=200000, subsample_freq=0)
2025-03-08 14:34:49,073:INFO:Initializing create_model()
2025-03-08 14:34:49,073:INFO:create_model(self=<pycaret.classification.oop.ClassificationExperiment object at 0x000001EAF19B7A10>, estimator=LGBMClassifier(bagging_fraction=0.8, bagging_freq=0, boosting_type='gbdt',
               class_weight=None, colsample_bytree=1.0, feature_fraction=0.9,
               importance_type='split', learning_rate=0.05, max_depth=-1,
               min_child_samples=66, min_child_weight=0.001, min_split_gain=0,
               n_estimators=250, n_jobs=-1, num_leaves=20, objective=None,
               random_state=412, reg_alpha=0.0001, reg_lambda=0.15,
               subsample=1.0, subsample_for_bin=200000, subsample_freq=0), fold=None, round=4, cross_validation=False, predict=False, fit_kwargs={}, groups=None, refit=True, probability_threshold=None, experiment_custom_tags=None, verbose=False, system=False, add_to_model_list=False, metrics=None, display=None, model_only=False, return_train_score=False, error_score=0.0, kwargs={})
2025-03-08 14:34:49,073:INFO:Checking exceptions
2025-03-08 14:34:49,074:INFO:Importing libraries
2025-03-08 14:34:49,074:INFO:Copying training dataset
2025-03-08 14:34:49,076:INFO:Defining folds
2025-03-08 14:34:49,076:INFO:Declaring metric variables
2025-03-08 14:34:49,076:INFO:Importing untrained model
2025-03-08 14:34:49,076:INFO:Declaring custom model
2025-03-08 14:34:49,077:INFO:Light Gradient Boosting Machine Imported successfully
2025-03-08 14:34:49,078:INFO:Cross validation set to False
2025-03-08 14:34:49,078:INFO:Fitting Model
2025-03-08 14:34:49,640:INFO:[LightGBM] [Warning] feature_fraction is set=0.9, colsample_bytree=1.0 will be ignored. Current value: feature_fraction=0.9
2025-03-08 14:34:49,640:INFO:[LightGBM] [Warning] bagging_fraction is set=0.8, subsample=1.0 will be ignored. Current value: bagging_fraction=0.8
2025-03-08 14:34:49,640:INFO:[LightGBM] [Warning] bagging_freq is set=0, subsample_freq=0 will be ignored. Current value: bagging_freq=0
2025-03-08 14:34:49,694:INFO:[LightGBM] [Warning] Found whitespace in feature_names, replace with underlines
2025-03-08 14:34:49,697:INFO:[LightGBM] [Warning] feature_fraction is set=0.9, colsample_bytree=1.0 will be ignored. Current value: feature_fraction=0.9
2025-03-08 14:34:49,697:INFO:[LightGBM] [Warning] bagging_fraction is set=0.8, subsample=1.0 will be ignored. Current value: bagging_fraction=0.8
2025-03-08 14:34:49,697:INFO:[LightGBM] [Warning] bagging_freq is set=0, subsample_freq=0 will be ignored. Current value: bagging_freq=0
2025-03-08 14:34:49,698:INFO:[LightGBM] [Info] Number of positive: 7350, number of negative: 112650
2025-03-08 14:34:49,711:INFO:[LightGBM] [Info] Auto-choosing row-wise multi-threading, the overhead of testing was 0.003826 seconds.
2025-03-08 14:34:49,711:INFO:You can set `force_row_wise=true` to remove the overhead.
2025-03-08 14:34:49,711:INFO:And if memory is not enough, you can set `force_col_wise=true`.
2025-03-08 14:34:49,711:INFO:[LightGBM] [Info] Total Bins 622
2025-03-08 14:34:49,711:INFO:[LightGBM] [Info] Number of data points in the train set: 120000, number of used features: 28
2025-03-08 14:34:49,712:INFO:[LightGBM] [Info] [binary:BoostFromScore]: pavg=0.061250 -> initscore=-2.729585
2025-03-08 14:34:49,712:INFO:[LightGBM] [Info] Start training from score -2.729585
2025-03-08 14:34:50,010:INFO:Pipeline(memory=Memory(location=None),
         steps=[('numerical_imputer',
                 TransformerWrapper(exclude=None,
                                    include=['qtd_filhos', 'idade',
                                             'tempo_emprego',
                                             'qt_pessoas_residencia', 'renda'],
                                    transformer=SimpleImputer(add_indicator=False,
                                                              copy=True,
                                                              fill_value=None,
                                                              keep_empty_features=False,
                                                              missing_values=nan,
                                                              strategy='mean'))),
                ('categorical_imputer',
                 TransformerWra...
                                boosting_type='gbdt', class_weight=None,
                                colsample_bytree=1.0, feature_fraction=0.9,
                                importance_type='split', learning_rate=0.05,
                                max_depth=-1, min_child_samples=66,
                                min_child_weight=0.001, min_split_gain=0,
                                n_estimators=250, n_jobs=-1, num_leaves=20,
                                objective=None, random_state=412,
                                reg_alpha=0.0001, reg_lambda=0.15,
                                subsample=1.0, subsample_for_bin=200000,
                                subsample_freq=0))],
         verbose=False)
2025-03-08 14:34:50,010:INFO:create_model() successfully completed......................................
2025-03-08 14:34:50,124:INFO:_master_model_container: 19
2025-03-08 14:34:50,124:INFO:_display_container: 9
2025-03-08 14:34:50,152:INFO:Pipeline(memory=Memory(location=None),
         steps=[('numerical_imputer',
                 TransformerWrapper(exclude=None,
                                    include=['qtd_filhos', 'idade',
                                             'tempo_emprego',
                                             'qt_pessoas_residencia', 'renda'],
                                    transformer=SimpleImputer(add_indicator=False,
                                                              copy=True,
                                                              fill_value=None,
                                                              keep_empty_features=False,
                                                              missing_values=nan,
                                                              strategy='mean'))),
                ('categorical_imputer',
                 TransformerWra...
                                boosting_type='gbdt', class_weight=None,
                                colsample_bytree=1.0, feature_fraction=0.9,
                                importance_type='split', learning_rate=0.05,
                                max_depth=-1, min_child_samples=66,
                                min_child_weight=0.001, min_split_gain=0,
                                n_estimators=250, n_jobs=-1, num_leaves=20,
                                objective=None, random_state=412,
                                reg_alpha=0.0001, reg_lambda=0.15,
                                subsample=1.0, subsample_for_bin=200000,
                                subsample_freq=0))],
         verbose=False)
2025-03-08 14:34:50,152:INFO:finalize_model() successfully completed......................................
2025-03-08 14:34:55,155:INFO:Initializing predict_model()
2025-03-08 14:34:55,155:INFO:predict_model(self=<pycaret.classification.oop.ClassificationExperiment object at 0x000001EAF19B7A10>, estimator=Pipeline(memory=Memory(location=None),
         steps=[('numerical_imputer',
                 TransformerWrapper(exclude=None,
                                    include=['qtd_filhos', 'idade',
                                             'tempo_emprego',
                                             'qt_pessoas_residencia', 'renda'],
                                    transformer=SimpleImputer(add_indicator=False,
                                                              copy=True,
                                                              fill_value=None,
                                                              keep_empty_features=False,
                                                              missing_values=nan,
                                                              strategy='mean'))),
                ('categorical_imputer',
                 TransformerWra...
                                boosting_type='gbdt', class_weight=None,
                                colsample_bytree=1.0, feature_fraction=0.9,
                                importance_type='split', learning_rate=0.05,
                                max_depth=-1, min_child_samples=66,
                                min_child_weight=0.001, min_split_gain=0,
                                n_estimators=250, n_jobs=-1, num_leaves=20,
                                objective=None, random_state=412,
                                reg_alpha=0.0001, reg_lambda=0.15,
                                subsample=1.0, subsample_for_bin=200000,
                                subsample_freq=0))],
         verbose=False), probability_threshold=None, encoded_labels=False, raw_score=False, round=4, verbose=True, ml_usecase=None, preprocess=True, encode_labels=<function _SupervisedExperiment.predict_model.<locals>.encode_labels at 0x000001EABC26AAC0>)
2025-03-08 14:34:55,155:INFO:Checking exceptions
2025-03-08 14:34:55,155:INFO:Preloading libraries
2025-03-08 14:35:08,366:INFO:Initializing predict_model()
2025-03-08 14:35:08,366:INFO:predict_model(self=<pycaret.classification.oop.ClassificationExperiment object at 0x000001EAF19B7A10>, estimator=Pipeline(memory=Memory(location=None),
         steps=[('numerical_imputer',
                 TransformerWrapper(exclude=None,
                                    include=['qtd_filhos', 'idade',
                                             'tempo_emprego',
                                             'qt_pessoas_residencia', 'renda'],
                                    transformer=SimpleImputer(add_indicator=False,
                                                              copy=True,
                                                              fill_value=None,
                                                              keep_empty_features=False,
                                                              missing_values=nan,
                                                              strategy='mean'))),
                ('categorical_imputer',
                 TransformerWra...
                                boosting_type='gbdt', class_weight=None,
                                colsample_bytree=1.0, feature_fraction=0.9,
                                importance_type='split', learning_rate=0.05,
                                max_depth=-1, min_child_samples=66,
                                min_child_weight=0.001, min_split_gain=0,
                                n_estimators=250, n_jobs=-1, num_leaves=20,
                                objective=None, random_state=412,
                                reg_alpha=0.0001, reg_lambda=0.15,
                                subsample=1.0, subsample_for_bin=200000,
                                subsample_freq=0))],
         verbose=False), probability_threshold=None, encoded_labels=False, raw_score=False, round=4, verbose=True, ml_usecase=None, preprocess=True, encode_labels=<function _SupervisedExperiment.predict_model.<locals>.encode_labels at 0x000001EABC26AC00>)
2025-03-08 14:35:08,366:INFO:Checking exceptions
2025-03-08 14:35:08,366:INFO:Preloading libraries
2025-03-08 14:35:08,368:INFO:Set up data.
2025-03-08 14:35:08,447:INFO:Set up index.
